host,planets,pl_R_min,match_gaia_id,rms_dex,sep_deg,match_dist_pc,R_gal_kpc,Z_pc,n_matches
K2-62,"K2-62 c, K2-62 b",1.99,5374548905434283136,0.00503736289777697,164.38765537347462,,,,43157
K2-62,"K2-62 c, K2-62 b",1.99,6502658624485423360,0.00834634729807652,41.19154074487277,729.7344954071417,7.798960346812744,612.8880957735175,43157
K2-62,"K2-62 c, K2-62 b",1.99,3620862596821424768,0.008417475871680465,123.56673356251143,1071.0138964339412,7.587980559353912,890.6204099380155,43157
HD 108236,"HD 108236 f, HD 108236 c, HD 108236 b",1.615,6254753799362605696,0.0042226451498451525,42.314501649330424,1483.8139245061525,6.891778830510534,774.1030366217971,74530
HD 108236,"HD 108236 f, HD 108236 c, HD 108236 b",1.615,6629584288294631680,0.005613634665916252,54.30813349547314,,,,74530
HD 108236,"HD 108236 f, HD 108236 c, HD 108236 b",1.615,4704790915017024768,0.005826683867022253,104.92269720779187,637.3314553339703,7.938318166347826,470.08057914812446,74530
TOI-712,"TOI-712 d, TOI-712 b",2.049,4365030105365366016,0.010457880705372678,91.37690160819744,277.4502720890244,7.873056123454246,116.13777910660079,31929
TOI-712,"TOI-712 d, TOI-712 b",2.049,5302121841132144768,0.013104840394188648,16.22271370849006,,,,31929
TOI-712,"TOI-712 d, TOI-712 b",2.049,2891210565914227712,0.01436905221226402,34.984376554348444,182.61878897104359,8.214912092068646,51.96730960464004,31929
K2-138,"K2-138 b, K2-138 d, K2-138 c",1.51,6137902200384409728,0.004244728833774614,149.56600683109713,342.64155203963145,7.92699747545214,146.27166154945886,18981
K2-138,"K2-138 b, K2-138 d, K2-138 c",1.51,5802451308813874176,0.006608506792552546,109.18534054438443,161.20585338424186,8.009720182267678,34.100451915923195,18981
K2-138,"K2-138 b, K2-138 d, K2-138 c",1.51,5467788758478770432,0.006785967201539145,189.53651534171632,390.7441749779919,8.141618901161015,184.782734394535,18981
WASP-47,WASP-47 e,1.83,6100994073243173760,0.005872645723182024,110.41801964913145,423.7713931466807,7.789127306049164,132.99892663208797,30515
WASP-47,WASP-47 e,1.83,5678332560750614656,0.006213171303310496,185.97557702301833,748.8295311195859,8.386097913934647,301.19986223594657,30515
WASP-47,WASP-47 e,1.83,6225092411621065472,0.006405842469406342,103.44597630868573,501.2270352136956,7.714591457932039,252.21793198050983,30515
K2-338,K2-338 b,1.03,3333401603932765696,0.03713726921146096,37.59590122844708,183.5257662102128,8.292623762990363,14.24643299596805,47
K2-338,K2-338 b,1.03,2640793975187458560,0.050711027285656504,219.29956472956002,829.8332923400716,8.081481404395438,682.5056034472684,47
K2-338,K2-338 b,1.03,606100428987958016,0.05819763556421553,12.499251694218877,219.91868353554108,8.266055541610456,150.5524709735498,47
CoRoT-7,CoRoT-7 b,1.68135,6266758920146014464,0.00890178746831946,135.9405984518727,442.97794788393315,7.743369234449064,246.77843051305496,13561
CoRoT-7,CoRoT-7 b,1.68135,4760399196632288512,0.00902751369734533,65.75617489695685,448.1426148448514,8.116558129691198,238.12325703021003,13561
CoRoT-7,CoRoT-7 b,1.68135,3698910536367172096,0.010188401742038751,80.37164127387572,254.6726853593501,8.103234956572443,242.87907665288216,13561
K2-188,K2-188 b,1.35,3613752089484662272,0.003172280995749516,80.5874102802516,753.4771651092819,7.704808516259789,585.330988490272,137450
K2-188,K2-188 b,1.35,4660559928757353856,0.0052441361531048525,99.60101554821377,259.29465145978014,8.103019486569702,121.22960471626934,137450
K2-188,K2-188 b,1.35,6430524988051980544,0.006012684787786712,179.94893276874282,729.6777067636225,7.576295072357753,373.2852579113483,137450
EPIC 201841433,EPIC 201841433 b,1.04,4075235708300343936,0.0060880533770320995,112.57969897729566,327.3810315210323,7.808792242647626,47.5604233168198,5092
EPIC 201841433,EPIC 201841433 b,1.04,2986982632897888768,0.007320271679630302,99.33666180709,217.91899718715356,8.280926000190282,83.59651994366055,5092
EPIC 201841433,EPIC 201841433 b,1.04,3178603698320266368,0.010389809725138645,108.72186139410077,243.30272205965812,8.29522202024874,124.7459350979347,5092
K2-85,K2-85 b,1.4,5927841504668934400,0.020967653116594036,196.30713960053563,,,,6269
K2-85,K2-85 b,1.4,6656388144097553280,0.02237645530803236,226.65186166897834,1899.723846912796,6.471174674009786,735.6022444545858,6269
K2-85,K2-85 b,1.4,6093442554362292608,0.023988152097465253,156.5552713726814,,,,6269
K2-291,K2-291 b,1.589,4726475208462275328,0.0028445793939397383,86.72684635885994,709.9626599200217,8.067315907790642,550.0932516080479,110957
K2-291,K2-291 b,1.589,4750847636038719360,0.004008116314556817,73.48300128645938,932.4717221916086,8.246090491381569,751.5687410400385,110957
K2-291,K2-291 b,1.589,6081564122232898176,0.004449327548614794,134.06666538808128,599.7053814293207,7.790280225823629,143.9621903085854,110957
K2-158,K2-158 c,1.28,3631208417123397632,0.007507406925862982,22.075852017008753,236.43921685522196,8.018516127364698,212.79139434567986,35023
K2-158,K2-158 c,1.28,4901287867832204544,0.008802759144568689,184.74084818437922,374.64885495575453,7.981067414146899,280.56495755528664,35023
K2-158,K2-158 c,1.28,651969408401143040,0.008945556445329562,58.05572708380572,1987.2930657622064,9.710660591112992,885.9513725463001,35023
EPIC 220674823,EPIC 220674823 b,1.676,5793691190443966592,0.004419019186878334,221.54256515143345,425.1652976065814,7.857549899753217,73.68109308820851,38232
EPIC 220674823,EPIC 220674823 b,1.676,4241961150405040512,0.005293036378039607,280.06878593599225,1368.9517683438407,7.201967992627247,264.784451179013,38232
EPIC 220674823,EPIC 220674823 b,1.676,5363545852057084672,0.006079687487706756,157.79566962822582,519.2010158112923,8.02808083854436,121.34674968552312,38232
K2-336,K2-336 b,1.22,2577571300676264832,0.01436436902135118,114.77138168353093,519.8110623800272,8.298042638362293,406.7394673213126,3193
K2-336,K2-336 b,1.22,3793825151783544832,0.014523377161882673,42.60554398048297,236.29337296643607,8.128108251558983,216.93788480847738,3193
K2-336,K2-336 b,1.22,5466340362364417792,0.016365769116156913,47.224424405794586,313.6295952402677,8.164090827388215,134.8766974951432,3193
K2-368,"K2-368 b, K2-368 d, K2-368 c",1.332,3698713070949932032,0.010514199859537223,148.95234487136565,345.5285170549709,8.097044882340004,321.44955106229617,1870
K2-368,"K2-368 b, K2-368 d, K2-368 c",1.332,2637764270897296128,0.011717142240485529,19.08773281931418,244.87241739054346,8.094411325111485,184.25450465417777,1870
K2-368,"K2-368 b, K2-368 d, K2-368 c",1.332,6305720522693798016,0.01469288404449305,104.16589714262669,215.72435528279837,7.952279500587547,143.6036294454974,1870
K2-213,K2-213 b,1.51398464,5701624168398632448,0.004768245942441607,119.48619915113666,328.6274800697973,8.254656520230096,81.51864223884203,78242
K2-213,K2-213 b,1.51398464,5961037444351516672,0.004944147288498081,254.10703801348262,807.7970780371741,7.328853151037112,34.687238492067884,78242
K2-213,K2-213 b,1.51398464,5315262585633134976,0.005939663028077357,130.50460726849175,1551.956953319244,8.184428604325978,237.87620846443951,78242
K2-200,K2-200 b,1.3643987,6271626831780662528,0.008050870034443955,25.197105790519913,243.3851394907063,7.949538889313744,151.32215837475314,10011
K2-200,K2-200 b,1.3643987,5253218931212939648,0.008769925284252715,74.99039076868898,473.0788258226077,8.008763885242653,15.7950199817463,10011
K2-200,K2-200 b,1.3643987,650382950561409536,0.01036092095164905,79.58935104440876,588.0657078824894,8.585288765428432,270.65149821924774,10011
K2-131,K2-131 b,1.69,6287969255355921792,0.008513751005646133,28.21659603021053,304.6377517035892,7.936061131068334,210.7939304375688,4622
K2-131,K2-131 b,1.69,6848460563340738944,0.009428341582962926,125.03127051925033,281.48325337000966,7.900325062182163,132.6651987587717,4622
K2-131,K2-131 b,1.69,3583701646423719552,0.011342809135081183,5.097664364271657,660.3805940288904,7.9904936177349715,567.5746793045168,4622
K2-169,K2-169 b,1.27328671,2952451817396231936,0.006865180354858452,228.74801016635382,895.0991251338153,8.784217088498583,100.24442405401442,39401
K2-169,K2-169 b,1.27328671,4654923729084586880,0.009035518483877772,262.72574150244526,963.1134052385011,7.9950833615547925,542.0977508067601,39401
K2-169,K2-169 b,1.27328671,5826512437202246016,0.009199728612353027,107.66763945837553,1518.836525438784,6.9935286695123455,146.08403091349476,39401
K2-102,K2-102 b,1.3,5467588101903417600,0.015793322866609154,55.123671832036266,313.33755343273776,8.130161027055102,152.4464880319216,1633
K2-102,K2-102 b,1.3,5501103621500371328,0.016983813729923365,78.5943427171387,385.1683795128239,8.18787345377633,142.99972432464867,1633
K2-102,K2-102 b,1.3,4294501962064458880,0.017634591360336006,153.27798840113624,181.58349410917472,7.989627535638535,2.5963026351822585,1633
K2-46,K2-46 b,2.05,6110576862533012992,0.0023931806659788766,53.90365948314068,470.0401328962135,7.810724994926393,174.36992574421885,39712
K2-46,K2-46 b,2.05,5751034502963256960,0.004335330685543009,43.01313960455004,917.7803790687792,8.647126144477985,356.6777810675391,39712
K2-46,K2-46 b,2.05,6789844876907605888,0.0046098244845172,149.7886652970081,691.3138073025393,7.664466376930677,468.2134611982279,39712
K2-64,K2-64 b,2.07,6392330329219571328,0.002257807515507055,55.260169807993115,430.56268652236366,7.897725726043456,294.3096406534058,29190
K2-64,K2-64 b,2.07,6389172291306187392,0.006243277215170941,60.28126486994954,464.01028651293524,7.925463264872128,334.4814577585883,29190
K2-64,K2-64 b,2.07,6210122835679971328,0.007459497442334389,98.05114620433812,245.47604025561625,7.9060658074396315,111.02336151038122,29190
HIP 116454,HIP 116454 b,2.469,6384122401903228032,0.007845701369554352,71.77841242446752,159.92620728896895,8.039041445434101,89.40364561363342,3302
HIP 116454,HIP 116454 b,2.469,6049754696783263744,0.00786365773860973,113.99360807083971,92.92679716629553,8.035378187255903,50.999337822403795,3302
HIP 116454,HIP 116454 b,2.469,6784824128858080128,0.008483555889971572,43.78523310372706,253.29033295542067,7.957936241066478,167.33980428140413,3302
K2-130,K2-130 b,1.25,5954488714387144576,0.004292011504349357,32.295760075226475,183.4128869696585,7.946246618026264,11.984227964670247,83829
K2-130,K2-130 b,1.25,6895420327003718016,0.005163825392897266,26.61967760242258,,,,83829
K2-130,K2-130 b,1.25,6644322176512181760,0.005494792457139148,34.582892937145715,1730.7539786508485,6.623043778152609,666.504811524396,83829
K2-202,K2-202 b,2.30165603,3411953665261618816,0.003964461954558055,198.99353427797337,1801.7785338648125,9.870765420115296,412.77157518801937,127944
K2-202,K2-202 b,2.30165603,5461759178448329344,0.004494890609816489,120.67310715359014,1125.289234318849,8.24064559814642,414.22724139536086,127944
K2-202,K2-202 b,2.30165603,5477848194660627328,0.005021811421242736,181.3557220999145,697.1468574779602,8.117432464430157,315.0793318257516,127944
K2-170,"K2-170 c, K2-170 b",1.41817537,6195377968136275712,0.0032761251337904114,127.5980332309235,574.0505315292061,7.807201875682489,383.86690460506463,129779
K2-170,"K2-170 c, K2-170 b",1.41817537,6112415834394243328,0.0035948734462021292,126.88910465404327,475.749038081607,7.8160284516693554,186.81615523830067,129779
K2-170,"K2-170 c, K2-170 b",1.41817537,5915015735867351808,0.004423904181711783,89.83189653488125,,,,129779
K2-191,K2-191 b,1.57889322,5672697116981426176,0.008559576399173624,49.63711529999398,227.66858181318113,8.171818763402934,132.97995585444133,6106
K2-191,K2-191 b,1.57889322,3268275395618674560,0.009325541273966552,147.0494221396015,223.3332203452521,8.287744666404809,128.84687625101733,6106
K2-191,K2-191 b,1.57889322,5560466219926944384,0.011444913624185817,91.84073120970216,238.70153034927532,8.189401271517228,25.452222366320903,6106
K2-244,K2-244 b,1.75,5496916097105816704,0.00734720833322967,97.03560867077974,81.68425795543662,8.129028583578412,11.111535001043709,12559
K2-244,K2-244 b,1.75,6687674335148144896,0.01021132568424306,121.91951998807134,420.9800100216533,7.756924564894067,188.86947097333712,12559
K2-244,K2-244 b,1.75,6780680859807841152,0.010881325985889775,133.97948164585472,1872.772001694643,6.715030311828952,1181.4301882680252,12559
K2-269,K2-269 b,1.57,5459488137183165952,0.0022797113559230864,49.85414734964252,551.2171859326126,8.160233925575428,212.30219937791333,167342
K2-269,K2-269 b,1.57,5461313738802074752,0.00329742876147174,50.03231654246855,494.3556065137064,8.143516433310372,213.09352010056114,167342
K2-269,K2-269 b,1.57,5629404636919047424,0.004331957976127874,44.06947009548228,935.524825622394,8.397991456576397,189.753042372764,167342
EPIC 212424622,EPIC 212424622 b,2.17,3412206179276136576,0.0064028378056120465,128.5398296422846,301.79120763493165,8.416762520890222,43.82679047842641,111512
EPIC 212424622,EPIC 212424622 b,2.17,3412291387130371072,0.006793853367242979,128.48457920210666,1793.954896711295,9.876743064785442,352.0999445084834,111512
EPIC 212424622,EPIC 212424622 b,2.17,6153262893221519872,0.0071500550606626075,27.108431394480796,452.9886081898513,7.917494770824851,204.25952597522055,111512
K2-168,"K2-168 b, EPIC 205950854 c",1.31,6378910201391793920,0.007352149397220309,59.766584520590584,438.6099000697244,7.907314644958831,267.9987379269328,11315
K2-168,"K2-168 b, EPIC 205950854 c",1.31,605661689488563968,0.007538341840026356,192.18159057798576,283.7385054084222,8.314103602181735,184.30332395572574,11315
K2-168,"K2-168 b, EPIC 205950854 c",1.31,6362634680521695104,0.00899375514789767,69.26856935522434,137.25917173575186,8.037648699941707,48.391717719521544,11315
EPIC 249893012,EPIC 249893012 b,1.95,5684447116711203840,0.004700155546129705,77.6365937768453,361.36015562010334,8.224118491008609,188.15252257549386,87493
EPIC 249893012,EPIC 249893012 b,1.95,6095356563588989952,0.006702914971962296,35.44142799722382,1029.6232067586386,7.461735911194537,278.1786968901366,87493
EPIC 249893012,EPIC 249893012 b,1.95,6845840324052439168,0.007261108570715263,72.43063869755689,695.7019142517937,7.5332240028031325,318.352260182946,87493
K2-185,"K2-185 b, K2-185 c",1.15,3198858764089338752,0.0037810947217287788,64.9624157162422,420.38669556483995,8.441712777842842,219.88181158427435,48030
K2-185,"K2-185 b, K2-185 c",1.15,2897257295751561600,0.005746937846908342,58.82263999959263,278.48015023156825,8.26673611194329,86.55130077364461,48030
K2-185,"K2-185 b, K2-185 c",1.15,5817632712552151168,0.0065296444006051075,142.74191496346452,400.41826402987095,7.801761750418415,67.41216093681149,48030
EPIC 212587672,"EPIC 212587672 b, EPIC 212587672 c",1.26,4421218306343077632,0.003455707540534076,28.340732785683883,546.2225113381675,7.74290242851981,412.3773448894314,123281
EPIC 212587672,"EPIC 212587672 b, EPIC 212587672 c",1.26,6403254660140204160,0.0038957273173411506,127.52404768010099,545.4111235479564,7.774052279555585,346.4447785525367,123281
EPIC 212587672,"EPIC 212587672 b, EPIC 212587672 c",1.26,2952164668761749632,0.003977134952537113,102.09258322443549,1600.7291584797929,9.316193212480815,183.8298118210515,123281
EPIC 212624936,"EPIC 212624936 c, EPIC 212624936 b",1.2,6462505387552211840,0.0033660430933713376,120.33346901154715,430.0463091487859,7.838751806110526,292.13422023795846,15697
EPIC 212624936,"EPIC 212624936 c, EPIC 212624936 b",1.2,5266336856512921984,0.006334234694608272,129.74560517787407,297.90713412743423,8.070563619829315,120.10074028436674,15697
EPIC 212624936,"EPIC 212624936 c, EPIC 212624936 b",1.2,2740386948158351616,0.007909009539548116,147.565864062186,286.05440889312246,8.149130381227744,216.72088263561633,15697
K2-408,K2-408 b,1.677,4664173306231262720,0.015974841531412362,150.14726376575297,277.79975047665897,8.111565969208343,139.0019489385179,1507
K2-408,K2-408 b,1.677,2539613234411876224,0.017905187406459452,201.5288264538233,218.67917280368002,8.197514380799882,167.23874314006247,1507
K2-408,K2-408 b,1.677,4700880261394500608,0.019252115170564656,190.4526496893302,305.6720742738985,8.065541539127775,217.98228266861867,1507
K2-379,K2-379 b,2.181,5633338448999865472,0.017321599421973647,125.10565555657132,393.3779929654655,8.204110918098987,126.95170316765987,4446
K2-379,K2-379 b,2.181,5585215298958287616,0.019129547007589096,149.6954275788155,1514.8453705282097,8.691101459785694,183.2466339556444,4446
K2-379,K2-379 b,2.181,66800592725851776,0.022347187146457538,208.0258782733281,131.8815215074948,8.239740438418925,30.99885937287624,4446
K2-393,K2-393 b,2.352,4379200508144948608,0.007762043335124908,95.1180763791845,1131.6106783122389,7.142724448011718,494.4922418159344,110084
K2-393,K2-393 b,2.352,6127525082665235840,0.00992704453036439,168.93842340469752,1118.4111955711498,7.652346473769538,273.4096886639287,110084
K2-393,K2-393 b,2.352,4902708157681241856,0.010200343752626406,340.54301965739324,952.4313015182406,7.8533281554147765,772.3319353720674,110084
K2-389,"K2-389 c, K2-389 b",2.04,5751062506148988928,0.002929946795623817,220.20992916417694,558.2311704546196,8.433206436785623,228.91903121328423,109569
K2-389,"K2-389 c, K2-389 b",2.04,5218304214316887552,0.0035057788076763153,216.6942754985604,1890.573726160708,7.700113647681094,465.00872282886746,109569
K2-389,"K2-389 c, K2-389 b",2.04,4800766494732650496,0.003720041494694501,274.198053595607,502.8061274433232,8.291165874494679,264.7634568562188,109569
K2-38,"K2-38 c, K2-38 b",1.54,4654605046816289152,0.0025617534403206683,160.53352471627622,287.3921841667517,8.073432972263541,144.1097548421495,22774
K2-38,"K2-38 c, K2-38 b",1.54,5553802560984328576,0.005530480558386851,137.1066766475323,424.6425647125066,8.220447581293895,165.04232821008748,22774
K2-38,"K2-38 c, K2-38 b",1.54,3278785867786994688,0.006361721579346508,159.94235964086602,472.23899131665485,8.519106162213687,214.66296261457703,22774
K2-216,K2-216 b,1.75,4717613969375631744,0.007878105347633951,67.6780369739026,259.0869320393561,8.073078879591694,194.4719340155341,30857
K2-216,K2-216 b,1.75,5762600845594088192,0.00842887484224475,123.5212795359269,117.18717720641159,8.186152987738234,73.821615662028,30857
K2-216,K2-216 b,1.75,6144033493837043328,0.008660800375907003,180.12391519936182,1642.1824748608517,7.533535102157386,554.3845351519537,30857
K2-203,K2-203 b,1.26549392,5906117869292327296,0.011267583242859444,215.09146911945112,854.9672223850688,7.462384711517525,191.7698715553181,21732
K2-203,K2-203 b,1.26549392,4290973633566872448,0.011352488424108157,281.82723229221097,,,,21732
K2-203,K2-203 b,1.26549392,3901949583366512256,0.01421578660937633,173.84266373525978,321.6948615576278,8.094892702325145,322.72449428751514,21732
K2-226,K2-226 b,1.53899305,3462985783774463616,0.005604356080600114,24.024540449857696,784.3411019911091,7.8656085016842985,396.00203224268665,9249
K2-226,K2-226 b,1.53899305,6363212851838534272,0.007481628376931547,140.75602661076798,139.31182152027688,8.036516970386074,53.71513828690812,9249
K2-226,K2-226 b,1.53899305,5662006324906904192,0.00814862341613396,41.6504793629091,330.2721782915428,8.202836272508472,136.14471479795822,9249
K2-57,K2-57 b,2.30905002,5728033333888173568,0.004153074489142748,212.2186308219807,,,,32027
K2-57,K2-57 b,2.30905002,5927834147346195200,0.009347042466233508,98.78452741198625,1364.7332108656838,6.967256592425335,142.8324724060082,32027
K2-57,K2-57 b,2.30905002,4710810191423093632,0.009556595834102786,313.17488844523217,196.2697875714731,8.069484300102285,131.2237386674453,32027
K2-220,K2-220 b,2.37,6081457744484198528,0.001275756087276854,191.04016431227134,890.6656561945682,7.65009182857863,209.99377748429055,154116
K2-220,K2-220 b,2.37,5282975357969767040,0.004289414720606086,111.91282244987437,896.5437622063943,8.054289337506965,399.6789702456044,154116
K2-220,K2-220 b,2.37,4158109060782283776,0.0043327907472364355,256.45185178840126,1009.4811803910477,7.179042162739843,104.86957621725432,154116
K2-37,"K2-37 c, K2-37 d, K2-37 b",1.39,4626086498311592448,0.006532645126473514,173.8849213304882,289.9303881473372,8.034311434126408,143.45730701766024,11892
K2-37,"K2-37 c, K2-37 d, K2-37 b",1.39,6451423581654569728,0.006956332326918385,79.43644027869279,350.2545021908905,7.890296482912613,207.99420243421554,11892
K2-37,"K2-37 c, K2-37 d, K2-37 b",1.39,6085971858189552000,0.007563399966879572,49.19277364637908,314.05246790136215,7.953811808864923,104.72999679732024,11892
K2-233,"K2-233 c, K2-233 d, K2-233 b",1.272,6464750968253195520,0.007357918770758921,88.18592131423445,315.95727720370627,7.896762597631798,192.41648933272697,9485
K2-233,"K2-233 c, K2-233 d, K2-233 b",1.272,2600008862665510528,0.007437122197816238,95.77530862601388,141.30948646754877,8.056399309044645,88.28824022533146,9485
K2-233,"K2-233 c, K2-233 d, K2-233 b",1.272,3913782424425453568,0.00784782660262699,61.436154820534775,592.6251785464743,8.20117847422014,547.9786924076832,9485
K2-183,"K2-183 b, K2-183 d, K2-183 c",1.1,3135034377542428544,0.006660381819762626,17.180948524425485,,,,58663
K2-183,"K2-183 b, K2-183 d, K2-183 c",1.1,4203755316060008832,0.007830470865918768,156.81067705343042,,,,58663
K2-183,"K2-183 b, K2-183 d, K2-183 c",1.1,5913500471397585920,0.009979406434395263,150.03686127430856,,,,58663
K2-199,K2-199 b,1.73,4720316878194580992,0.005717367292442434,172.60250852717695,1523.475443728746,7.970938276449529,1109.2946478826636,21697
K2-199,K2-199 b,1.73,3596005353337832448,0.006815541457176011,28.866564782527384,597.2431216425609,8.067935274935923,509.30352670262886,21697
K2-199,K2-199 b,1.73,6209885135009946368,0.007214655983318616,32.33694242495372,,,,21697
K2-385,K2-385 b,1.539,5284325317722374272,0.015293018312971973,108.36299211442598,129.7262489205869,8.111920875821031,40.15274550628226,947
K2-385,K2-385 b,1.539,6113545853168508032,0.020473688232031776,197.38771858849483,174.21175760242983,8.011412459549744,86.79785137209436,947
K2-385,K2-385 b,1.539,3842037366567697024,0.028270733481492647,125.30197821202697,351.90446139812764,8.312482378813382,201.44804293084638,947
K2-386,K2-386 b,2.32,6836115792242003584,0.0016903378626485566,301.33103767326793,1336.5030469302744,7.318957886996436,855.0237458365141,112297
K2-386,K2-386 b,2.32,5434067565788271872,0.002951576942383105,137.34470275036986,441.8146918118798,8.14682746234668,132.5252146748705,112297
K2-386,K2-386 b,2.32,3481841892795108608,0.0033935078044470502,156.5246275851687,805.4840573099202,8.006942286364582,412.85169609372076,112297
K2-163,K2-163 b,2.46610713,4692486898865884032,0.005979476709339147,176.16398304919971,367.1739826216273,8.007814671325347,255.7297830504706,25040
K2-163,K2-163 b,2.46610713,6837565365179539712,0.009405989593207051,146.28791022075737,236.23342533061705,7.996274881887286,152.04256405285184,25040
K2-163,K2-163 b,2.46610713,3012473607396454272,0.01088134206231703,95.71417000562809,295.42870717036556,8.357646442663334,70.14955400851625,25040
K2-350,K2-350 b,1.54,5693606667060076544,0.0025587549680089147,77.98315923661592,459.7167130082281,8.31342480770363,62.674624545471055,150255
K2-350,K2-350 b,1.54,4778231729043258112,0.004213320563620501,135.53537899613156,513.5226472533525,8.200060013602616,316.1219009588438,150255
K2-350,K2-350 b,1.54,6084090318917056896,0.004956692578760765,33.030038193611716,,,,150255
EPIC 201427007,EPIC 201427007 b,1.5,6193042472295224576,0.005540971720038699,29.87421083858762,430.90520773120807,7.893535428114683,278.4655467451476,29957
EPIC 201427007,EPIC 201427007 b,1.5,5268898894702018432,0.006901124967318213,98.21785428572083,684.9518882294145,8.044035236839111,228.02361849808167,29957
EPIC 201427007,EPIC 201427007 b,1.5,3579597169517158784,0.007622520514921574,9.267060766285056,755.937882382353,7.9589945739744,621.2154286088788,29957
K2-367,K2-367 b,2.413,6221245907621372416,0.015030470142091744,119.29626728300752,164.94419716254603,8.00221096855957,101.12558338347489,594
K2-367,K2-367 b,2.413,42395866994177536,0.025814064559634902,277.6517013688952,196.2622385967382,8.28773939513577,81.0567784915051,594
K2-367,K2-367 b,2.413,5439968777835103360,0.02918828630396179,186.32855272193783,97.0923668847258,8.13311048362613,49.356477400746016,594
K2-86,K2-86 b,1.96,3201359775084126336,0.013294559614393908,28.510265752404443,1272.7880617009232,9.14133745730952,652.7800500383717,2021
K2-86,K2-86 b,1.96,2535978837381805568,0.015523453172844722,40.46312358872563,820.3586348158136,8.341778535282362,713.3937576680106,2021
K2-86,K2-86 b,1.96,6135336975335958144,0.018558436313525436,148.1020245291764,453.4726367842262,7.89651476087807,157.02894996732044,2021
