ra,dec,sobject_id,gaiadr3_source_id,tmass_id,snr_px_ccd3,flag_sp,flag_fe_h,c_fe,e_c_fe,flag_c_fe,o_fe,e_o_fe,flag_o_fe,mg_fe,e_mg_fe,flag_mg_fe,si_fe,e_si_fe,flag_si_fe,fe_h,e_fe_h,al_fe,e_al_fe,flag_al_fe,ca_fe,e_ca_fe,flag_ca_fe,ba_fe,e_ba_fe,flag_ba_fe,teff,logg,age,mass,rv_gaia_dr3,rv_comp_1,e_rv_comp_1,parallax,parallax_error,phot_g_mean_mag,Mg_Si,hab8,dist
189.28275,-4.081611,200528000601256,3680522166465341056,b'12370782-0404535',182.46678,0,0,-0.10375194,0.074134976,32,0.10719772,0.040850714,0,-0.0016071126,0.017093638,0,-0.014795289,0.009540912,0,0.03574069,0.054834977,0.054582298,0.030211424,0,0.032568492,0.024588598,0,0.060640603,0.036806177,0,5954.371,4.330683,5.681726,1.0326122,0.69811153,0.8604697,0.21229517,5.9998446,0.026503488,10.322757,1.0308326754206818,0.9969227583789891,166.6709834451379
236.61879,-74.48989,200803001601071,5782016541618200320,b'15462890-7429230',125.83965,0,0,-0.07085262,0.037965085,32,0.109679356,0.045746766,0,-0.024462644,0.01952462,0,-0.012042302,0.013343509,0,-0.007816136,0.057037503,0.05305566,0.03564059,0,-0.016587602,0.030202731,0,0.030321948,0.046314828,0,5912.1235,4.264757,8.206629,0.98437935,-4.42991,-3.5727148,0.21682066,6.754857,0.014122011,10.003062,0.9718061832635885,0.9956431646288735,148.04162397516333
134.83005,-30.637194,160402003601139,5629444975252369024,b'08591922-3038137',288.89093,0,0,-0.0829522,0.020538302,32,0.1445688,0.029410701,0,-0.0022775307,0.012534425,0,0.015590742,0.006281898,0,0.0238197,0.053694103,0.03920856,0.021164214,0,-0.00336905,0.021737074,0,0.020045348,0.03130522,0,5876.1133,4.3435664,6.6865077,0.99783605,0.39454067,0.5082165,0.21082452,10.066191,0.012823642,9.236513,0.959691674640514,0.9953865433639338,99.34244243925036
285.337,-33.27778,201005001601093,6756649036022752640,b'19012087-3316396',171.42642,0,0,-0.020861117,0.025856607,32,0.056195684,0.04580932,0,0.0049044713,0.014817869,0,0.0036099628,0.009703663,0,0.015589051,0.055947658,0.016413376,0.029190674,0,-0.030337634,0.023909038,0,0.0036448091,0.03527171,0,5757.394,4.47217,3.807173,0.97796255,-23.374392,-22.668547,0.21281709,6.8256717,0.017709972,10.592698,1.0029851627257849,0.9948926865069557,146.50572778060803
300.16956,8.383528,200513006601048,4299049512104000128,b'20004067+0823006',73.10099,0,0,-0.045633554,0.07152262,33,0.057751965,0.08747308,0,0.025392428,0.025711529,0,0.005736714,0.018461082,0,-0.024730586,0.05917228,0.039925024,0.055422865,0,-0.05444362,0.03520105,0,0.046733536,0.057492446,0,5665.8276,4.4881215,4.7387247,0.9318079,-18.939531,-18.668032,0.2111385,5.1882,0.023989677,11.3717575,1.0462987681328177,0.9944493696993357,192.74507536332447
172.6245,-3.4784722,150409004601269,3787168403447234688,b'11302987-0328424',146.61194,0,0,-0.063591346,0.028863065,32,0.07646271,0.042842243,0,-0.007474296,0.017450016,0,-0.0145132225,0.010893493,0,-0.005044177,0.055843193,0.03741683,0.033911332,0,-0.015556867,0.029107668,0,-0.01605248,0.043477576,0,5880.538,4.3394,7.3026066,0.97676265,-19.270374,-19.047186,0.20481649,6.506827,0.02184501,10.27339,1.0163397849276121,0.9942908938756364,153.684737584079
293.96158,-27.221056,151008002101366,6765392391143702400,b'19355078-2713156',80.27293,0,0,-0.11251058,0.04288522,32,0.018595336,0.06512638,0,-0.025561586,0.026484197,0,-0.006475376,0.017786775,0,0.036791414,0.057839543,0.051347896,0.054555826,0,0.004023442,0.037294205,0,0.064637415,0.061429076,0,5894.006,4.3804946,5.075881,1.0168321,20.836077,21.375036,0.22153297,5.0822067,0.015368477,11.027193,0.9570040815193711,0.9939321090920874,196.76492103321968
82.443375,-66.04164,180101002601388,4660360749704988672,b'05294640-6602301',136.91588,0,0,-0.18043369,0.07278162,32,0.083908714,0.03920397,0,-0.00025384873,0.02097736,0,0.0063497555,0.012273952,0,0.035263814,0.05654251,0.048693,0.029335307,0,-0.0650562,0.027679645,0,0.07797439,0.05356878,0,6311.125,4.2470136,3.3608296,1.1692057,12.547228,12.787413,0.21034023,5.4332814,0.011621716,9.902909,0.9849096571360832,0.9935994695920594,184.05083896446078
268.7899,-54.337276,160331005801380,5920769716418475776,b'17550955-5420142',323.41843,0,0,-0.06975811,0.021964068,32,0.10250737,0.03062606,0,0.004211612,0.013337265,0,-0.0041457023,0.0075499094,0,0.0019015744,0.055203483,-0.013841927,0.021006748,0,-0.0232444,0.021794148,0,0.05636385,0.031143092,0,5916.4067,4.320682,6.7832384,1.0042975,-14.65955,-14.366386,0.21543355,10.869959,0.09068512,9.054536,1.019429775478663,0.9935954091620445,91.99666714474269
281.34625,-39.066387,170710002201158,6728919696365591040,b'18452310-3903589',220.13701,0,0,-0.05295927,0.024357596,32,0.19046314,0.032240424,0,-0.006357476,0.014191256,0,0.008602299,0.007684063,0,0.02322536,0.055010844,0.017644167,0.023544194,0,0.016440978,0.021527715,0,0.09638288,0.032539103,0,5874.464,4.366233,5.9672513,1.0026057,10.780227,11.446647,0.20721221,6.6332946,0.017412268,10.262889,0.9661403602010417,0.9934194074914954,150.75464913016225
103.380585,-60.31139,170115002701297,5479947952629976576,b'06533134-6018409',182.91109,0,0,-0.01220534,0.035626832,32,0.23745058,0.052580107,0,0.014986232,0.019058656,0,0.0016591698,0.010278302,0,0.019197728,0.05625177,0.044627592,0.028104352,0,0.01027357,0.019258684,0,0.12204338,0.029364318,0,5509.396,4.471327,6.949232,0.90523875,13.335243,13.613155,0.20590732,6.6316066,0.009528818,10.894983,1.0311623846882547,0.9934140821873566,150.7930220106844
231.4875,-69.415085,190211004301283,5820151934211076736,b'15255700-6924541',117.6187,0,0,-0.052569956,0.033763014,32,0.11818892,0.05294259,0,0.01767683,0.021090038,0,0.022941187,0.013019135,0,0.047939494,0.05523935,0.051080436,0.042507965,0,0.01716906,0.028700555,0,0.007839978,0.04600057,0,5862.563,4.3948092,4.9716983,1.011206,-10.866869,-10.446452,0.2107077,6.407199,0.013852112,10.482631,0.9879515410549222,0.9924569109451041,156.07444064091032
345.0387,-6.0794444,201006002101216,2634966799782787584,b'23000926-0604459',361.72574,0,0,-0.08780777,0.020771055,32,0.10799529,0.028405424,0,0.017687455,0.0125677865,0,0.0075614266,0.00580533,0,0.045972813,0.053527642,0.032910243,0.018934382,0,0.030140864,0.018972121,0,0.10519647,0.026712568,0,5907.12,4.371165,5.1898446,1.0206813,10.393139,10.457712,0.21650608,7.695504,0.014355499,9.943742,1.0235899859056643,0.9923914331934592,129.94600483607053
69.17225,-62.91497,161217003101009,4677014433801899392,b'04364134-6254539',181.56377,0,0,-0.02498071,0.029745096,32,0.1713522,0.038107533,0,0.010866895,0.019047813,0,-0.013527195,0.010003494,0,-0.0075994134,0.05442729,-0.011797264,0.02548032,0,0.0020745136,0.019198453,0,0.025967292,0.030143645,0,5640.4355,4.489334,4.9176683,0.92786527,17.621048,17.508493,0.21034883,9.559561,0.010105146,10.039541,1.0577769278791678,0.9921674773952949,104.60731408063613
229.9388,1.5190556,230503002901121,4420696592371170048,b'15194527+0131088',131.3543,0,0,-0.35431015,0.14754471,32,-0.388956,0.058715753,0,0.021047488,0.013923521,0,0.019984648,0.01811794,0,0.033266913,0.057756968,0.010262996,0.029123226,0,0.042294398,0.016082825,0,0.07826009,0.031948272,0,5205.553,4.5685916,3.9759274,0.8441295,-7.260516,-5.980943,0.19632171,5.5036273,0.017464817,12.049092,1.0024502765731722,0.9917119988377304,181.69835010448475
231.35184,-14.088639,200528002601375,6266047329961009408,b'15252437-1405184',168.31458,0,0,-0.05334069,0.032325972,32,0.14645317,0.044304434,0,-0.009800993,0.017916828,0,0.006671503,0.010968829,0,0.028212301,0.055992518,0.1106922,0.03268486,0,0.011133308,0.024644999,0,0.050527252,0.037176203,0,5889.0044,4.3893046,4.816395,1.0166025,38.362835,38.979176,0.22067095,5.8003206,0.016451472,10.758207,0.9627809842515846,0.9914165792401612,172.4042633091695
265.893,-50.48775,220322002201285,5946498361543836928,b'17433432-5029155',115.30381,0,0,-0.0357447,0.036417644,32,0.09021026,0.055222075,0,0.0034075677,0.022577738,0,-0.004887484,0.014667176,0,-0.030732349,0.057427417,0.006317511,0.043798883,0,0.036871813,0.02922305,0,0.109890856,0.04680723,0,5903.805,4.399247,4.837985,1.0011591,33.480854,33.13272,0.21461624,5.370718,0.015960842,10.942551,1.0192836354714874,0.991384927374343,186.1948439668588
80.54938,-66.11058,180101002601365,4660544333766391424,b'05221186-6606380',139.70683,0,0,-0.02234795,0.04114857,32,0.055632513,0.05860472,0,0.012189545,0.017432239,0,0.011630684,0.010746554,0,-0.029348731,0.05683904,-0.00021235645,0.0347589,0,-0.011857268,0.026808824,0,0.10381409,0.03937328,0,5739.0186,4.478076,4.2042584,0.9555282,36.731552,37.23238,0.21632959,5.6616035,0.012440618,11.027132,1.0012876533222164,0.9913680789520726,176.6284057158012
294.81357,-2.0323334,210721002401020,4213942707909684992,b'19391527-0201560',102.083405,0,0,-0.021243777,0.046667095,32,0.19830875,0.06056253,0,0.010550208,0.022454454,0,-0.00091696344,0.015075605,0,0.020373058,0.057921737,-0.022104114,0.035383,0,0.024693323,0.023726042,0,0.059552796,0.041746635,0,5508.052,4.503144,5.2739854,0.9072366,-22.988037,-26.493849,0.21565913,6.683135,0.05603697,11.443211,1.0267558156948247,0.9912037270803603,149.63037556476115
349.9766,-7.367472,200810001101045,2630796837510460416,b'23195428-0722029',230.87935,0,0,-0.06984407,0.02572827,32,0.040131234,0.033752672,0,0.019133776,0.014559903,0,0.008236282,0.00790219,0,-0.019275084,0.05557721,-0.008027732,0.02444631,0,-0.0017471351,0.021782234,0,0.09865952,0.033016246,0,5900.065,4.411916,4.435402,1.0043758,-9.599568,-9.0656,0.20764174,6.623299,0.02120897,10.346186,1.0254098714378896,0.9911042011418683,150.98216160858811
210.82742,-15.379945,150409006601056,6300979810806953216,b'14031858-1522478',154.85995,0,0,-0.04720112,0.028140588,32,0.12464984,0.040802896,0,0.0031841323,0.016492482,0,0.0028639343,0.009783978,0,0.004728906,0.055438865,0.02029267,0.03178656,0,-0.035766017,0.027562391,0,-0.028773982,0.041894328,0,5892.549,4.336818,6.7173796,0.99904567,11.190076,11.770909,0.21238016,6.6654654,0.017252296,10.267581,1.0007375550016304,0.9910369520989836,150.02703337114315
292.3245,-24.323334,160529005901330,6771181697822279936,b'19291789-2419241',322.86227,0,0,-0.054776855,0.022159327,32,0.04338031,0.02801022,0,0.00842268,0.0122480625,0,-0.009726445,0.006736325,0,-0.0032284632,0.055037864,0.07108322,0.019482331,0,0.026011525,0.019537928,0,-0.03254714,0.029216992,0,5873.5054,4.367928,6.374792,0.9837566,-27.769753,-27.346546,0.2178707,13.415716,0.018347071,8.777487,1.042675394512326,0.9910268582282452,74.53944314265448
111.58025,5.283278,161106005101039,3140039217032242048,b'07261926+0516598',112.95121,0,0,0.023676489,0.026606778,32,0.12625737,0.060164675,0,0.014765248,0.024337377,0,0.023050044,0.011749156,0,-0.046728887,0.05633891,8.9764595e-05,0.038611654,0,0.025382342,0.0301139,0,0.056734346,0.046502057,0,5755.4043,4.386145,8.012079,0.9329989,70.81475,71.30238,0.21968195,5.5679274,0.017992068,10.88039,0.9811043561375212,0.9904956924574886,179.60004291722623
345.32037,-6.086,201006002101275,2634917910170903040,b'23011684-0605085',272.50034,0,0,-0.04440614,0.062857546,32,0.1054853,0.03338973,0,0.028772749,0.014665763,0,0.005312428,0.008477749,0,-0.06159004,0.056055263,0.031728566,0.02343736,0,0.04900188,0.021130927,0,0.047025353,0.030676829,0,5949.2334,4.3114095,7.0970783,0.9910023,11.728533,12.303306,0.22350933,6.3675623,0.02471691,10.203155,1.0555050633567011,0.9903268199569375,157.04597032368258
346.272,-5.8094444,201006002101376,2634849942312584960,b'23050529-0548342',132.24199,0,0,0.03591067,0.03609509,32,0.07499065,0.052029565,0,-0.0012307018,0.021319153,0,-0.0013054255,0.0148824975,0,-0.058747478,0.057067018,-0.008667305,0.040350795,0,0.027671313,0.028426247,0,0.06769089,0.04390634,0,5877.201,4.416543,4.83183,0.98799074,9.3242855,9.799244,0.21640888,5.4842496,0.016803898,10.862802,1.0001720724804846,0.9902150085743343,182.340351540528
265.19995,-49.093723,150828002701221,5946718401318557440,b'17404798-4905373',35.880447,0,0,-0.12974311,0.15864593,33,0.111304134,0.10159414,0,0.009965837,0.047225866,0,-0.0005933456,0.034928113,0,0.008239176,0.061802458,0.011357769,0.12203487,0,-0.020075316,0.064867675,0,0.13234639,0.1075621,0,6095.8096,4.4006286,2.3887758,1.0944093,-32.56318,-31.984495,0.27562734,5.540678,0.017501928,10.576866,1.0246113976379698,0.9902110765948476,180.483327130723
337.36884,-7.3184443,140707003101041,2621655046865027712,b'22292852-0719064',128.18532,0,0,0.009642905,0.02973805,32,-0.029145934,0.05142114,0,0.009480171,0.014930402,0,-0.008616213,0.0117051955,0,0.04008671,0.056442443,-0.019985914,0.030689158,0,-0.011789724,0.022822116,0,0.03402224,0.037220687,0,5420.632,4.5468287,4.066925,0.8891211,8.147361,8.066078,0.20549536,6.3006277,0.015810912,11.404875,1.042548779032986,0.9901450005093488,158.71434523896724
33.22504,-25.804903,160107003101003,5118120941037811584,b'02125399-2548173',161.83438,0,0,-0.6114864,0.071632646,32,-0.033390146,0.04033004,0,0.00832618,0.032215998,0,-0.017179422,0.013333211,0,0.028029636,0.058367476,0.030301452,0.06888276,0,-0.020424165,0.03605226,0,0.12844962,0.05455305,0,6451.697,4.2040887,2.7999535,1.2325187,13.160092,13.299498,0.28749195,5.385012,0.017530516,9.807679,1.0604876176005196,0.9899241898742777,185.70060753810762
33.388126,-25.766148,160107003101001,5118127744266022912,b'02133314-2545581',119.76276,0,0,-0.0007952079,0.025700143,32,-0.0032081841,0.053633064,0,-0.021102041,0.023656633,0,0.0020163897,0.011800003,0,0.032927584,0.056114107,0.01398854,0.036842775,0,-0.046215866,0.031730298,0,0.018421896,0.04719406,0,5861.829,4.421532,4.106277,1.0137074,38.58853,39.64095,0.21464509,7.686696,0.018531652,10.093137,0.9481598679153485,0.9898647127489534,130.0949068364353
179.87546,-48.241306,151219004601064,5371291464801734912,b'11593011-4814287',189.57031,0,0,-0.13119096,0.06713459,32,0.100857824,0.035394117,0,-0.026210163,0.01565963,0,-0.0060582776,0.008543426,0,0.06437211,0.054927725,0.051146135,0.02705123,0,0.0022631977,0.025383199,0,0.012997255,0.038220312,0,6014.938,4.245878,6.177258,1.0601095,94.603424,94.60039,0.2171622,5.235442,0.015637398,10.367382,0.9546586557600024,0.9895228135874191,191.00584057659316
278.25192,-39.751415,150831002001021,6723758966741956224,b'18330045-3945050',133.04317,0,0,-0.20519349,0.07546067,32,0.046838455,0.036275964,0,-0.019006811,0.027236111,0,-0.0032320023,0.012417473,0,-0.020377122,0.05695446,-0.018726602,0.026465934,0,0.0043863505,0.02817076,0,0.07311221,0.057456866,0,6241.947,4.2044067,4.5547595,1.1281326,-16.520325,-16.657768,0.21575814,6.4206104,0.038636226,9.624439,0.9643289198951308,0.9893317116981776,155.74843164444303
231.21625,-73.73422,170725001601389,5794269018162164096,b'15245189-7344032',66.58548,0,0,0.034383997,0.042809546,32,-0.12169034,0.09097777,0,0.026416749,0.02379325,0,0.0013475325,0.020583395,0,0.01901352,0.05963843,0.006025225,0.056404416,0,0.0040725637,0.030957952,0,0.116932146,0.054811545,0,5391.511,4.5330133,5.178284,0.88220656,5.113737,5.937265,0.21937357,5.674742,0.01167075,11.622262,1.0594225591860513,0.9893123538849357,176.21946513163064
92.35379,4.2526,140118003001138,3317418587516752896,b'06092492+0415094',256.14114,0,0,-0.25613856,0.06379341,32,0.060819265,0.031769805,0,-0.0016515851,0.026797103,0,0.016983397,0.010579981,0,-0.027473748,0.058373123,0.011393487,0.05218948,0,-0.012556985,0.02964325,0,0.11752335,0.042192124,0,6473.9873,4.2282715,2.7844815,1.2037389,2.6100452,1.2443119,0.27901784,5.32983,0.11142973,9.893977,0.9579989165213949,0.9891175637177394,187.6232450190719
230.20337,-14.274472,200528002601206,6308062830354023808,b'15204880-1416282',172.82245,0,0,-0.07948508,0.030669779,32,0.14924759,0.041527294,0,-0.009606928,0.017602915,0,0.0006620772,0.010088906,0,-0.010571234,0.05614793,0.0051211715,0.030620372,0,0.021156335,0.02349159,0,0.12806529,0.03680935,0,5892.8115,4.4182587,4.2883387,1.0044044,-14.948478,-14.792909,0.20923902,5.413729,0.018125419,10.989082,0.9766321004527002,0.9889979972384932,184.71556296962777
126.333626,-19.362694,170511000101039,5707379562014977152,b'08252007-1921456',135.03429,0,0,-0.07240099,0.07985212,32,0.12684745,0.046435747,0,-0.0026290491,0.018643072,0,0.015106499,0.012756871,0,-0.050434448,0.056731656,0.024718523,0.036455147,0,0.007788865,0.029459372,0,-0.017208535,0.044036444,0,5893.3022,4.3062334,8.175785,0.96725595,-5.0050297,-3.9661026,0.20978126,6.0869017,0.02792326,10.384018,0.9599850105321758,0.9887545189818098,164.28719392659158
82.45463,3.64575,160811004601279,3236036890058556544,b'05294911+0338447',134.6115,0,0,-0.05347125,0.04643173,32,-0.083263494,0.052139506,0,-0.02072306,0.0234709,0,-0.031454667,0.012582722,0,-0.0044294074,0.057256334,0.02010864,0.03460121,0,0.041433327,0.02873986,0,-0.01708595,0.04236808,0,5835.338,4.403901,5.830839,0.9742864,-22.963205,-22.839342,0.2100174,6.282289,0.023626318,10.7193575,1.0250182715173424,0.9886490741227948,159.17765005716868
287.52484,-29.11025,170603006601339,6762301045488196864,b'19100594-2906369',188.81032,0,0,-0.06764864,0.027707122,32,0.18515576,0.027071722,0,-0.027857926,0.015550356,0,-0.00037592463,0.008930312,0,0.05255509,0.054709516,0.023523048,0.026748033,0,0.021447035,0.02445232,0,0.08309815,0.035389952,0,5928.2026,4.294608,6.897551,1.0170542,-42.706676,-42.255413,0.21250135,6.322573,0.018825956,10.287011,0.9386809379741484,0.9883660877914091,158.16345655479185
289.75522,-12.532278,200824000801301,4186063147481113472,b'19190125-1231555',114.21204,0,0,-0.109337784,0.079505615,32,0.12338948,0.04253938,0,-0.015530348,0.023695102,0,0.0069547594,0.015287749,0,-0.014184676,0.05780197,0.026932418,0.032475684,0,-0.022410162,0.031228196,0,0.13058421,0.061481435,0,6182.119,4.226179,4.8804665,1.1049435,-8.227464,-8.604007,0.21744418,5.360293,0.018498596,10.209274,0.9495435598967299,0.9881504576735348,186.55696619569116
289.61075,-26.76314,161006002601136,6768942714192339584,b'19182658-2645472',95.93595,0,0,-0.040317804,0.049425803,32,0.14226462,0.05863778,0,0.04670725,0.018952144,0,0.031461693,0.01326828,0,0.03237466,0.056490276,0.01849179,0.039511204,0,0.008662248,0.032547437,0,0.039033346,0.048883405,0,5777.4634,4.3941917,6.364596,0.9749749,-29.932331,-29.752102,0.21408342,5.2242584,0.016657233,11.052241,1.0357276180025348,0.988093216107945,191.4147278779319
130.11441,20.383083,160401002101291,664430104958271616,b'08402745+2022591',163.35347,0,0,0.004619008,0.041319523,32,0.12057408,0.04458203,0,0.026667237,0.020331562,0,0.017604124,0.010349024,0,-0.07439908,0.056849398,0.0032209307,0.028649028,0,-0.020519685,0.025132209,0,0.060941517,0.03736055,0,5776.828,4.423722,6.2754407,0.9472787,-33.801872,-33.26067,0.21110578,8.190216,0.017435558,10.082464,1.0210878605313796,0.9875967986160714,122.09690196204838
