i,j,d_chem,d_act,d_age,d_total,name_i,name_j,hab_i,hab_j
14,15,0.7354850695669526,0.8527591262691833,0.1862820851541288,1.7745262809902647,HD 271200,BD-08  6091,0.9913680789520726,0.9911042011418684
20,22,1.6476462091501518,0.5196140207095035,0.33137425965883915,2.4986344895184947,TYC 8351-2149-1,HD  13684A,0.9902110765948476,0.9899241898742775
9,10,1.5123129464748437,0.9161801703875638,0.17580736664419042,2.6043004835065977,TYC 9263-701-1,HD 217340,0.992456910945104,0.9923914331934592
19,26,1.6125419699668249,0.6052969462328892,0.43800776931365687,2.655846685513371,TYC 5248-636-1,TYC 5606-566-1,0.9902150085743344,0.9889979972384932
13,15,2.0748631599669527,0.34373558648048397,0.3244476623519085,2.743046408799345,TYC 8351-1776-1,BD-08  6091,0.991384927374343,0.9911042011418684
14,29,2.000973397345439,0.22795049641387852,0.5449662238803568,2.7738901176396737,HD 271200,HD 180950,0.9913680789520726,0.9881504576735348
2,6,1.8806163318877236,0.6667224648726597,0.3597148233686043,2.9070536201289876,TYC 7413-1369-1,HD 271308,0.9948926865069556,0.9935994695920594
10,25,1.7486522431027942,1.2124827761628283,0.009316860486869843,2.9704518797524924,HD 217340,TYC 9271-1853-1,0.9923914331934592,0.9893123538849355
0,17,1.5045026797273657,0.955875747294214,0.5585522576849689,3.0189306847065485,BD-03  3321,HD 183193,0.9969227583789892,0.9910268582282452
13,19,1.127288761321753,1.9457159195176021,0.004960406578956078,3.077965087418311,TYC 8351-1776-1,TYC 5248-636-1,0.991384927374343,0.9902150085743344
0,5,1.8384551892620868,0.7622803565528242,0.4882595489565932,3.088995094771504,BD-03  3321,TYC 6897-1616-1,0.9969227583789892,0.9939321090920874
2,25,1.7955683110430234,0.2286284920331083,1.1049988667553956,3.1291956698315273,TYC 7413-1369-1,TYC 9271-1853-1,0.9948926865069556,0.9893123538849355
8,10,1.262552654434418,0.49193061730132,1.4179166261402056,3.172399897875944,CD-60  1593,HD 217340,0.9934140821873566,0.9923914331934592
13,26,1.1947418096297764,1.583090652841924,0.44296817589261295,3.220800638364313,TYC 8351-1776-1,TYC 5606-566-1,0.991384927374343,0.9889979972384932
1,8,1.6008186444014771,1.454774028733606,0.21173344373220337,3.2673261168672862,CD-30  7056,CD-60  1593,0.9953865433639338,0.9934140821873566
11,21,1.5801307604599752,1.045919251221081,0.6856267526113826,3.311676764292439,CPD-63   349,TYC 5232-208-1,0.9921674773952948,0.9901450005093488
13,14,2.290062480216727,0.5546175095961559,0.5107297475060373,3.3554097373189204,TYC 8351-1776-1,HD 271200,0.991384927374343,0.9913680789520726
21,26,2.5097574629210877,0.6754340379975661,0.17844061318457705,3.363632114103231,TYC 5232-208-1,TYC 5606-566-1,0.9901450005093488,0.9889979972384932
9,25,2.6905822428552217,0.5250869579581539,0.16649050615732058,3.3821597069706963,TYC 9263-701-1,TYC 9271-1853-1,0.992456910945104,0.9893123538849355
15,26,2.00629505672447,1.2598499273245185,0.11852051354070448,3.384665497589693,BD-08  6091,TYC 5606-566-1,0.9911042011418684,0.9889979972384932
2,21,1.9850117798716642,1.1928622986118564,0.2093380226965197,3.3872121011800402,TYC 7413-1369-1,TYC 5232-208-1,0.9948926865069556,0.9901450005093488
7,16,2.0923612501960926,0.6936051978603016,0.6045396189084268,3.390506066964821,TYC 7915-779-1,HD 122625,0.9934194074914954,0.9910369520989836
11,25,1.8272695817478697,1.4034230203735787,0.21003409144749335,3.4407266935689416,CPD-63   349,TYC 9271-1853-1,0.9921674773952948,0.9893123538849355
13,29,2.7429237543993983,0.6713747301751367,0.034236476374319424,3.4485349609488543,TYC 8351-1776-1,HD 180950,0.991384927374343,0.9881504576735348
1,16,1.8397382707930139,1.6104626845909171,0.02488012605440848,3.475081081438339,CD-30  7056,HD 122625,0.9953865433639338,0.9910369520989836
8,17,1.6652091510915161,1.3479145388683145,0.46294978963699496,3.4760734795968258,CD-60  1593,HD 183193,0.9934140821873566,0.9910268582282452
8,16,2.0618175793707767,1.2354291403352775,0.1868533176777949,3.484100037383849,CD-60  1593,HD 122625,0.9934140821873566,0.9910369520989836
7,29,1.897419766586307,0.7117753799432517,0.8758561286482203,3.485051275177779,TYC 7915-779-1,HD 180950,0.9934194074914954,0.9881504576735348
7,25,2.048650887791478,0.8039497610630081,0.6358405500408537,3.4884411988953397,TYC 7915-779-1,TYC 9271-1853-1,0.9934194074914954,0.9893123538849355
15,25,1.4467861836459657,1.488609914038037,0.5986997173335945,3.5340958150175976,BD-08  6091,TYC 9271-1853-1,0.9911042011418684,0.9893123538849355
7,8,1.6989543236911708,1.0500412012340015,0.7913929365862217,3.540388461511394,TYC 7915-779-1,CD-60  1593,0.9934194074914954,0.9934140821873566
2,3,2.082897027557401,0.7635375837523084,0.7507514510670997,3.597186062376809,TYC 7413-1369-1,TYC 1071-934-1,0.9948926865069556,0.9944493696993356
16,29,1.3564897963536833,0.7808929721104385,1.4803957475566472,3.6177785160207687,HD 122625,HD 180950,0.9910369520989836,0.9881504576735348
7,9,2.3158106960881644,0.5229049814301922,0.8023310561981744,3.641046733716531,TYC 7915-779-1,TYC 9263-701-1,0.9934194074914954,0.992456910945104
3,6,2.345011893110382,0.18846635734050515,1.1104662744357041,3.6439445248865914,TYC 1071-934-1,HD 271308,0.9944493696993356,0.9935994695920594
7,10,1.6985866773333371,1.3392485972458945,0.6265236895539839,3.6643589641332155,TYC 7915-779-1,HD 217340,0.9934194074914954,0.9923914331934592
5,26,2.5596344900615633,0.4732552735199626,0.6346921212228174,3.6675818848043433,TYC 6897-1616-1,TYC 5606-566-1,0.9939321090920874,0.9889979972384932
2,20,0.6495325199554981,1.9029867746238018,1.14310752273815,3.69562681731745,TYC 7413-1369-1,TYC 8351-2149-1,0.9948926865069556,0.9902110765948476
2,14,1.7898407682409907,1.60341624384487,0.3200170642676724,3.713274076353533,TYC 7413-1369-1,HD 271200,0.9948926865069556,0.9913680789520726
20,26,1.9540274092288932,0.2327206452096325,1.5308861586192468,3.7176342130577726,TYC 8351-2149-1,TYC 5606-566-1,0.9902110765948476,0.9889979972384932
11,13,1.7878148292668221,1.9050752135354767,0.06421796353419265,3.7571080063364914,CPD-63   349,TYC 8351-1776-1,0.9921674773952948,0.991384927374343
15,29,2.486250909070648,0.91358707582029,0.3586841387262279,3.7585221236171664,BD-08  6091,HD 180950,0.9911042011418684,0.9881504576735348
8,25,1.612597729303505,0.7433512445993178,1.4272334866270755,3.7831824605298987,CD-60  1593,TYC 9271-1853-1,0.9934140821873566,0.9893123538849355
15,21,2.3698377123520054,1.1187798909484148,0.2969611267252815,3.7855787300257013,BD-08  6091,TYC 5232-208-1,0.9911042011418684,0.9901450005093488
11,26,1.8940927359423885,1.393645176704439,0.5071861394268056,3.794924052073633,CPD-63   349,TYC 5606-566-1,0.9921674773952948,0.9889979972384932
2,15,1.9421778685299675,1.3513857664313464,0.5062991494218012,3.799862784383115,TYC 7413-1369-1,BD-08  6091,0.9948926865069556,0.9911042011418684
1,7,1.2488520493442912,1.9742259234693522,0.5796594928540183,3.802737465667662,CD-30  7056,TYC 7915-779-1,0.9953865433639338,0.9934194074914954
23,29,1.7823711017394108,1.4543807393302544,0.6239308999445896,3.860682741014255,HD  13767,HD 180950,0.9898647127489534,0.9881504576735348
20,21,1.6771520117888195,0.8347044651825106,1.3524455454346698,3.8643020224059996,TYC 8351-2149-1,TYC 5232-208-1,0.9902110765948476,0.9901450005093488
2,29,1.5566926169305761,1.4452274173683275,0.864983288148029,3.8669033224469325,TYC 7413-1369-1,HD 180950,0.9948926865069556,0.9881504576735348
11,15,1.88789301983342,1.611228171179172,0.3886656258861011,3.8877868168986933,CPD-63   349,BD-08  6091,0.9921674773952948,0.9911042011418684
3,15,2.665901503519528,1.030188278892027,0.24445230164529852,3.9405420840568532,TYC 1071-934-1,BD-08  6091,0.9944493696993356,0.9911042011418684
7,13,2.1897219770481224,0.8426364217044642,0.9100926050225397,3.9424510037751266,TYC 7915-779-1,TYC 8351-1776-1,0.9934194074914954,0.991384927374343
2,16,0.419490981646151,1.190896245479017,2.345379035704676,3.955766262829844,TYC 7413-1369-1,HD 122625,0.9948926865069556,0.9910369520989836
0,4,2.2370326604199495,0.46945498124696944,1.3062919239549577,4.0127795656218765,BD-03  3321,BD-02  3362,0.9969227583789892,0.9942908938756364
15,19,2.1039258930409237,1.6598704400515798,0.3194872557729524,4.083283588865456,BD-08  6091,TYC 5248-636-1,0.9911042011418684,0.9902150085743344
21,22,2.083146165588807,0.9868616506096477,1.0210712857758306,4.091079101974286,TYC 5232-208-1,HD  13684A,0.9901450005093488,0.9899241898742775
11,19,2.149882905244786,1.8744912686237825,0.06917837011314873,4.093552543981717,CPD-63   349,TYC 5248-636-1,0.9921674773952948,0.9902150085743344
21,25,1.8079134896477786,1.390708016872782,0.895660844058876,4.094282350579437,TYC 5232-208-1,TYC 9271-1853-1,0.9901450005093488,0.9893123538849355
10,11,3.0870780429906284,0.7907331077041126,0.2193509519343632,4.097162102629104,HD 217340,CPD-63   349,0.9923914331934592,0.9921674773952948
3,25,2.813073017772555,0.9336478552270877,0.354247415688296,4.100968288687939,TYC 1071-934-1,TYC 9271-1853-1,0.9944493696993356,0.9893123538849355
5,17,2.519483622378567,0.5462527696206918,1.0468118066415621,4.112548198640821,TYC 6897-1616-1,HD 183193,0.9939321090920874,0.9910268582282452
8,9,1.9780324816939432,0.5459382272970903,1.593723992784396,4.117694701775429,CD-60  1593,TYC 9263-701-1,0.9934140821873566,0.992456910945104
10,21,2.881712684461542,0.3362000820972869,0.9049777045457459,4.122890471104575,HD 217340,TYC 5232-208-1,0.9923914331934592,0.9901450005093488
7,28,1.6888795947637347,1.6960250836097277,0.7497424455371483,4.134647123910611,TYC 7915-779-1,HD 178528B,0.9934194074914954,0.9883660877914092
1,17,2.810173031878419,1.1174068246740956,0.2512163459047916,4.178796202457306,CD-30  7056,HD 183193,0.9953865433639338,0.9910268582282452
15,16,2.041450686364474,0.3066747594534428,1.839079886282875,4.187205332100792,BD-08  6091,HD 122625,0.9911042011418684,0.9910369520989836
14,26,2.024614978677304,2.1124018974762366,0.06776157161342433,4.204778447766964,HD 271200,TYC 5606-566-1,0.9913680789520726,0.9889979972384932
13,25,2.348402736732439,1.5939783287354583,0.27425205498168603,4.2166331204495835,TYC 8351-1776-1,TYC 9271-1853-1,0.991384927374343,0.9893123538849355
1,10,1.9126606717797334,1.1109214721858132,1.2061831824080023,4.229765326373549,CD-30  7056,HD 217340,0.9953865433639338,0.9923914331934592
4,17,2.20039110696166,1.3050166538285537,0.7477396662699889,4.2531474270602025,BD-02  3362,HD 183193,0.9942908938756364,0.9910268582282452
10,26,2.5881703939033893,0.9430496616331376,0.7265370913611688,4.257757146897696,HD 217340,TYC 5606-566-1,0.9923914331934592,0.9889979972384932
4,16,1.8523180509861166,1.950636502914591,0.4716431943107888,4.274597748211496,BD-02  3362,HD 122625,0.9942908938756364,0.9910369520989836
2,9,2.9348199302212663,0.40763394860391533,0.9385083605980751,4.280962239423257,TYC 7413-1369-1,TYC 9263-701-1,0.9948926865069556,0.992456910945104
9,30,2.2378937166063007,0.9408744988735166,1.1225570942149814,4.301325309694799,TYC 9263-701-1,TYC 6883-1588-1,0.992456910945104,0.988093216107945
7,15,2.242148484155516,0.8449012833665468,1.2345402673744483,4.321590034896511,TYC 7915-779-1,BD-08  6091,0.9934194074914954,0.9911042011418684
5,10,2.9591761365919815,1.2768253088902204,0.09184497013835145,4.327846415620553,TYC 6897-1616-1,HD 217340,0.9939321090920874,0.9923914331934592
3,29,2.653732268945071,1.5659494343597127,0.11423183708092938,4.333913540385713,TYC 1071-934-1,HD 180950,0.9944493696993356,0.9881504576735348
2,11,2.251264098865828,1.1922368148445661,0.8949647753079023,4.338465689018296,TYC 7413-1369-1,CPD-63   349,0.9948926865069556,0.9921674773952948
1,30,3.199076372225457,0.9049817850502538,0.25943345483721114,4.363491612112922,CD-30  7056,TYC 6883-1588-1,0.9953865433639338,0.988093216107945
14,25,1.9452030838514789,1.6407760443902681,0.7849818024877233,4.370960930729471,HD 271200,TYC 9271-1853-1,0.9913680789520726,0.9893123538849355
2,7,1.8660358577840965,0.7671594234978986,1.7408394167962493,4.374034698078244,TYC 7413-1369-1,TYC 7915-779-1,0.9948926865069556,0.9934194074914954
3,9,3.6952905643133236,0.5164207451522336,0.18775690953097537,4.399468218996533,TYC 1071-934-1,TYC 9263-701-1,0.9944493696993356,0.992456910945104
3,14,2.341236080003686,1.6309088054658207,0.4307343867994273,4.402879272268934,TYC 1071-934-1,HD 271200,0.9944493696993356,0.9913680789520726
10,17,2.549929756962713,0.9201117221213647,0.9549668365032106,4.425008315587289,HD 217340,HD 183193,0.9923914331934592,0.9910268582282452
15,20,1.5585657115029337,1.2199575512075373,1.6494066721599512,4.427929934870422,BD-08  6091,TYC 8351-2149-1,0.9911042011418684,0.9902110765948476
2,26,2.2296193114370757,1.815148121637328,0.38777863588109673,4.4325460689555,TYC 7413-1369-1,TYC 5606-566-1,0.9948926865069556,0.9889979972384932
6,22,2.662758741388577,1.3215692767523504,0.45201843971070654,4.436346457851634,HD 271308,HD  13684A,0.9935994695920594,0.9899241898742775
0,27,2.4990012927924723,1.8296672979610198,0.12017239743426844,4.448840988187761,BD-03  3321,TYC  105-2108-1,0.9969227583789892,0.9886490741227948
3,16,1.8426899906324494,1.0346569991386212,1.5946275846375766,4.471974574408647,TYC 1071-934-1,HD 122625,0.9944493696993356,0.9910369520989836
7,26,1.306429394773236,1.8144222407009802,1.3530607809151527,4.4739124163893695,TYC 7915-779-1,TYC 5606-566-1,0.9934194074914954,0.9889979972384932
6,20,2.4350600730180516,1.2730925018675678,0.7833926993695457,4.491545274255165,HD 271308,TYC 8351-2149-1,0.9935994695920594,0.9902110765948476
14,23,3.061814440352692,1.3510178158745503,0.07896467606423285,4.491796932291475,HD 271200,HD  13767,0.9913680789520726,0.9898647127489534
10,30,2.7563422580406507,0.7945358021007299,0.946749727570791,4.4976277877121715,HD 217340,TYC 6883-1588-1,0.9923914331934592,0.988093216107945
8,30,3.213469866729037,0.8150702191534569,0.4711668985694145,4.499706984451908,CD-60  1593,TYC 6883-1588-1,0.9934140821873566,0.988093216107945
26,29,1.883546021201031,2.15332278710613,0.47720465226693237,4.514073460574093,TYC 5606-566-1,HD 180950,0.9889979972384932,0.9881504576735348
2,23,1.6670535503742403,2.6161188040109025,0.24105238820343955,4.524224742588583,TYC 7413-1369-1,HD  13767,0.9948926865069556,0.9898647127489534
7,14,2.2520010882361903,0.8570775927014529,1.420822352528577,4.529901033466221,TYC 7915-779-1,HD 271200,0.9934194074914954,0.9913680789520726
2,22,1.8668151498767234,1.857407851706833,0.8117332630793108,4.535956264662867,TYC 7413-1369-1,HD  13684A,0.9948926865069556,0.9899241898742775
0,10,2.3075495194089117,1.8365363271630366,0.3964145788182417,4.5405004253901895,BD-03  3321,HD 217340,0.9969227583789892,0.9923914331934592
5,29,2.3589627392392396,2.060383280113809,0.15748746895588497,4.576833488308933,TYC 6897-1616-1,HD 180950,0.9939321090920874,0.9881504576735348
14,16,1.7708798328689788,0.7836720193387356,2.025361971437004,4.579913823644718,HD 271200,HD 122625,0.9913680789520726,0.9910369520989836
25,29,2.8876876087939514,1.4685496303118335,0.24001557860736658,4.596252817713152,TYC 9271-1853-1,HD 180950,0.9893123538849355,0.9881504576735348
3,10,3.738465243418277,0.4973661495420818,0.3635642761751658,4.599395669135524,TYC 1071-934-1,HD 217340,0.9944493696993356,0.9923914331934592
10,15,2.7284264874766992,1.2823928557530364,0.6080165778204644,4.6188359210502,HD 217340,BD-08  6091,0.9923914331934592,0.9911042011418684
22,26,2.762673928147097,0.6587067933519347,1.1995118989604077,4.62089262045944,HD  13684A,TYC 5606-566-1,0.9899241898742775,0.9889979972384932
6,21,3.504487486313111,0.5582430985392162,0.569052846065124,4.631783430917451,HD 271308,TYC 5232-208-1,0.9935994695920594,0.9901450005093488
16,25,2.0692190674193736,1.329236569842136,1.2403801689492806,4.63883580621079,HD 122625,TYC 9271-1853-1,0.9910369520989836,0.9893123538849355
3,11,3.3799028963840327,1.1476325126765858,0.1442133242408026,4.671748733301421,TYC 1071-934-1,CPD-63   349,0.9944493696993356,0.9921674773952948
17,26,2.840428477437311,0.15492015331071474,1.6815039278643793,4.6768525586124055,HD 183193,TYC 5606-566-1,0.9910268582282452,0.9889979972384932
10,13,2.8094291367887174,1.5924389225205655,0.28356891546855584,4.685436974777839,HD 217340,TYC 8351-1776-1,0.9923914331934592,0.991384927374343
9,29,3.3893303308391736,1.223714007135012,0.073525072450046,4.686569410424232,TYC 9263-701-1,HD 180950,0.992456910945104,0.9881504576735348
2,10,2.5680578775388585,1.005168912518913,1.1143157272422655,4.687542517300036,TYC 7413-1369-1,HD 217340,0.9948926865069556,0.9923914331934592
16,28,3.0711372922862408,1.4737973914692766,0.14520282662872153,4.690137510384239,HD 122625,HD 178528B,0.9910369520989836,0.9883660877914092
3,21,3.6560069446111756,0.5044989345813063,0.54141342837058,4.701919307563062,TYC 1071-934-1,TYC 5232-208-1,0.9944493696993356,0.9901450005093488
5,7,2.1669796272073465,1.8314899102039992,0.7183686596923353,4.716838197103681,TYC 6897-1616-1,TYC 7915-779-1,0.9939321090920874,0.9934194074914954
14,21,2.7464298341173072,1.887332585402167,0.11067904157115271,4.744441461090627,HD 271200,TYC 5232-208-1,0.9913680789520726,0.9901450005093488
16,17,3.1434149961092657,1.3277343264579013,0.27609647195920006,4.747245794526368,HD 122625,HD 183193,0.9910369520989836,0.9910268582282452
9,15,3.2960744699658653,1.020810616340418,0.43220921117627387,4.749094297482557,TYC 9263-701-1,BD-08  6091,0.992456910945104,0.9911042011418684
5,19,3.9886649765386184,0.6142694884756774,0.19668435190916048,4.799618816923457,TYC 6897-1616-1,TYC 5248-636-1,0.9939321090920874,0.9902150085743344
0,26,2.711343983201723,0.9787064538554076,1.1229516701794104,4.8130021072365405,BD-03  3321,TYC 5606-566-1,0.9969227583789892,0.9889979972384932
1,9,1.7017166248903945,1.7447553727080545,1.3819905490521927,4.828462546650641,CD-30  7056,TYC 9263-701-1,0.9953865433639338,0.992456910945104
25,30,2.7972438534783532,1.0903940273727413,0.9560665880576609,4.843704468908755,TYC 9271-1853-1,TYC 6883-1588-1,0.9893123538849355,0.988093216107945
7,17,2.7882036121969973,1.7678814335692976,0.3284431469492267,4.884528192715522,TYC 7915-779-1,HD 183193,0.9934194074914954,0.9910268582282452
3,8,2.7635972165215774,0.37195402281083845,1.7814809023153715,4.917032141647788,TYC 1071-934-1,CD-60  1593,0.9944493696993356,0.9934140821873566
13,16,2.943756179373477,0.4597148421401796,1.5146322239309664,4.918103245444623,TYC 8351-1776-1,HD 122625,0.991384927374343,0.9910369520989836
5,13,3.3140064979923918,1.4207335808571322,0.1917239453302044,4.926464024179728,TYC 6897-1616-1,TYC 8351-1776-1,0.9939321090920874,0.991384927374343
11,22,2.100649992996005,1.1209078635767153,1.7066980383872132,4.928255894959934,CPD-63   349,HD  13684A,0.9921674773952948,0.9899241898742775
11,29,2.831475606292316,2.0962036128167245,0.029981487159873227,4.957660706268914,CPD-63   349,HD 180950,0.9921674773952948,0.9881504576735348
4,5,1.9452493234095536,1.2202297459729727,1.794551472911551,4.960030542294078,BD-02  3362,TYC 6897-1616-1,0.9942908938756364,0.9939321090920874
13,21,2.9431470729764615,1.4381192342178424,0.62140878907719,5.002675096271494,TYC 8351-1776-1,TYC 5232-208-1,0.991384927374343,0.9901450005093488
2,8,1.9113438846663804,0.5600640591319673,2.5322323533824713,5.003640297180819,TYC 7413-1369-1,CD-60  1593,0.9948926865069556,0.9934140821873566
0,7,2.4867943250153886,2.2938256817506018,0.2301091107357422,5.010729117501732,BD-03  3321,TYC 7915-779-1,0.9969227583789892,0.9934194074914954
1,4,2.6663537503167354,1.8574926715958682,0.4965233203651973,5.020369742277801,CD-30  7056,BD-02  3362,0.9953865433639338,0.9942908938756364
4,8,2.197813340750718,2.5387046557823836,0.28478987663299393,5.021307873166095,BD-02  3362,CD-60  1593,0.9942908938756364,0.9934140821873566
6,23,1.9254047386612234,2.496042261459324,0.6007672115720438,5.022214211692591,HD 271308,HD  13767,0.9935994695920594,0.9898647127489534
7,11,2.565460867175602,1.611552441778053,0.8458746414883471,5.022887950442001,TYC 7915-779-1,CPD-63   349,0.9934194074914954,0.9921674773952948
11,14,2.2632656882096285,2.1898519542290193,0.5749477110402299,5.028065353478878,CPD-63   349,HD 271200,0.9921674773952948,0.9913680789520726
7,30,3.559925356107619,1.1528320393352398,0.32022603801680716,5.032983433459666,TYC 7915-779-1,TYC 6883-1588-1,0.9934194074914954,0.988093216107945
25,26,2.3015846782087177,2.017848751537327,0.717220230874299,5.036653660620344,TYC 9271-1853-1,TYC 5606-566-1,0.9893123538849355,0.9889979972384932
9,13,3.8248220208807306,1.165852896725977,0.10776154882436542,5.098436466431073,TYC 9263-701-1,TYC 8351-1776-1,0.992456910945104,0.991384927374343
14,20,1.5912962219055935,2.066102344383582,1.4631245870058223,5.1205231532949975,HD 271200,TYC 8351-2149-1,0.9913680789520726,0.9902110765948476
6,29,2.4352382681350897,1.4615756828708433,1.2246981115166333,5.121512062522566,HD 271308,HD 180950,0.9935994695920594,0.9881504576735348
11,20,1.6596030799877617,1.428773413384216,2.0380722980460524,5.12644879141803,CPD-63   349,TYC 8351-2149-1,0.9921674773952948,0.9902110765948476
14,19,2.1439797784615604,2.489485192479925,0.5057693409270811,5.139234311868567,HD 271200,TYC 5248-636-1,0.9913680789520726,0.9902150085743344
0,8,1.9316737809939657,2.1995462480086885,1.0215020473219638,5.152722076324618,BD-03  3321,CD-60  1593,0.9969227583789892,0.9934140821873566
16,30,3.8480090085525815,1.028761347970829,0.2843135808916196,5.16108393741503,HD 122625,TYC 6883-1588-1,0.9910369520989836,0.988093216107945
0,19,3.8418263335190024,0.6387935466710993,0.6849439008657536,5.165563781055855,BD-03  3321,TYC 5248-636-1,0.9969227583789892,0.9902150085743344
3,26,3.66833955735124,1.1395125947568794,0.362972815186003,5.170824967294123,TYC 1071-934-1,TYC 5606-566-1,0.9944493696993356,0.9889979972384932
5,21,3.4018575840518306,0.9594285316885655,0.8131327344073944,5.17441885014779,TYC 6897-1616-1,TYC 5232-208-1,0.9939321090920874,0.9901450005093488
6,9,3.4427252194612454,0.4414980104032455,1.2982231839666794,5.182446413831171,HD 271308,TYC 9263-701-1,0.9935994695920594,0.992456910945104
5,28,1.4098178584775583,2.319619564077916,1.4681111052294837,5.197548527784958,TYC 6897-1616-1,HD 178528B,0.9939321090920874,0.9883660877914092
3,13,3.851591094200069,1.2817224517067465,0.07999536070660995,5.213308906613426,TYC 1071-934-1,TYC 8351-1776-1,0.9944493696993356,0.991384927374343
0,13,2.819273890743331,1.714660557405805,0.6799834942867975,5.213917942435933,BD-03  3321,TYC 8351-1776-1,0.9969227583789892,0.991384927374343
2,13,2.898949525343218,1.4971102686819286,0.8307468117737097,5.226806605798856,TYC 7413-1369-1,TYC 8351-1776-1,0.9948926865069556,0.991384927374343
8,11,2.621931272478816,0.9697225837876297,1.6372675780745687,5.228921434341014,CD-60  1593,CPD-63   349,0.9934140821873566,0.9921674773952948
5,22,2.433838335159084,0.9643860542921195,1.8342040201832248,5.232428409634428,TYC 6897-1616-1,HD  13684A,0.9939321090920874,0.9899241898742775
11,16,2.339052127084405,1.4671650815533792,1.4504142603967738,5.2566314690345575,CPD-63   349,HD 122625,0.9921674773952948,0.9910369520989836
5,9,3.483541518303945,1.6948867047751082,0.08396239650583898,5.262390619584893,TYC 6897-1616-1,TYC 9263-701-1,0.9939321090920874,0.992456910945104
1,5,2.332159362571593,1.6437287805098355,1.2980281525463537,5.2739162956277825,CD-30  7056,TYC 6897-1616-1,0.9953865433639338,0.9939321090920874
19,21,3.3844058449448604,1.276898061612143,0.6164483824982339,5.277752289055238,TYC 5248-636-1,TYC 5232-208-1,0.9902150085743344,0.9901450005093488
9,14,3.320547029493355,1.3448245118976205,0.6184912963304027,5.283862837721378,TYC 9263-701-1,HD 271200,0.992456910945104,0.9913680789520726
15,23,3.3295197573161706,1.6898436011722724,0.26524676121836166,5.284610119706804,BD-08  6091,HD  13767,0.9911042011418684,0.9898647127489534
19,20,2.80418216894447,0.5239736858297157,1.9688939279329036,5.297049782707089,TYC 5248-636-1,TYC 8351-2149-1,0.9902150085743344,0.9902110765948476
3,20,2.164919425902441,1.270616758721233,1.8938589738052496,5.329395158428923,TYC 1071-934-1,TYC 8351-2149-1,0.9944493696993356,0.9902110765948476
1,11,3.298320965490463,0.6220019797188806,1.4255341343423653,5.345857079551709,CD-30  7056,CPD-63   349,0.9953865433639338,0.9921674773952948
7,21,2.4720118404058615,1.3482685852377978,1.5315013940997297,5.351781819743389,TYC 7915-779-1,TYC 5232-208-1,0.9934194074914954,0.9901450005093488
10,16,2.863581876454453,1.2664087820289034,1.2310633084624107,5.361053966945767,HD 217340,HD 122625,0.9923914331934592,0.9910369520989836
16,23,1.6682447789734722,1.60018865950561,2.1043266475012365,5.372760085980319,HD 122625,HD  13767,0.9910369520989836,0.9898647127489534
21,23,2.6446162970460723,2.6977259954797086,0.03171436550691986,5.374056658032701,TYC 5232-208-1,HD  13767,0.9901450005093488,0.9898647127489534
5,11,3.46471463443305,1.7818443629704646,0.12750598179601175,5.3740649791995265,TYC 6897-1616-1,CPD-63   349,0.9939321090920874,0.9921674773952948
28,29,2.6936822992550082,1.0566876845001667,1.6255985741853687,5.375968557940544,HD 178528B,HD 180950,0.9883660877914092,0.9881504576735348
10,29,3.215506056469559,1.9180387660142197,0.2493324390942364,5.382877261578015,HD 217340,HD 180950,0.9923914331934592,0.9881504576735348
6,16,1.7904254649411042,0.9122636068451169,2.7050938590732807,5.407782930859502,HD 271308,HD 122625,0.9935994695920594,0.9910369520989836
8,28,2.7689273306761693,2.610474132285249,0.04165049104907337,5.421051954010491,CD-60  1593,HD 178528B,0.9934140821873566,0.9883660877914092
19,29,2.816012794028394,2.5699767633667783,0.0391968829532755,5.4251864403484475,TYC 5248-636-1,HD 180950,0.9902150085743344,0.9881504576735348
13,17,2.6555636499862065,1.534425443795396,1.2385357519717664,5.428524845753369,TYC 8351-1776-1,HD 183193,0.991384927374343,0.9910268582282452
17,19,3.544542761873709,0.6486248057855419,1.2434961585507225,5.436663726209973,HD 183193,TYC 5248-636-1,0.9910268582282452,0.9902150085743344
1,26,2.2692560298043993,1.245738489898211,1.932720273769171,5.447714793471782,CD-30  7056,TYC 5606-566-1,0.9953865433639338,0.9889979972384932
0,1,2.8917807900487484,1.7567089487190939,0.8097686035897604,5.4582583423576025,BD-03  3321,CD-30  7056,0.9969227583789892,0.9953865433639338
5,16,2.7515174543042593,1.384254838327606,1.3229082786007622,5.458680571232628,TYC 6897-1616-1,HD 122625,0.9939321090920874,0.9910369520989836
5,20,2.8328172170969745,0.46527420604858255,2.165578279842064,5.463669702987621,TYC 6897-1616-1,TYC 8351-2149-1,0.9939321090920874,0.9902110765948476
3,7,3.542645052494699,0.9465953075408272,0.9900879657291497,5.479328325764676,TYC 1071-934-1,TYC 7915-779-1,0.9944493696993356,0.9934194074914954
9,16,3.1661333942531753,0.9207776921067177,1.4068706751066011,5.4937817614664946,TYC 9263-701-1,HD 122625,0.992456910945104,0.9910369520989836
1,29,1.7351878704110633,2.324799808631765,1.4555156215022387,5.515503300545067,CD-30  7056,HD 180950,0.9953865433639338,0.9881504576735348
6,15,3.69477278215344,0.9552581385111111,0.8660139727904055,5.516044893454956,HD 271308,BD-08  6091,0.9935994695920594,0.9911042011418684
10,19,3.702805515632115,1.5318621741834704,0.2885293220475119,5.523197011863097,HD 217340,TYC 5248-636-1,0.9923914331934592,0.9902150085743344
1,28,2.383929985860326,2.9804450417559076,0.17008295268313,5.534457980299363,CD-30  7056,HD 178528B,0.9953865433639338,0.9883660877914092
1,25,2.3802491088456086,1.952566313179809,1.2155000428948721,5.5483154649202895,CD-30  7056,TYC 9271-1853-1,0.9953865433639338,0.9893123538849355
9,11,4.211843110651057,1.3025371291081136,0.04354358529017277,5.557923825049343,TYC 9263-701-1,CPD-63   349,0.992456910945104,0.9921674773952948
9,26,3.4272955382780275,1.5808419522956412,0.5507297247169783,5.558867215290647,TYC 9263-701-1,TYC 5606-566-1,0.992456910945104,0.9889979972384932
0,22,2.216749572344735,1.0234417613040832,2.322463569139818,5.562654902788636,BD-03  3321,HD  13684A,0.9969227583789892,0.9899241898742775
18,31,2.940128676329813,1.9675781522979026,0.6621700335593713,5.569876862187087,BD-06  6123,BD+20  2167,0.9903268199569376,0.9875967986160714
4,27,2.675891248546765,1.7197158961082708,1.1861195265206894,5.5817266711757245,BD-02  3362,TYC  105-2108-1,0.9942908938756364,0.9886490741227948
5,8,2.467314228111639,1.6118011633535292,1.509761596278557,5.588876987743725,TYC 6897-1616-1,CD-60  1593,0.9939321090920874,0.9934140821873566
16,21,2.2747142909150324,1.1799365767023038,2.1360410130081564,5.590691880625492,HD 122625,TYC 5232-208-1,0.9910369520989836,0.9901450005093488
6,14,3.3817127462292547,1.5377207145171026,0.6797318876362767,5.599165348382634,HD 271308,HD 271200,0.9935994695920594,0.9913680789520726
21,29,3.081370334809163,1.8636298991578348,0.6556452654515095,5.600645499418507,TYC 5232-208-1,HD 180950,0.9901450005093488,0.9881504576735348
5,12,2.669415905246317,2.737220843472298,0.20912364931715274,5.615760398035768,TYC 6897-1616-1,TYC 5606-1113-1,0.9939321090920874,0.9914165792401612
6,10,3.6500349692672938,0.5009075100165427,1.4740305506108697,5.624973029894706,HD 271308,HD 217340,0.9935994695920594,0.9923914331934592
5,15,3.958573018116402,1.1545097849296364,0.5161716076821129,5.6292544107281515,TYC 6897-1616-1,BD-08  6091,0.9939321090920874,0.9911042011418684
9,21,3.910247266512558,0.9905894320209297,0.7291703379015554,5.630007036435043,TYC 9263-701-1,TYC 5232-208-1,0.992456910945104,0.9901450005093488
4,28,2.7618457630009914,2.5441900486589417,0.3264403676820673,5.632476179342001,BD-02  3362,HD 178528B,0.9942908938756364,0.9883660877914092
23,26,2.849562269022419,2.666342235768619,0.14672624767765718,5.662630752468695,HD  13767,TYC 5606-566-1,0.9898647127489534,0.9889979972384932
16,26,2.3060231579168007,1.4058755831335348,1.9576003998235794,5.669499140873915,HD 122625,TYC 5606-566-1,0.9910369520989836,0.9889979972384932
16,20,0.820823273979758,1.3634701911852452,3.488486558442826,5.67278002360783,HD 122625,TYC 8351-2149-1,0.9910369520989836,0.9902110765948476
15,22,3.0376807935209196,1.3170907246916541,1.318032412501112,5.672803930713686,BD-08  6091,HD  13684A,0.9911042011418684,0.9899241898742775
8,13,2.431568038823942,1.5464325679563482,1.7014855416087613,5.679486148389051,CD-60  1593,TYC 8351-1776-1,0.9934140821873566,0.991384927374343
0,12,2.9101386572132006,2.073873597139132,0.697383198273746,5.681395452626079,BD-03  3321,TYC 5606-1113-1,0.9969227583789892,0.9914165792401612
0,28,2.3217359253995227,2.383653863947072,0.9798515562728904,5.685241345619485,BD-03  3321,HD 178528B,0.9969227583789892,0.9883660877914092
20,25,1.3392346048212576,2.109304527497159,2.248106389493546,5.696645521811963,TYC 8351-2149-1,TYC 9271-1853-1,0.9902110765948476,0.9893123538849355
6,25,3.393253692140169,0.8604738786859538,1.4647136901239999,5.718441260950122,HD 271308,TYC 9271-1853-1,0.9935994695920594,0.9893123538849355
2,5,2.7075635736770463,1.999234546663884,1.022470757103914,5.729268877444844,TYC 7413-1369-1,TYC 6897-1616-1,0.9948926865069556,0.9939321090920874
5,23,2.419225369630536,2.5309357911712094,0.7814183689004746,5.73157952970222,TYC 6897-1616-1,HD  13767,0.9939321090920874,0.9898647127489534
3,5,4.153486655652262,1.3085103433833645,0.2717193060368144,5.733716305072441,TYC 1071-934-1,TYC 6897-1616-1,0.9944493696993356,0.9939321090920874
8,15,2.4064613803629786,1.304328189122452,2.02593320396067,5.7367227734461,CD-60  1593,BD-08  6091,0.9934140821873566,0.9911042011418684
11,17,3.2723034216784606,1.2945358153426805,1.1743177884375737,5.741157025458715,CPD-63   349,HD 183193,0.9921674773952948,0.9910268582282452
1,2,1.697790573551459,1.7306548397326935,2.3204989096502677,5.74894432293442,CD-30  7056,TYC 7413-1369-1,0.9953865433639338,0.9948926865069556
10,20,2.415459304071274,1.082930573812489,2.2574232499804157,5.7558131278641795,HD 217340,TYC 8351-2149-1,0.9923914331934592,0.9902110765948476
6,26,3.839842124247642,1.1698330565374184,0.747493459249701,5.757168640034761,HD 271308,TYC 5606-566-1,0.9935994695920594,0.9889979972384932
5,25,3.502094674415372,2.179466039384185,0.08252810965148161,5.764088823451039,TYC 6897-1616-1,TYC 9271-1853-1,0.9939321090920874,0.9893123538849355
8,26,2.2583739264327685,1.3676236833123538,2.1444537175013743,5.770451327246496,CD-60  1593,TYC 5606-566-1,0.9934140821873566,0.9889979972384932
10,14,3.0039051803277346,1.97864578234373,0.7942986629745932,5.776849625646057,HD 217340,HD 271200,0.9923914331934592,0.9913680789520726
3,19,3.973218466451994,1.7325653373377727,0.07503495412765387,5.78081875791742,TYC 1071-934-1,TYC 5248-636-1,0.9944493696993356,0.9902150085743344
5,6,3.065095463025492,1.3525295675267417,1.3821855804725183,5.799810611024752,TYC 6897-1616-1,HD 271308,0.9939321090920874,0.9935994695920594
0,16,3.2842678893145285,1.690874991763927,0.8346487296441689,5.809791610722624,BD-03  3321,HD 122625,0.9969227583789892,0.9910369520989836
8,21,2.7920844113308503,0.7044731909956381,2.3228943306859513,5.81945193301244,CD-60  1593,TYC 5232-208-1,0.9934140821873566,0.9901450005093488
0,11,3.108448890325379,2.095538348824685,0.6157655307526049,5.819752769902669,BD-03  3321,CPD-63   349,0.9969227583789892,0.9921674773952948
8,29,2.4453145319972163,1.721816064105879,1.667249065234442,5.834379661337537,CD-60  1593,HD 180950,0.9934140821873566,0.9881504576735348
19,25,2.9658613737763506,2.600049180478536,0.27921246156064206,5.8451230158155285,TYC 5248-636-1,TYC 9271-1853-1,0.9902150085743344,0.9893123538849355
10,22,2.833125154603945,1.097150367409081,1.9260489903215763,5.856324512334602,HD 217340,HD  13684A,0.9923914331934592,0.9899241898742775
15,30,3.0876018488377075,1.2212310341716919,1.5547663053912553,5.863599188400655,BD-08  6091,TYC 6883-1588-1,0.9911042011418684,0.988093216107945
3,22,2.9212859037880183,1.383219314863946,1.5624847141464104,5.866989932798376,TYC 1071-934-1,HD  13684A,0.9944493696993356,0.9899241898742775
9,17,3.2266675540807053,1.5515869575314265,1.130774203147401,5.909028714759533,TYC 9263-701-1,HD 183193,0.992456910945104,0.9910268582282452
17,22,2.533524616950419,0.5104082564528416,2.881015826824787,5.924948700228048,HD 183193,HD  13684A,0.9910268582282452,0.9899241898742775
5,27,2.9961868030569727,2.3227530653642563,0.6084319463908616,5.927371814812091,TYC 6897-1616-1,TYC  105-2108-1,0.9939321090920874,0.9886490741227948
13,20,2.4194675480731953,1.5372165323010605,1.9738543345118598,5.930538414886115,TYC 8351-1776-1,TYC 8351-2149-1,0.991384927374343,0.9902110765948476
20,29,1.8039522203833052,2.1200687855643863,2.0080908108861792,5.932111816833871,TYC 8351-2149-1,HD 180950,0.9902110765948476,0.9881504576735348
13,28,3.168824315746338,1.1046126793604125,1.6598350505596882,5.933272045666438,TYC 8351-1776-1,HD 178528B,0.991384927374343,0.9883660877914092
17,25,2.9958298124751574,1.981090395216579,0.9642836969900804,5.941203904681817,HD 183193,TYC 9271-1853-1,0.9910268582282452,0.9893123538849355
17,30,4.642981343375078,1.2993771221362198,0.008217108932419559,5.950575574443718,HD 183193,TYC 6883-1588-1,0.9910268582282452,0.988093216107945
13,23,3.855771540370781,1.5238757659844175,0.5896944235702701,5.9693417299254685,TYC 8351-1776-1,HD  13767,0.991384927374343,0.9898647127489534
22,23,2.55314013052854,2.3753329753287384,1.0527856512827505,5.981258757140029,HD  13684A,HD  13767,0.9899241898742775,0.9898647127489534
23,28,2.573957872794112,1.158372926458073,2.2495294741299583,5.981860273382144,HD  13767,HD 178528B,0.9898647127489534,0.9883660877914092
4,26,2.2004862346821787,1.3588168708841692,2.4292435941343684,5.988546699700716,BD-02  3362,TYC 5606-566-1,0.9942908938756364,0.9889979972384932
1,3,2.9258767027126487,1.5088807254167622,1.5697474585831679,6.004504886712578,CD-30  7056,TYC 1071-934-1,0.9953865433639338,0.9944493696993356
4,19,3.04776430830321,0.9754037601054262,1.9912358248207114,6.014403893229348,BD-02  3362,TYC 5248-636-1,0.9942908938756364,0.9902150085743344
7,23,2.492346978546151,2.031968012494306,1.4997870285928099,6.024102019633267,TYC 7915-779-1,HD  13767,0.9934194074914954,0.9898647127489534
3,17,3.573450350949426,1.1362183041984006,1.3185311126783765,6.028199767826203,TYC 1071-934-1,HD 183193,0.9944493696993356,0.9910268582282452
20,23,2.136563674774842,2.5094482471106336,1.3841599109415896,6.030171832827065,TYC 8351-2149-1,HD  13767,0.9902110765948476,0.9898647127489534
7,19,2.7848110975451648,2.3375513876280647,0.9150530116014959,6.0374154967747256,TYC 7915-779-1,TYC 5248-636-1,0.9934194074914954,0.9902150085743344
3,30,3.821300743162528,0.9336327991629131,1.3103140037459569,6.065247546071397,TYC 1071-934-1,TYC 6883-1588-1,0.9944493696993356,0.988093216107945
1,15,2.577545860245077,1.7061094490253028,1.8141997602284665,6.097855069498846,CD-30  7056,BD-08  6091,0.9953865433639338,0.9911042011418684
19,27,3.366713786312297,1.9373906744495286,0.8051162983000221,6.109220759061848,TYC 5248-636-1,TYC  105-2108-1,0.9902150085743344,0.9886490741227948
0,25,2.990221054947748,2.716151817951141,0.4057314393051116,6.112104312204001,BD-03  3321,TYC 9271-1853-1,0.9969227583789892,0.9893123538849355
17,27,3.1499635829011443,2.5649911746093346,0.43837986025070047,6.153334617761179,HD 183193,TYC  105-2108-1,0.9910268582282452,0.9886490741227948
6,7,3.213541542152944,0.8482277949615924,2.1005542401648536,6.162323577279389,HD 271308,TYC 7915-779-1,0.9935994695920594,0.9934194074914954
4,7,2.488316722535914,2.5982689313073606,1.0761828132192157,6.16276846706249,BD-02  3362,TYC 7915-779-1,0.9942908938756364,0.9934194074914954
6,8,2.9232005952397517,0.3563174384608087,2.891947176751075,6.171465210451636,HD 271308,CD-60  1593,0.9935994695920594,0.9934140821873566
0,9,3.350954663790977,2.2543659739303292,0.5722219454624321,6.177542583183738,BD-03  3321,TYC 9263-701-1,0.9969227583789892,0.992456910945104
11,30,4.526523049131653,0.49445081918727596,1.1661006795051543,6.187074547824083,CPD-63   349,TYC 6883-1588-1,0.9921674773952948,0.988093216107945
4,22,1.3793729714434706,1.2014316820111697,3.6287554930947756,6.209560146549416,BD-02  3362,HD  13684A,0.9942908938756364,0.9899241898742775
0,21,3.3450398452390777,1.5755886543258708,1.3013922833639875,6.222020782928936,BD-03  3321,TYC 5232-208-1,0.9969227583789892,0.9901450005093488
19,22,3.7069087645701315,0.8862412933317435,1.6375196682740645,6.23066972617594,TYC 5248-636-1,HD  13684A,0.9902150085743344,0.9899241898742775
17,28,3.282077095486028,2.5343038027134135,0.4212992985879216,6.237680196787363,HD 183193,HD 178528B,0.9910268582282452,0.9883660877914092
22,25,2.2479888723161427,2.0791936566728113,1.9167321298347064,6.243914658823661,HD  13684A,TYC 9271-1853-1,0.9899241898742775,0.9893123538849355
6,11,3.971326437485435,1.028827294488049,1.2546795986765067,6.254833330649991,HD 271308,CPD-63   349,0.9935994695920594,0.9921674773952948
17,20,2.925538883416779,0.16966484811032728,3.212390086483626,6.307593818010732,HD 183193,TYC 8351-2149-1,0.9910268582282452,0.9902110765948476
0,29,3.318729605275254,2.347808917432692,0.6457470179124781,6.312285540620424,BD-03  3321,HD 180950,0.9969227583789892,0.9881504576735348
13,22,3.034869840776832,1.6403265903064457,1.6424800748530206,6.317676505936299,TYC 8351-1776-1,HD  13684A,0.991384927374343,0.9899241898742775
15,17,3.566767301644717,1.204403828844305,1.562983414323675,6.334154544812697,BD-08  6091,HD 183193,0.9911042011418684,0.9910268582282452
0,15,3.8376618477644397,1.4976854327676548,1.004431156638706,6.3397784371708,BD-03  3321,BD-08  6091,0.9969227583789892,0.9911042011418684
14,22,3.151216765364232,2.1027571739706117,1.131750327346983,6.385724266681827,HD 271200,HD  13684A,0.9913680789520726,0.9899241898742775
0,20,2.9554106498098567,0.7873706836403996,2.653837828798657,6.396619162248913,BD-03  3321,TYC 8351-2149-1,0.9969227583789892,0.9902110765948476
17,29,3.1081203308051055,2.090710285171681,1.204299275597447,6.403129891574234,HD 183193,HD 180950,0.9910268582282452,0.9881504576735348
4,29,1.8974583447498234,2.584069891923149,1.952038941867436,6.433567178540409,BD-02  3362,HD 180950,0.9942908938756364,0.9881504576735348
4,11,2.2267854213668095,2.286052319557067,1.9220574547075626,6.434895195631439,BD-02  3362,CPD-63   349,0.9942908938756364,0.9921674773952948
16,22,1.9265648309041448,1.351609056749443,3.157112298783987,6.435286186437574,HD 122625,HD  13684A,0.9910369520989836,0.9899241898742775
2,19,3.223340546111776,2.3989827960861594,0.8257864051947537,6.448109747392689,TYC 7413-1369-1,TYC 5248-636-1,0.9948926865069556,0.9902150085743344
3,23,3.309518766615478,2.6304886575062776,0.5096990628636602,6.449706486985416,TYC 1071-934-1,HD  13767,0.9944493696993356,0.9898647127489534
1,21,3.1179165595949363,1.223708410929323,2.111160886953748,6.452785857478007,CD-30  7056,TYC 5232-208-1,0.9953865433639338,0.9901450005093488
17,21,3.9213174243046405,0.681086287304466,1.8599445410489563,6.462348252658063,HD 183193,TYC 5232-208-1,0.9910268582282452,0.9901450005093488
1,6,2.4076649968238826,1.4037008104541344,2.680213733018872,6.49157954029689,CD-30  7056,HD 271308,0.9953865433639338,0.9935994695920594
22,29,2.704394781993071,2.127281776604542,1.6767165512273399,6.508393109824953,HD  13684A,HD 180950,0.9899241898742775,0.9881504576735348
5,14,3.8350244508268925,1.974687180544868,0.7024536928362417,6.512165324208002,TYC 6897-1616-1,HD 271200,0.9939321090920874,0.9913680789520726
1,13,3.029810002165836,2.0190422453093566,1.4897520978765582,6.53860434535175,CD-30  7056,TYC 8351-1776-1,0.9953865433639338,0.991384927374343
8,14,2.5026982918159395,1.8253685758375313,2.212215289114799,6.540282156768269,CD-60  1593,HD 271200,0.9934140821873566,0.9913680789520726
4,13,2.5589497649396495,1.995521132606185,1.9862754182417555,6.54074631578759,BD-02  3362,TYC 8351-1776-1,0.9942908938756364,0.991384927374343
16,19,3.1847079797488154,1.8399495074898145,1.5195926305099225,6.544250117748552,HD 122625,TYC 5248-636-1,0.9910369520989836,0.9902150085743344
2,30,3.6117068105400696,0.8762688012550067,2.0610654548130567,6.549041066608133,TYC 7413-1369-1,TYC 6883-1588-1,0.9948926865069556,0.988093216107945
11,23,3.212415462900899,2.705349673539332,0.6539123871044628,6.571677523544693,CPD-63   349,HD  13767,0.9921674773952948,0.9898647127489534
7,20,1.8475698395505535,1.8481327581376672,2.8839469395343995,6.57964953722262,TYC 7915-779-1,TYC 8351-2149-1,0.9934194074914954,0.9902110765948476
1,19,3.5216468518252464,1.5637096934836237,1.494712504455514,6.580069049764385,CD-30  7056,TYC 5248-636-1,0.9953865433639338,0.9902150085743344
26,27,2.868335306206994,2.524965761583786,1.243124067613679,6.636425135404459,TYC 5606-566-1,TYC  105-2108-1,0.9889979972384932,0.9886490741227948
1,20,1.9817688786254823,1.2033871479502931,3.463606432388418,6.648762458964193,CD-30  7056,TYC 8351-2149-1,0.9953865433639338,0.9902110765948476
1,22,2.8451410906569197,0.7479667209625814,3.1322321727295783,6.7253399843490795,CD-30  7056,HD  13684A,0.9953865433639338,0.9899241898742775
1,14,2.3569847447294983,2.368910788752516,2.000481845382595,6.726377378864608,CD-30  7056,HD 271200,0.9953865433639338,0.9913680789520726
14,30,3.290304541546788,1.7118376316458699,1.7410483905453842,6.743190563738041,HD 271200,TYC 6883-1588-1,0.9913680789520726,0.988093216107945
9,19,4.502100403133253,2.1575126570280214,0.1127219554033215,6.772335015564597,TYC 9263-701-1,TYC 5248-636-1,0.992456910945104,0.9902150085743344
12,17,2.5032345999430987,3.0154155058574217,1.2559354559587148,6.774585561759235,TYC 5606-1113-1,HD 183193,0.9914165792401612,0.9910268582282452
10,28,2.7053962259356665,2.6935374821729563,1.3762661350911323,6.775199843199755,HD 217340,HD 178528B,0.9923914331934592,0.9883660877914092
14,28,3.7679451953578758,0.8572335315616946,2.170564798065725,6.795743524985295,HD 271200,HD 178528B,0.9913680789520726,0.9883660877914092
9,20,3.059184263634354,1.668363718960633,2.0816158833362253,6.809163865931213,TYC 9263-701-1,TYC 8351-2149-1,0.992456910945104,0.9902110765948476
23,25,3.283728436186115,2.7035861330228332,0.8639464785519562,6.851261047760904,HD  13767,TYC 9271-1853-1,0.9898647127489534,0.9893123538849355
8,22,2.030156476770124,1.5129166173662532,3.343965616461782,6.887038710598159,CD-60  1593,HD  13684A,0.9934140821873566,0.9899241898742775
8,20,1.733486012385042,1.497621384470415,3.675339876120621,6.906447272976077,CD-60  1593,TYC 8351-2149-1,0.9934140821873566,0.9902110765948476
16,31,3.0662469888601214,3.4996483102281766,0.3561651709271726,6.922060470015471,HD 122625,BD+20  2167,0.9910369520989836,0.9875967986160714
26,28,2.2426366192787066,2.583772925104022,2.102803226452301,6.92921277083503,TYC 5606-566-1,HD 178528B,0.9889979972384932,0.9883660877914092
8,19,3.2638616406023346,1.9636714133427633,1.7064459481877174,6.933979002132816,CD-60  1593,TYC 5248-636-1,0.9934140821873566,0.9902150085743344
4,20,1.8515866221113937,1.1442468961023062,3.9601297527536152,6.955963270967315,BD-02  3362,TYC 8351-2149-1,0.9942908938756364,0.9902110765948476
6,13,4.562459122840849,1.2110767910876106,1.1904616351423138,6.963997549070774,HD 271308,TYC 8351-1776-1,0.9935994695920594,0.991384927374343
14,31,1.6714321633398044,3.643979772288704,1.6691968005098312,6.984608736138339,HD 271200,BD+20  2167,0.9913680789520726,0.9875967986160714
13,27,2.741128725928094,3.443589143433545,0.800155891721066,6.984873761082705,TYC 8351-1776-1,TYC  105-2108-1,0.991384927374343,0.9886490741227948
2,17,3.1567162254411034,1.7722678040285273,2.0692825637454764,6.998266593215107,TYC 7413-1369-1,HD 183193,0.9948926865069556,0.9910268582282452
0,3,4.306122148041589,1.9370026550264843,0.7599788549934074,7.00310365806148,BD-03  3321,TYC 1071-934-1,0.9969227583789892,0.9944493696993356
9,23,3.893954049862009,2.4434212587015884,0.6974559723946355,7.034831280958233,TYC 9263-701-1,HD  13767,0.992456910945104,0.9898647127489534
21,30,4.237483684478055,0.9904630202239573,1.851727432116537,7.079674136818548,TYC 5232-208-1,TYC 6883-1588-1,0.9901450005093488,0.988093216107945
4,10,3.2134259801693728,2.1686884710505594,1.7027065027731996,7.084820953993132,BD-02  3362,HD 217340,0.9942908938756364,0.9923914331934592
9,28,3.3789477928530207,2.1568762401270978,1.5520735017353227,7.087897534715441,TYC 9263-701-1,HD 178528B,0.992456910945104,0.9883660877914092
7,22,2.6805754987790085,1.8708731164700312,2.5525726798755604,7.1040212951246,TYC 7915-779-1,HD  13684A,0.9934194074914954,0.9899241898742775
1,23,2.398175344985874,2.626428875666012,2.0794465214468283,7.104050742098714,CD-30  7056,HD  13767,0.9953865433639338,0.9898647127489534
15,31,2.0151693259935417,3.624027507542528,1.4829147153557023,7.1221115488917714,BD-08  6091,BD+20  2167,0.9911042011418684,0.9875967986160714
4,15,3.021006078731574,1.8007996318402282,2.3107230805936636,7.132528791165465,BD-02  3362,BD-08  6091,0.9942908938756364,0.9911042011418684
13,30,4.428011780475939,1.4783596815004674,1.230318643039347,7.136690105015752,TYC 8351-1776-1,TYC 6883-1588-1,0.991384927374343,0.988093216107945
15,28,3.765921485652657,1.4272879354272854,1.9842827129115965,7.177492133991539,BD-08  6091,HD 178528B,0.9911042011418684,0.9883660877914092
9,22,3.7308725346303477,1.7067021098094872,1.750241623677386,7.187816268117221,TYC 9263-701-1,HD  13684A,0.992456910945104,0.9899241898742775
0,2,3.1650917937077905,2.5251855321734973,1.5107303060605073,7.2010076319417955,BD-03  3321,TYC 7413-1369-1,0.9969227583789892,0.9948926865069556
25,28,3.35428322551802,2.477431897988283,1.3855829955780021,7.217298119084305,TYC 9271-1853-1,HD 178528B,0.9893123538849355,0.9883660877914092
29,30,4.435999791026307,1.6078814798806145,1.1960821666650274,7.239963437571949,HD 180950,TYC 6883-1588-1,0.9881504576735348,0.988093216107945
9,12,3.1090167049383854,4.052160013230298,0.12516125281131377,7.286337970979997,TYC 9263-701-1,TYC 5606-1113-1,0.992456910945104,0.9914165792401612
4,23,2.387670745001341,2.3233925581807107,2.5759698418120256,7.287033144994076,BD-02  3362,HD  13767,0.9942908938756364,0.9898647127489534
3,4,2.921253544339977,2.308100394966288,2.066270778948365,7.295624718254631,TYC 1071-934-1,BD-02  3362,0.9944493696993356,0.9942908938756364
24,28,1.385487122638434,5.3329897032660485,0.5804949043015805,7.298971730206063,CD-47  7291,HD 178528B,0.9895228135874192,0.9883660877914092
10,23,3.6452041286474137,2.7873305203868974,0.873263339038826,7.305797988073137,HD 217340,HD  13767,0.9923914331934592,0.9898647127489534
0,23,3.68540360803305,2.3510092199871666,1.2696779178570676,7.306090745877284,BD-03  3321,HD  13767,0.9969227583789892,0.9898647127489534
4,21,2.7677746707215025,1.9459431799098494,2.6076842073189455,7.321402057950298,BD-02  3362,TYC 5232-208-1,0.9942908938756364,0.9901450005093488
12,29,3.6300348941910583,3.659213416875918,0.05163618036126777,7.340884491428244,TYC 5606-1113-1,HD 180950,0.9914165792401612,0.9881504576735348
1,31,3.6536699107615602,3.3653995743201297,0.3312850448727641,7.350354529954455,CD-30  7056,BD+20  2167,0.9953865433639338,0.9875967986160714
4,12,3.551392386406967,1.798835065623536,2.003675122228704,7.353902574259207,BD-02  3362,TYC 5606-1113-1,0.9942908938756364,0.9914165792401612
14,17,3.5851005719900924,2.0537121385766417,1.7492654994778039,7.388078210044538,HD 271200,HD 183193,0.9913680789520726,0.9910268582282452
26,30,4.311666733965491,1.403592198510059,1.6732868189319599,7.388545751407509,TYC 5606-566-1,TYC 6883-1588-1,0.9889979972384932,0.988093216107945
0,14,3.9838588492161144,2.2272754526437586,1.1907132417928348,7.401847543652709,BD-03  3321,HD 271200,0.9969227583789892,0.9913680789520726
30,31,3.7357883257998283,3.605171942208923,0.07185159003555297,7.412811858044304,TYC 6883-1588-1,BD+20  2167,0.988093216107945,0.9875967986160714
11,27,2.9732982671391,3.7044281636122007,0.7359379281868733,7.413664358938174,CPD-63   349,TYC  105-2108-1,0.9921674773952948,0.9886490741227948
6,17,3.8486106512445315,1.1414136350918662,2.42899738711408,7.419021673450478,HD 271308,HD 183193,0.9935994695920594,0.9910268582282452
12,27,4.901940344206809,1.7521757185041515,0.8175555957080143,7.471671658418974,TYC 5606-1113-1,TYC  105-2108-1,0.9914165792401612,0.9886490741227948
19,23,4.064445575998349,2.8302031914377195,0.584734016991314,7.479382784427383,TYC 5248-636-1,HD  13767,0.9902150085743344,0.9898647127489534
0,30,4.9479453095136945,2.0272061970221564,0.5503351487525494,7.5254866552884,BD-03  3321,TYC 6883-1588-1,0.9969227583789892,0.988093216107945
4,25,2.789716232628682,3.0273547635878573,1.7120233632600694,7.529094359476609,BD-02  3362,TYC 9271-1853-1,0.9942908938756364,0.9893123538849355
10,12,3.4384719245757367,3.8368613688226016,0.3009686194555042,7.576301912853842,HD 217340,TYC 5606-1113-1,0.9923914331934592,0.9914165792401612
6,30,4.438440088809356,0.7626353777707675,2.420780278181661,7.621855744761785,HD 271308,TYC 6883-1588-1,0.9935994695920594,0.988093216107945
2,4,1.996872775246047,2.831534031793158,2.817022230015465,7.64542903705467,TYC 7413-1369-1,BD-02  3362,0.9948926865069556,0.9942908938756364
12,26,4.198770667065145,3.03902247533524,0.4255684719056646,7.66336161430605,TYC 5606-1113-1,TYC 5606-566-1,0.9914165792401612,0.9889979972384932
0,6,3.937359250276861,1.9277167294806439,1.8704451294291116,7.735521109186616,BD-03  3321,HD 271308,0.9969227583789892,0.9935994695920594
12,13,4.575436659155724,3.151518814812095,0.017399703986948345,7.744355177954766,TYC 5606-1113-1,TYC 8351-1776-1,0.9914165792401612,0.991384927374343
7,27,3.598351489018449,4.049572275196514,0.10993671330147375,7.757860477516437,TYC 7915-779-1,TYC  105-2108-1,0.9934194074914954,0.9886490741227948
12,23,4.271362830222624,2.9410254635920086,0.5722947195833218,7.784683013397954,TYC 5606-1113-1,HD  13767,0.9914165792401612,0.9898647127489534
2,28,2.8812963014622124,2.441047753696144,2.4905818623333977,7.812925917491754,TYC 7413-1369-1,HD 178528B,0.9948926865069556,0.9883660877914092
6,19,4.901818762740775,1.7614796850925887,1.185501228563358,7.848799676396721,HD 271308,TYC 5248-636-1,0.9935994695920594,0.9902150085743344
21,28,3.0331537101883947,2.536651513558913,2.281243839636878,7.851049063384186,TYC 5232-208-1,HD 178528B,0.9901450005093488,0.9883660877914092
4,14,2.8972980717644328,2.4599945328021584,2.4970051657477925,7.854297770314384,BD-02  3362,HD 271200,0.9942908938756364,0.9913680789520726
11,28,3.3744127604322043,2.921170613858012,1.5956170870254953,7.891200461315711,CPD-63   349,HD 178528B,0.9921674773952948,0.9883660877914092
27,28,3.1670884392190115,3.882817472908739,0.8596791588386221,7.909585070966372,TYC  105-2108-1,HD 178528B,0.9886490741227948,0.9883660877914092
12,19,5.290685149336187,2.610035230623993,0.012439297407992267,7.9131596773681725,TYC 5606-1113-1,TYC 5248-636-1,0.9914165792401612,0.9902150085743344
28,30,5.02030128475225,2.4684907842933104,0.42951640752034115,7.918308476565902,HD 178528B,TYC 6883-1588-1,0.9883660877914092,0.988093216107945
19,31,2.888151097256554,3.9150017681822606,1.16342745958275,7.966580325021565,TYC 5248-636-1,BD+20  2167,0.9902150085743344,0.9875967986160714
1,12,2.884094957639329,3.5918827550948014,1.5071518018635064,7.983129514597636,CD-30  7056,TYC 5606-1113-1,0.9953865433639338,0.9914165792401612
19,30,4.830706436910366,1.9231067053984012,1.235279049618303,7.989092191927069,TYC 5248-636-1,TYC 6883-1588-1,0.9902150085743344,0.988093216107945
5,30,5.289080610789046,1.6908982747337027,1.0385946977091425,8.018573583231891,TYC 6897-1616-1,TYC 6883-1588-1,0.9939321090920874,0.988093216107945
29,31,3.2288172771966392,3.689455553929121,1.1242305766294745,8.042503407755234,HD 180950,BD+20  2167,0.9881504576735348,0.9875967986160714
4,31,4.070066247335834,3.1447266504225437,0.8278083652379614,8.042601262996339,BD-02  3362,BD+20  2167,0.9942908938756364,0.9875967986160714
7,31,3.797118338061931,4.0297202098476195,0.2483744479812542,8.075212995890805,TYC 7915-779-1,BD+20  2167,0.9934194074914954,0.9875967986160714
4,30,5.109676078135468,2.240579063835195,0.7559567752024084,8.106211917173072,BD-02  3362,TYC 6883-1588-1,0.9942908938756364,0.988093216107945
3,31,2.5557719484408987,4.312453759139876,1.2384624137104039,8.106688121291178,TYC 1071-934-1,BD+20  2167,0.9944493696993356,0.9875967986160714
1,18,3.716184402281498,4.069314635642251,0.3308849886866072,8.116384026610357,CD-30  7056,BD-06  6123,0.9953865433639338,0.9903268199569376
13,31,3.332889770386432,3.646576639565394,1.158467053003794,8.137933462955619,TYC 8351-1776-1,BD+20  2167,0.991384927374343,0.9875967986160714
10,27,4.192387052469501,3.430914149296536,0.5165869762525102,8.139888178018547,HD 217340,TYC  105-2108-1,0.9923914331934592,0.9886490741227948
8,18,2.9292506564708924,5.097441942640031,0.11915154495440383,8.145844144065327,CD-60  1593,BD-06  6123,0.9934140821873566,0.9903268199569376
20,30,3.5901741002880163,1.4183393754102676,3.2041729775512064,8.212686453249491,TYC 8351-2149-1,TYC 6883-1588-1,0.9902110765948476,0.988093216107945
8,23,3.1363972158620594,2.7911236640248185,2.2911799651790314,8.218700845065909,CD-60  1593,HD  13767,0.9934140821873566,0.9898647127489534
4,6,2.809139058601541,2.273440239910982,3.1767370533840693,8.259316351896592,BD-02  3362,HD 271308,0.9942908938756364,0.9935994695920594
22,27,3.1827717296987066,2.65933640659319,2.4426359665740867,8.284744102865982,HD  13684A,TYC  105-2108-1,0.9899241898742775,0.9886490741227948
19,28,3.821149438992716,2.804025098604088,1.664795457138644,8.289969994735447,TYC 5248-636-1,HD 178528B,0.9902150085743344,0.9883660877914092
3,12,4.38013575831686,3.8588406957238552,0.06259565671966161,8.301572110760377,TYC 1071-934-1,TYC 5606-1113-1,0.9944493696993356,0.9914165792401612
5,24,0.8182300004578004,6.601796887940695,0.8876162009279032,8.3076430893264,TYC 6897-1616-1,CD-47  7291,0.9939321090920874,0.9895228135874192
11,31,3.4925053571232687,3.7291124456858395,1.0942490894696013,8.31586689227871,CPD-63   349,BD+20  2167,0.9921674773952948,0.9875967986160714
21,27,3.76172160508672,3.1719841405300087,1.421564680798256,8.355270426414986,TYC 5232-208-1,TYC  105-2108-1,0.9901450005093488,0.9886490741227948
12,24,2.8750926745012637,4.388769628745744,1.096739850245056,8.360602153492064,TYC 5606-1113-1,CD-47  7291,0.9914165792401612,0.9895228135874192
17,31,4.463085280643669,3.8223851460764657,0.08006869896797253,8.365539125688107,HD 183193,BD+20  2167,0.9910268582282452,0.9875967986160714
12,28,3.592008197312514,3.099600149060852,1.6772347545466364,8.368843100920003,TYC 5606-1113-1,HD 178528B,0.9914165792401612,0.9883660877914092
7,12,3.5366231570659368,3.917792112676623,0.9274923090094881,8.381907578752047,TYC 7915-779-1,TYC 5606-1113-1,0.9934194074914954,0.9914165792401612
16,27,4.195768528803085,3.4904354479679016,0.7144763322099006,8.400680308980887,HD 122625,TYC  105-2108-1,0.9910369520989836,0.9886490741227948
4,9,3.946414530197963,2.5922376835948153,1.87851386941739,8.417166083210168,BD-02  3362,TYC 9263-701-1,0.9942908938756364,0.992456910945104
1,27,4.451868937131292,3.286635130114587,0.6895962061554921,8.428100273401371,CD-30  7056,TYC  105-2108-1,0.9953865433639338,0.9886490741227948
17,23,4.04058432590392,2.559829597242583,1.8282301755420365,8.42864409868854,HD 183193,HD  13767,0.9910268582282452,0.9898647127489534
12,15,5.003888531243409,3.1237152285187406,0.3070479583649601,8.434651718127109,TYC 5606-1113-1,BD-08  6091,0.9914165792401612,0.9911042011418684
17,18,2.952932699815553,4.911407505521691,0.5821013345913988,8.446441539928642,HD 183193,BD-06  6123,0.9910268582282452,0.9903268199569376
8,27,3.7510043691784025,3.831025762709862,0.9013296498876955,8.48335978177596,CD-60  1593,TYC  105-2108-1,0.9934140821873566,0.9886490741227948
25,31,3.191099314036354,4.437206496121023,0.8842149980221079,8.512520808179485,TYC 9271-1853-1,BD+20  2167,0.9893123538849355,0.9875967986160714
12,22,3.9273747784986086,2.9709441295237573,1.6250803708660722,8.523399278888439,TYC 5606-1113-1,HD  13684A,0.9914165792401612,0.9899241898742775
8,31,3.6703515848467467,4.36491508242022,0.5430184886049675,8.578285155871935,CD-60  1593,BD+20  2167,0.9934140821873566,0.9875967986160714
0,24,2.0926067012293195,6.112711264019743,0.39935665197131004,8.604674617220372,BD-03  3321,CD-47  7291,0.9969227583789892,0.9895228135874192
23,31,4.471787161099191,2.4451223089254253,1.748161476574064,8.66507094659868,HD  13767,BD+20  2167,0.9898647127489534,0.9875967986160714
6,12,3.6620331099335264,3.831805711116212,1.1730619311553656,8.666900752205104,HD 271308,TYC 5606-1113-1,0.9935994695920594,0.9914165792401612
4,18,3.8881920750138117,4.6221697404675925,0.1656383316785901,8.676000147159995,BD-02  3362,BD-06  6123,0.9942908938756364,0.9903268199569376
22,30,4.685307726219822,1.1679094890413992,2.8727987178923673,8.726015933153588,HD  13684A,TYC 6883-1588-1,0.9899241898742775,0.988093216107945
12,14,4.7838522606368565,3.472107860244387,0.49333004351908893,8.749290164400334,TYC 5606-1113-1,HD 271200,0.9914165792401612,0.9913680789520726
8,12,2.9067839783012372,4.1266810760534565,1.7188852455957098,8.752350299950404,CD-60  1593,TYC 5606-1113-1,0.9934140821873566,0.9914165792401612
27,29,3.9348798237061686,4.088222151011439,0.7659194153467466,8.789021390064356,TYC  105-2108-1,HD 180950,0.9886490741227948,0.9881504576735348
12,16,3.959676536625707,3.3011709065530725,1.5320319279179149,8.792879371096694,TYC 5606-1113-1,HD 122625,0.9914165792401612,0.9910369520989836
16,18,3.9410119084715447,4.553805074914415,0.3060048626321987,8.800821846018158,HD 122625,BD-06  6123,0.9910369520989836,0.9903268199569376
15,27,4.408958936922818,3.270181632622595,1.1246035540729744,8.803744123618387,BD-08  6091,TYC  105-2108-1,0.9911042011418684,0.9886490741227948
13,18,2.1686218888929676,4.832751850106384,1.8206370865631651,8.822010825562517,TYC 8351-1776-1,BD-06  6123,0.991384927374343,0.9903268199569376
18,30,3.962130640453607,4.2876747995560995,0.5903184435238183,8.840123883533526,BD-06  6123,TYC 6883-1588-1,0.9903268199569376,0.988093216107945
3,28,4.735459151659601,2.3660611221398113,1.739830411266298,8.84135068506571,TYC 1071-934-1,HD 178528B,0.9944493696993356,0.9883660877914092
6,28,3.697761131702331,2.294889665949894,2.850296685702002,8.842947483354227,HD 271308,HD 178528B,0.9935994695920594,0.9883660877914092
22,28,2.994076377010492,2.581350231713373,3.3023151254127088,8.877741734136574,HD  13684A,HD 178528B,0.9899241898742775,0.9883660877914092
12,20,4.164098287745895,2.8511244186684674,1.9564546305249113,8.971677336939273,TYC 5606-1113-1,TYC 8351-2149-1,0.9914165792401612,0.9902110765948476
20,27,3.822004234218407,2.4184991320897624,2.774010226232926,9.014513592541096,TYC 8351-2149-1,TYC  105-2108-1,0.9902110765948476,0.9886490741227948
26,31,3.458463000362542,3.964633005056011,1.6014352288964069,9.02453123431496,TYC 5606-566-1,BD+20  2167,0.9889979972384932,0.9875967986160714
25,27,4.114665452045568,4.4086796351708895,0.52590383673938,9.049248923955837,TYC 9271-1853-1,TYC  105-2108-1,0.9893123538849355,0.9886490741227948
23,30,4.949402108038033,2.3083681306783665,1.820013066609617,9.077783305326017,HD  13767,TYC 6883-1588-1,0.9898647127489534,0.988093216107945
20,28,2.9576887017238978,2.4934720321360433,3.6336893850715475,9.084850118931488,TYC 8351-2149-1,HD 178528B,0.9902110765948476,0.9883660877914092
2,12,3.981712754415205,4.327110671263125,0.8133471077867613,9.122170533465091,TYC 7413-1369-1,TYC 5606-1113-1,0.9948926865069556,0.9914165792401612
0,31,5.257704399649172,3.4840098333570135,0.4784835587169964,9.220197791723182,BD-03  3321,BD+20  2167,0.9969227583789892,0.9875967986160714
11,12,5.17693897036069,3.986174841082287,0.081617667521141,9.244731478964118,CPD-63   349,TYC 5606-1113-1,0.9921674773952948,0.9914165792401612
12,25,4.494048887096174,4.482157746801655,0.2916517589686344,9.267858392866462,TYC 5606-1113-1,TYC 9271-1853-1,0.9914165792401612,0.9893123538849355
7,18,3.457607895143439,4.9081256110115214,0.9105444815406255,9.276277987695586,TYC 7915-779-1,BD-06  6123,0.9934194074914954,0.9903268199569376
10,31,4.263025196780013,4.1950455028693145,0.874898137535238,9.332968837184564,HD 217340,BD+20  2167,0.9923914331934592,0.9875967986160714
4,24,2.546882258810408,5.912662192260423,0.9069352719836478,9.366479723054477,BD-02  3362,CD-47  7291,0.9942908938756364,0.9895228135874192
28,31,5.349269872509826,3.5793434897720218,0.5013679975558941,9.429981359837742,HD 178528B,BD+20  2167,0.9883660877914092,0.9875967986160714
18,19,2.4715328931633542,5.1550562366436115,1.8255974931421213,9.452186622949087,BD-06  6123,TYC 5248-636-1,0.9903268199569376,0.9902150085743344
11,18,3.3967951296679177,4.314387057497104,1.7564191230289725,9.467601310193995,CPD-63   349,BD-06  6123,0.9921674773952948,0.9903268199569376
12,21,5.291558758071486,3.587853768084366,0.6040090850902416,9.483421611246094,TYC 5606-1113-1,TYC 5232-208-1,0.9914165792401612,0.9901450005093488
2,31,3.2036956585403504,4.2940607764897605,1.9892138647775037,9.486970299807615,TYC 7413-1369-1,BD+20  2167,0.9948926865069556,0.9875967986160714
23,24,2.535017140830226,5.285017162502999,1.6690345698283777,9.489068873161603,HD  13767,CD-47  7291,0.9898647127489534,0.9895228135874192
7,24,2.4596761106529783,6.9065403582368114,0.16924754123556784,9.535464010125356,TYC 7915-779-1,CD-47  7291,0.9934194074914954,0.9895228135874192
23,27,4.339991236376725,3.879903058057238,1.3898503152913362,9.6097446097253,HD  13767,TYC  105-2108-1,0.9898647127489534,0.9886490741227948
9,31,4.315447613252451,4.2576952752739246,1.0507055041794284,9.623848392705804,TYC 9263-701-1,BD+20  2167,0.992456910945104,0.9875967986160714
15,18,2.7454195447188927,4.770837147947692,2.1450847489150737,9.661341441581659,BD-08  6091,BD-06  6123,0.9911042011418684,0.9903268199569376
18,25,3.060187770034752,5.065890141480032,1.5463850315814793,9.672462943096264,BD-06  6123,TYC 9271-1853-1,0.9903268199569376,0.9893123538849355
24,27,3.45574970388773,6.029069788989793,0.2791842545370416,9.764003747414565,CD-47  7291,TYC  105-2108-1,0.9895228135874192,0.9886490741227948
14,27,4.560062824120232,3.940059785830701,1.3108856392271033,9.811008249178037,HD 271200,TYC  105-2108-1,0.9913680789520726,0.9886490741227948
10,18,3.3129013145515125,4.996603845001189,1.5370681710946095,9.846573330647312,HD 217340,BD-06  6123,0.9923914331934592,0.9903268199569376
3,27,5.3875727316981585,3.582121841645846,0.880151252427676,9.84984582577168,TYC 1071-934-1,TYC  105-2108-1,0.9944493696993356,0.9886490741227948
18,28,4.786764383722628,4.944647597747042,0.1608020360034772,9.892214017473147,BD-06  6123,HD 178528B,0.9903268199569376,0.9883660877914092
0,18,3.8764362242638315,4.895566558894486,1.1406535922763676,9.912656375434684,BD-03  3321,BD-06  6123,0.9969227583789892,0.9903268199569376
20,31,3.027592489151603,3.753773962927819,3.1323213875156535,9.913687839595076,TYC 8351-2149-1,BD+20  2167,0.9902110765948476,0.9875967986160714
14,18,2.8891497683024774,4.757881101281626,2.3313668340692026,9.978397703653306,HD 271200,BD-06  6123,0.9913680789520726,0.9903268199569376
16,24,3.1060589571870465,6.487511122678165,0.43529207767285893,10.02886215753807,HD 122625,CD-47  7291,0.9910369520989836,0.9895228135874192
2,27,4.179175323984762,4.226717149969824,1.6309027034947756,10.036795177449363,TYC 7413-1369-1,TYC  105-2108-1,0.9948926865069556,0.9886490741227948
9,27,5.399766512057807,3.964108242868548,0.6923943428967005,10.056269097823055,TYC 9263-701-1,TYC  105-2108-1,0.992456910945104,0.9886490741227948
17,24,3.035229623471725,6.925721298956745,0.15919560571365887,10.12014652814213,HD 183193,CD-47  7291,0.9910268582282452,0.9895228135874192
21,31,4.226430299145078,4.181010679804154,1.779875842080984,10.187316821030215,TYC 5232-208-1,BD+20  2167,0.9901450005093488,0.9875967986160714
5,31,5.2438041524495,3.9978958797914466,0.9667431076735895,10.208443139914536,TYC 6897-1616-1,BD+20  2167,0.9939321090920874,0.9875967986160714
12,30,5.150766595021397,3.858839803973695,1.2477183470262951,10.257324746021387,TYC 5606-1113-1,TYC 6883-1588-1,0.9914165792401612,0.988093216107945
24,29,2.9180851142304745,6.315159554278957,1.0451036698837881,10.27834833839322,CD-47  7291,HD 180950,0.9895228135874192,0.9881504576735348
12,31,5.662452605252645,3.452656735828661,1.1758667569907422,10.290976098072047,TYC 5606-1113-1,BD+20  2167,0.9914165792401612,0.9875967986160714
18,26,3.0246243799332926,5.065819878725676,2.263605262455778,10.354049521114746,BD-06  6123,TYC 5606-566-1,0.9903268199569376,0.9889979972384932
18,29,3.8653265742501843,4.7140806989256685,1.7864006101888459,10.365807883364699,BD-06  6123,HD 180950,0.9903268199569376,0.9881504576735348
1,24,2.5814192243394087,7.387014060023935,0.41041195161845045,10.378845235981792,CD-30  7056,CD-47  7291,0.9953865433639338,0.9895228135874192
27,31,5.749852505613828,4.445731895402211,0.35831116128272794,10.553895562298766,TYC  105-2108-1,BD+20  2167,0.9886490741227948,0.9875967986160714
22,31,4.405611097508906,3.3812910479671543,2.8009471278568143,10.587849273332875,HD  13684A,BD+20  2167,0.9899241898742775,0.9875967986160714
9,18,3.8467418633314643,5.06180601417175,1.7128755377387999,10.621423415242013,TYC 9263-701-1,BD-06  6123,0.992456910945104,0.9903268199569376
27,30,6.615338108859972,3.7548237188102864,0.4301627513182809,10.80032457898854,TYC  105-2108-1,TYC 6883-1588-1,0.9886490741227948,0.988093216107945
6,31,4.3813341939321155,4.153999434358731,2.348928688146108,10.884262316436955,HD 271308,BD+20  2167,0.9935994695920594,0.9875967986160714
6,27,5.3196805231891,3.617291999722088,1.99061752686338,10.927590049774567,HD 271308,TYC  105-2108-1,0.9935994695920594,0.9886490741227948
3,18,3.909412790954781,5.179388668275004,1.9006324472697753,10.98943390649956,TYC 1071-934-1,BD-06  6123,0.9944493696993356,0.9903268199569376
8,24,2.783916422563376,7.608657214888633,0.6221453953506538,11.014719032802663,CD-60  1593,CD-47  7291,0.9934140821873566,0.9895228135874192
13,24,3.890254162645564,6.187463365270258,1.0793401462581076,11.15705767417393,TYC 8351-1776-1,CD-47  7291,0.991384927374343,0.9895228135874192
10,24,3.0322962783577467,7.5204705587154645,0.7957712307895517,11.348538067862762,HD 217340,CD-47  7291,0.9923914331934592,0.9895228135874192
24,31,5.783826726034869,5.626954455570805,0.07912690674568634,11.489908088351362,CD-47  7291,BD+20  2167,0.9895228135874192,0.9875967986160714
18,27,4.477219297098629,6.019590321365427,1.0204811948420993,11.517290813306156,BD-06  6123,TYC  105-2108-1,0.9903268199569376,0.9886490741227948
18,23,5.300409942063392,3.8138357342353086,2.4103315101334353,11.524577186432136,BD-06  6123,HD  13767,0.9903268199569376,0.9898647127489534
2,18,3.947474280878523,4.948469815129937,2.651383898336875,11.547327994345334,TYC 7413-1369-1,BD-06  6123,0.9948926865069556,0.9903268199569376
5,18,4.690413760173443,5.248756260122873,1.628913141232961,11.568083161529277,TYC 6897-1616-1,BD-06  6123,0.9939321090920874,0.9903268199569376
24,26,3.0945148043451107,6.9660955447375,1.5223083221507205,11.582918671233331,CD-47  7291,TYC 5606-566-1,0.9895228135874192,0.9889979972384932
9,24,3.5132791909354935,7.284925935507287,0.9715785974337422,11.769783723876523,TYC 9263-701-1,CD-47  7291,0.992456910945104,0.9895228135874192
12,18,4.752829135665287,5.311562951510522,1.8380367905501136,11.902428877725923,TYC 5606-1113-1,BD-06  6123,0.9914165792401612,0.9903268199569376
14,24,4.302136604507392,6.127230785653782,1.5900698937641449,12.019437283925319,HD 271200,CD-47  7291,0.9913680789520726,0.9895228135874192
18,21,4.489286490107275,5.10658335144097,2.442045875640355,12.0379157171886,BD-06  6123,TYC 5232-208-1,0.9903268199569376,0.9901450005093488
18,22,4.246582059334109,4.4201811055578535,3.4631171614161858,12.129880326308148,BD-06  6123,HD  13684A,0.9903268199569376,0.9899241898742775
24,25,3.7328884025804214,7.608356225205269,0.8050880912764216,12.146332719062112,CD-47  7291,TYC 9271-1853-1,0.9895228135874192,0.9893123538849355
15,24,4.367703989256989,6.382352075969935,1.4037878086100162,12.15384387383694,BD-08  6091,CD-47  7291,0.9911042011418684,0.9895228135874192
18,20,3.5264563188343456,4.901325454362538,3.794491421075025,12.222273194271908,BD-06  6123,TYC 8351-2149-1,0.9903268199569376,0.9902110765948476
22,24,2.6627809513089917,6.867352551336065,2.721820221111128,12.251953723756186,HD  13684A,CD-47  7291,0.9899241898742775,0.9895228135874192
19,24,4.617062399716001,6.729424615909828,1.0843005528370637,12.430787568462893,TYC 5248-636-1,CD-47  7291,0.9902150085743344,0.9895228135874192
2,24,2.9851752627253014,7.545541513686335,1.9100869580318172,12.440803734443454,TYC 7413-1369-1,CD-47  7291,0.9948926865069556,0.9895228135874192
21,24,3.482421192146223,7.302184455202454,1.7007489353352976,12.485354582683975,TYC 5232-208-1,CD-47  7291,0.9901450005093488,0.9895228135874192
11,24,3.866887937587737,7.628792894802112,1.015122182723915,12.510803015113765,CPD-63   349,CD-47  7291,0.9921674773952948,0.9895228135874192
6,24,3.138755520834894,7.2891908413318625,2.2698017814004214,12.697748143567178,HD 271308,CD-47  7291,0.9935994695920594,0.9895228135874192
24,30,5.380083503408937,7.31459576038217,0.1509784967812393,12.845657760572346,CD-47  7291,TYC 6883-1588-1,0.9895228135874192,0.988093216107945
20,24,3.1697544677571616,6.787393086878339,3.0531944807699674,13.010342035405468,TYC 8351-2149-1,CD-47  7291,0.9902110765948476,0.9895228135874192
3,24,4.554753954639094,7.34701679173839,1.1593355069647175,13.061106253342201,TYC 1071-934-1,CD-47  7291,0.9944493696993356,0.9895228135874192
6,18,5.316545920770874,5.0000670272176535,3.011098721705479,13.327711669694008,HD 271308,BD-06  6123,0.9935994695920594,0.9903268199569376
18,24,5.268116497494326,7.382908224816994,0.7412969403050577,13.392321662616377,BD-06  6123,CD-47  7291,0.9903268199569376,0.9895228135874192
