gaiadr3_source_id,ra,dec,gal_l,gal_b,hab_score,s_CO,s_MgSi,s_FeH,s_volatile,s_age,C_O,fe_h,mg_fe,si_fe,ba_fe,age,teff,logg,dist_pc,parallax,cct_cluster,cct_distance
5468561474634920320,156.54808044433594,-27.74072265625,267.6041641396488,24.991637954165245,0.9787491439776648,1.0,0.9884611,0.9638482,0.9847213,1.0,0.4084388,0.08141175,0.057021774,0.023219302,0.0061299577,6.2304564,5300.7773,3.813116,603.4300951269576,1.657192785171921,UBC_545,0.841171126881943
6403226248933909120,322.6266174316406,-63.4738883972168,330.19914653151613,-41.47050352833802,0.9733827325287312,1.0,0.99631196,0.9271362,0.9835486,1.0,0.41756976,0.116695635,0.04205539,0.048348326,0.004463993,7.4222546,5512.898,3.8994062,1093.2621685930346,0.9146936834802784,UBC_545,0.5064574585008513
4775927461908550656,68.49495697021484,-55.75814056396485,264.76276138818054,-41.27083459635922,0.97187011140108,1.0,0.9959729,0.94292516,0.9991775,1.0,0.37864685,0.10285087,0.06754161,0.043904666,0.039858647,5.432619,5362.1597,3.8034441,781.2638034627388,1.2799773848062237,UBC_545,1.0142989202040666
4901335108176507264,0.9802083373069764,-63.86272048950195,311.4924912148584,-52.46858362649954,0.9654112292035684,1.0,0.9924639,0.9629002,0.9164905,1.0,0.39383817,0.08249237,0.0600309,0.030971672,-0.0544052,7.076728,5586.3496,3.9019818,575.5167759274539,1.7375688108977974,UBC_545,0.8755337352273674
5451626010567410432,165.8073272705078,-32.49399948120117,277.8783860020593,25.060272323336665,0.9620190142785352,1.0,0.88513565,0.9774223,0.9996638,1.0,0.48701113,-0.06411376,-0.023145225,0.061770145,0.04351653,7.5270743,5617.2676,3.8984768,1075.646563368022,0.929673402078132,Graham_1,0.3853387168449244
6261313176492617600,235.8934631347656,-17.032611846923828,351.3291045849217,29.237921517706567,0.9605811100569316,1.0,0.9659149,0.9477536,0.9640983,0.9999434351921082,0.4094938,0.09827979,0.058554076,0.0072686076,-0.017603695,8.042543,5311.184,3.8703368,1251.754501036442,0.798878693203826,UBC_545,1.121873003649714
3468219149884784896,185.47645568847656,-33.753807067871094,295.93455492158955,28.716371558133705,0.960333989884877,1.0,0.98090625,0.94548243,0.9662215,0.9799090623855592,0.33713526,0.10045293,0.08096374,0.04014649,-0.015538324,8.805889,5364.2,3.900545,875.080687419503,1.142751764924521,UBC_545,1.588627589479642
6149073307242910336,181.31741333007807,-40.78758239746094,293.5776427478116,21.244083061451875,0.960173713569252,1.0,0.97588587,0.94686985,0.93199664,1.0,0.3455782,0.09913048,0.07688636,0.03219761,-0.04382573,7.599081,5209.1167,3.8381548,839.4298532425205,1.19128477041558,UBC_545,1.5005053415156508
6462052526200514048,323.6882629394531,-53.59419631958008,342.71355484842246,-45.42514688638908,0.959872114966874,1.0,0.99712807,0.91026443,0.95748216,1.0,0.45784825,0.13009083,0.0469634,0.051476073,-0.023695398,7.805164,5149.8335,3.8227768,708.7346021377227,1.4109653980259285,UBC_545,0.530411502509245
4650157453550998144,89.16629028320312,-73.8447494506836,284.7852910707836,-29.775146898713125,0.9596880661111276,1.0,0.9826858,0.97363186,0.8255508,1.0,0.42102438,0.069353886,0.053139485,0.013820488,-0.10480004,6.184654,5447.328,3.840973,316.54680304113265,3.159090505393789,UBC_545,0.91940528571738
4806485948062172032,80.89183044433594,-43.09600067138672,248.45809094291533,-33.686398014288315,0.959615677247859,1.0,0.999608,0.95307845,0.8790145,0.8958682417869568,0.4242835,0.09300779,0.035734184,0.031929757,-0.07696155,9.875842,5167.0874,3.851856,625.1802485382103,1.599538696780951,UBC_545,0.5631080730455293
6118378348509176960,216.9747009277344,-37.07405471801758,323.5032033245983,21.91451347041033,0.957955887410676,1.0,0.9682441,0.94099903,0.9471204,0.9796336889266968,0.36026958,0.10462489,0.07377618,0.023930166,-0.03240832,8.811448,5652.039,3.9955487,1109.2458325327063,0.9015134162972074,UBC_545,1.3981146198749324
4775992023856857856,68.36833190917969,-54.90016555786133,263.66331514052547,-41.517943717752445,0.9566797919804484,1.0,0.9999367,0.95225984,0.835731,0.9964838624000548,0.3727898,0.09383561,0.049409084,0.03889757,-0.09977002,8.33573,5469.84,3.9129663,644.2122459203553,1.552283438156857,UBC_545,0.9722688898556764
3787057284053382272,171.01028442382812,-4.200583457946777,265.63523044410795,52.226476486187565,0.9562791884389452,1.0,0.97268873,0.8767133,0.96969086,0.99248605966568,0.4174283,0.15389456,0.065104134,0.018166803,0.11202619,8.491277,5497.484,3.9431844,1088.07770311826,0.919052009920024,UBC_545,1.1863026024987282
6084574963028104192,195.2782440185547,-49.98833465576172,304.5267571684425,12.853450659908152,0.9555470352889064,1.0,0.99017113,0.9330252,0.9298012,1.0,0.3640355,0.11170564,0.060457297,0.02855577,-0.045383677,6.0648594,5443.5815,3.8414958,311.9309719859082,3.205837476264384,UBC_545,1.2337892877764276
6361846128822055040,300.3580322265625,-79.09502410888672,314.9437403830348,-29.89255868896021,0.9541271315850082,1.0,0.99891317,0.9699523,0.80459726,0.9967337250709534,0.43803722,0.07410477,0.041885726,0.025415037,-0.11485349,8.323561,5683.9707,3.9821935,786.6780572304954,1.271168034761902,UBC_545,0.6135976629439559
5047012362974638976,49.69912338256836,-35.98897171020508,238.07566835982976,-57.593862392681785,0.95391975718156,1.0,0.9994692,0.89177424,0.86744565,1.0,0.38196832,0.14358833,0.042911656,0.028796867,-0.08332404,7.0596128,5453.1943,3.8858507,860.3612053542503,1.1623025233782525,UBC_545,1.1313496331634316
3488584338613868160,182.6891632080078,-25.00344467163086,291.3801005296978,36.954093806666336,0.9522965444685184,1.0,0.9933534,0.92209476,0.99212706,1.0,0.38347906,0.1208276,0.06778016,0.07930826,0.018567353,6.4689507,5340.2974,3.8415117,693.0788430680473,1.4428372904492468,UBC_545,1.1031466275251394
6198864523807268096,225.6049652099609,-37.19174957275391,329.991798020454,18.70372679990814,0.9521639427565768,1.0,0.97673017,0.95525235,0.76933295,1.0,0.38100463,0.09077641,0.052018203,0.007948834,-0.13104953,6.207284,5633.573,3.8811395,825.397286221513,1.2115377851286375,UBC_545,1.2572831654466536
5377316410559834368,179.54896545410156,-47.853553771972656,293.7675888230176,14.068560087668494,0.95171003512763,1.0,0.9990494,0.93906695,0.88275963,1.0,0.43097225,0.10637828,0.04394538,0.04283723,-0.074851066,7.3971567,5737.0596,3.9754145,994.3170147965265,1.0057154661128238,UBC_545,0.395196808162449
6039184614776046720,244.00286865234372,-28.05991744995117,348.61074617173506,16.15467750344052,0.9511045047843724,1.0,0.9906119,0.89100254,0.97979826,1.0,0.33353972,0.1441299,0.054760985,0.07020654,-0.0005081594,6.4771724,5219.898,3.8151393,412.7281473061048,2.422902354799509,UBC_545,1.566876375054371
5775801174179208192,247.69525146484372,-79.22113800048828,312.3332039430948,-20.614557773203718,0.9502391979391596,1.0,0.99998826,0.93926936,0.88210887,1.0,0.32207593,0.10619576,0.073045366,0.06527045,-0.07521969,7.5489993,5633.998,3.938503,973.6549171755216,1.0270579261294164,UBC_545,1.6761567127639432
3467145751658253952,178.29620361328125,-32.17197036743164,288.83355229473136,29.09999941473728,0.9491352852061076,1.0,0.9937837,0.9050455,0.98740244,1.0,0.37064046,0.13400969,0.07220281,0.083051234,0.010191664,6.501366,5457.482,3.8696918,710.7607673937865,1.4069431598859827,UBC_545,1.3350332209714597
4903362680633552256,11.252666473388672,-60.94269561767578,304.3335706832924,-56.16806160492299,0.9486867251651508,1.0,0.99622333,0.8530664,0.8969553,1.0,0.38018787,0.16913077,0.035537757,0.042011965,-0.066591844,7.4978824,5355.1113,3.8798766,570.6966911793847,1.7522442576869155,UBC_545,1.225485264314604
3206119453545467776,67.6660385131836,-1.4956110715866089,196.59350186893604,-31.645439000963684,0.9477377298129092,1.0,0.99950707,0.94201654,0.9167585,0.9469675421714784,0.41013885,0.103691116,0.059036516,0.055817965,-0.054230075,9.320491,5261.54,3.8823917,682.3625689622392,1.4654965636829038,UBC_545,0.5864051979386846
2614026154155369216,332.700927734375,-10.641528129577637,48.631296001186136,-48.8239733355425,0.9469509238449167,1.0,0.9946646,0.8761235,0.82266176,1.0,0.42954051,0.1542877,0.05069671,0.024827898,-0.106209084,5.52019,5423.37,3.8297322,533.0929982204019,1.8758453090516116,UBC_545,0.9860023031528924
4676234811337597184,60.53029251098633,-63.44441604614258,276.29042079995634,-42.51694859524285,0.9463268320944984,1.0,0.99703103,0.88058674,0.8703909,1.0,0.39011407,0.1512945,0.049794026,0.054530207,-0.08172548,6.7184315,5505.5693,3.8865573,443.6383733245222,2.2540881495580147,UBC_545,0.9842355648070532
3466241536487585536,181.9010009765625,-33.291168212890625,292.4957106544925,28.690734158603995,0.9449246557753688,1.0,0.99726707,0.97610503,0.95314014,0.9458039402961732,0.4038748,0.06597969,0.06429692,0.043276165,-0.02745426,9.335305,5441.1353,3.9291759,524.9830316162094,1.9048234700489397,UBC_545,0.7306999897707218
5703041846905726464,126.89445495605467,-22.127695083618164,243.87857867751396,9.441022247922223,0.9445846270762974,1.0,0.9822205,0.8654118,0.883783,1.0,0.39512163,0.16130391,0.029659167,0.054580014,-0.074269705,6.200521,5356.8926,3.8428946,642.5191852319697,1.5563737597017722,UBC_545,1.0384276797877456
6100623159867292800,221.6739196777344,-42.84061050415039,324.4116144121877,15.172825766086222,0.9444289436708126,1.0,0.92338014,0.8927237,0.9766093,1.0,0.5439498,0.14291984,0.06862318,-0.003153555,0.10439276,6.798446,5598.318,3.9131565,979.5541657615752,1.0208725917902957,UBC_518,1.3810912157918966
4772358790762004864,81.65579223632812,-51.27574920654297,258.31955095322763,-33.85628568174796,0.9443431732681364,1.0,0.9927269,0.86494726,0.9093524,1.0,0.35588372,0.16160327,0.05444514,0.02573933,-0.058985382,7.234927,5581.2627,3.9289894,946.86960664486,1.0561116261228432,UBC_545,1.5095884813586753
5839364594222505344,200.63270568847656,-73.40438842773438,305.18478492588105,-10.668793222743702,0.943421482026098,1.0,0.9737964,0.8448572,0.9559313,1.0,0.3308126,0.17420036,0.058394946,0.012220267,-0.02505764,6.8662896,5705.1167,3.967233,932.061863936618,1.072890157501393,UBC_545,1.9308503624162427
5382367807495371008,174.11849975585938,-43.24347305297852,288.722334417277,17.550329771442485,0.941026161014704,1.0,0.9984876,0.9635621,0.6680837,1.0,0.42032936,0.08173927,0.04198838,0.024117216,-0.17453891,6.9448686,5730.824,3.9466443,669.7010118954504,1.4932036569120697,UBC_545,0.6974308341431759
6888622042313135744,313.969970703125,-13.258138656616213,34.66494949780161,-33.51575711071739,0.9405276419613948,1.0,0.99889916,0.87466955,0.8559625,0.9945281147956848,0.39436495,0.15525346,0.05746504,0.04094394,-0.0894313,8.419021,5251.5864,3.8771791,818.7520369714292,1.2213710071476689,UBC_545,1.0545663015310922
5687399374151271680,147.91287231445312,-13.835472106933594,250.4237414411873,30.17120491061656,0.9402891568852696,1.0,0.99950886,0.8000606,0.8759362,0.9951602220535278,0.3672436,0.20038015,0.03200282,0.02877444,-0.078676954,8.394016,5273.2866,3.8903391,841.7767024192406,1.187963502822103,UBC_545,1.6342980033530723
4673890755626312448,53.61604309082031,-62.775917053222656,277.68678737808807,-45.55146151926524,0.9398143451924252,1.0,0.99452543,0.85845476,0.8625186,0.9645009636878968,0.37098497,0.16574632,0.057688363,0.03159962,-0.08596809,9.075463,5559.5757,3.9850335,325.8518416411045,3.0688793869129243,UBC_545,1.369369405581946
5918988614965767040,264.2585754394531,-57.68833160400391,334.33276620642744,-13.511087800675828,0.9397800560642472,1.0,0.95654625,0.817508,0.97329795,1.0,0.51837224,0.19044429,0.07066544,0.014053103,-0.0081647,6.990379,5726.195,3.9927208,831.8461779332767,1.202145332307112,UBC_518,1.2867016937866942
6708908692120726528,280.67578125,-44.971527099609375,350.719581227158,-17.354200184360813,0.9392072894626208,1.0,0.9850306,0.81550974,0.953965,0.9995845556259156,0.41988683,0.19159737,0.035269976,0.05730522,-0.02675308,8.115313,5551.609,3.9573677,935.0591061816118,1.069451111046423,UBC_545,1.1517133586866095
5477443707521653504,98.29991912841795,-62.75958251953125,272.43473551608406,-25.96336435916817,0.939177953201054,1.0,0.99997723,0.9362334,0.851544,1.0,0.33468252,0.10890494,0.07325225,0.06350337,-0.091732174,4.8575964,5529.021,3.8107302,662.5135724057271,1.5094030396521358,UBC_545,1.5362153986924056
4786917836542969216,74.0738296508789,-46.98836135864258,252.8945056693632,-38.73820537708405,0.938579235984762,1.0,0.99994695,0.9777561,0.7061759,1.0,0.40444005,0.06363262,0.060516335,0.050165948,-0.15853384,6.8509793,5483.8657,3.8669078,626.7607259181409,1.5955052042150557,UBC_545,0.6516179909783947
6888772263089913216,314.3867492675781,-12.580527305603027,35.606426518339674,-33.60909913431427,0.9371215029083336,1.0,0.9999727,0.87105495,0.8494203,0.9997179508209229,0.3939306,0.15763581,0.061083354,0.05374177,-0.09282908,8.095008,5517.516,3.938324,912.7817077564724,1.095552191178219,UBC_545,1.057892270813669
2725259313131915904,330.33953857421875,8.631028175354004,67.81442395755082,-35.45760020237153,0.936962063027186,1.0,0.9796097,0.8706016,0.7960718,1.0,0.39105457,0.15793273,0.028452426,0.05587623,-0.11884381,6.40977,5458.6,3.8676085,765.1801789425042,1.3068817352038862,UBC_545,1.0502163437273608
5906258538059397632,221.56300354003903,-46.26261138916016,322.7863793508765,12.135914014426977,0.936617332560977,1.0,0.99971557,0.8215386,0.9236655,0.9721192121505736,0.4197126,0.18810563,0.038622282,0.025978424,-0.0496276,8.95124,5215.259,3.8809927,679.978300514584,1.470635164744573,UBC_545,1.260275822988205
3473899982868613504,180.987548828125,-29.453277587890625,290.69811456321446,32.28786314412158,0.9356995883589686,1.0,0.999524,0.89492774,0.83495474,0.9717409610748292,0.39132494,0.14135846,0.041312613,0.027488358,-0.10015729,8.957765,5545.0244,3.9723966,655.6419996689698,1.5252226070094574,UBC_545,1.0551294092172678
4220118527277413376,301.24267578125,-5.734000205993652,36.21511980906482,-18.95523236625512,0.9344397039800852,1.0,0.94824046,0.9247675,0.95112354,1.0,0.36976346,0.11865218,0.075322025,0.014468901,-0.029144865,6.8439302,5565.3403,3.893822,1042.680931648619,0.9590661626648004,UBC_545,1.456037327141708
2643750871192221056,351.44512939453125,-1.3215556144714355,80.8247207071363,-57.01818499021304,0.9333553206772064,1.0,0.999661,0.91633475,0.95280325,0.9580180644989014,0.3089385,0.12540832,0.08679666,0.08265446,-0.027739033,9.17151,5262.215,3.8911855,676.1926769143716,1.478868426323749,UBC_545,2.0345658968311824
5499349969172921216,92.62049865722656,-55.2545280456543,263.6265839518329,-27.699931516634017,0.9326997139518712,1.0,0.97946715,0.9061053,0.90040654,0.9876227974891664,0.3841325,0.13322148,0.05389022,0.011913829,-0.06451471,8.631302,5623.7324,3.9919002,879.9905743863169,1.1363758079992785,UBC_545,1.284876433171297
5370834995677351296,178.12796020507812,-50.1041374206543,293.3451421642369,11.667556489890773,0.9326273131623868,1.0,0.995658,0.8260022,0.89227706,1.0,0.39247918,0.18549505,0.039654136,0.047240097,-0.069362156,7.336523,5526.845,3.9201758,328.6082990266039,3.043136777014389,UBC_545,1.2376774940519102
4796464621128461696,81.70600128173828,-49.99380493164063,256.7804115186703,-33.76179499654652,0.9324263211619084,1.0,0.99986726,0.8015088,0.91888386,1.0,0.42854238,0.19956622,0.054777734,0.043411132,-0.052832134,7.030405,5369.3965,3.8747485,847.6890926991609,1.179677795329252,UBC_545,1.2474304317724452
686012006382468352,132.9673309326172,21.98752784729004,204.34572522692488,35.78142251996593,0.9303199856058496,1.0,0.9840154,0.8958264,0.7119069,1.0,0.40048537,0.14071801,0.05912613,0.020979889,-0.15609707,4.39716,5701.6543,3.8260767,1413.8397966579223,0.707293713448886,UBC_545,1.1155209423814634
3796064174070333952,176.5488739013672,0.5527499914169312,269.7240080004882,59.15173013109059,0.9302936489829088,1.0,0.8437883,0.92713934,0.94372475,0.9862898588180542,0.32358074,0.11669297,0.09356218,-0.0044365786,-0.035088718,8.664651,5347.046,3.8934193,576.3705451581752,1.7349949757157817,UBC_545,2.2124680044841303
4806795357505685248,80.1278305053711,-41.786582946777344,246.8058310210821,-34.07482989448592,0.9301980367418656,1.0,0.9152497,0.9491036,0.882979,0.974187433719635,0.34252787,0.09696763,0.08920316,0.014262095,-0.07472665,8.914794,5307.446,3.8850794,1158.5652911704665,0.8631365082495503,UBC_545,1.7907130647190668
5468614633447130240,156.19041442871094,-27.682222366333008,267.28298966340714,24.854346119491,0.9300831158059806,1.0,0.9991167,0.8255058,0.8199115,1.0,0.41661656,0.18578647,0.047208615,0.031506922,-0.107543215,7.3481255,5276.1436,3.8613644,552.0189084143201,1.8115321499991917,UBC_545,1.2042781747676732
6209849503961443200,231.4864959716797,-29.38569450378418,338.9886836636733,22.46255133537133,0.9292024884646306,1.0,0.98312426,0.94320846,0.87508273,0.6895033717155457,0.44205797,0.102587685,0.024116866,0.04813363,0.17914954,11.449214,5050.613,3.818444,574.316945097048,1.741198842445821,UBC_545,0.4464706542148253
3482581829761076608,170.80079650878906,-30.118221282958984,281.13055588365097,28.991133519112445,0.9285491337984706,1.0,0.994218,0.8235935,0.81341547,0.9900452494621276,0.4459275,0.18690664,0.062352635,0.03578806,-0.110667825,8.565818,5194.56,3.866544,567.7827211336407,1.761237111977254,UBC_545,1.1965161472505372
6165785235446213760,198.5007476806641,-37.39194488525391,307.8860659652067,25.26264456354206,0.928277456904262,1.0,0.9842539,0.86377764,0.8007595,1.0,0.51364094,0.1623551,0.07896464,0.041034076,-0.11665632,6.151854,5447.6562,3.859519,1140.0886329516786,0.8771247875799002,UBC_518,1.004654124513786
4856899999303506816,55.99100112915039,-37.170501708984375,239.51087906580577,-52.47141215709833,0.92812249175019,1.0,0.9873918,0.89257765,0.81507057,1.0,0.40193164,0.14302278,0.03460657,0.054021645,-0.10987519,7.219006,5201.1035,3.8306282,733.6808890113829,1.3629903885699894,UBC_545,0.8264890614649817
4876909839619967488,75.70691680908203,-29.44499969482422,231.23419068492467,-35.29934272776507,0.9272226036533646,1.0,0.9989843,0.95263314,0.831164,1.0,0.34205645,0.09345893,0.0727407,0.05652954,-0.10203953,7.728006,5291.4746,3.8535264,798.5734497907149,1.2522329665005438,UBC_545,1.4205533034188471
5269704424408395904,120.54708099365234,-70.50135803222656,283.1710221120919,-19.8510897794607,0.9269134982382145,1.0,0.9931059,0.8523741,0.8242549,0.9994392395019532,0.43620062,0.16956228,0.03790039,0.04981022,-0.10543304,8.133976,5489.272,3.9304657,657.4540727932365,1.5210187926153302,UBC_545,0.8986250099224177
4635304116604072960,19.89520835876465,-77.2988052368164,300.9254371834264,-39.71960199016673,0.9266799345131164,1.0,0.95334405,0.86184216,0.8736972,1.0,0.3126518,0.16359395,0.08475693,0.026463617,-0.079914086,5.4703636,5583.794,3.8600132,1066.3224128903823,0.9378026644768648,UBC_545,2.1078480202250622
4656903232281596160,89.3964614868164,-71.09833526611328,281.62141828054763,-29.90202013232342,0.9264567364946712,1.0,0.98830646,0.9437148,0.8288204,1.0,0.44117528,0.102115795,0.063475005,0.08181542,-0.103195876,7.4944506,5365.8667,3.8649235,1084.5066409442552,0.9220782632823002,UBC_545,0.7062608864002689
6087513334830746496,201.8577117919922,-45.10636138916016,309.5713082923712,17.30087996057582,0.925230950095299,1.0,0.9958889,0.9103715,0.6945112,0.9967576861381532,0.3836236,0.1300095,0.054714166,0.030923586,-0.16346751,8.322365,5267.9463,3.8762093,745.3706178072977,1.341614461463159,UBC_545,1.056420866109684
5812058566542479744,268.6957397460937,-68.3237533569336,325.34658732920906,-20.07816163012383,0.9251651008726404,1.0,0.9986478,0.87430567,0.8475471,1.0,0.42356372,0.15549451,0.07535867,0.07570997,-0.0937919,7.3421383,5133.593,3.8070843,693.344683795868,1.4422840808777533,UBC_545,1.1022416566812352
6120778719828478976,209.84536743164065,-36.84822082519531,317.76570565300085,24.05867775518023,0.9240794734602654,1.0,0.99363446,0.843323,0.8267518,1.0,0.41828254,0.1751369,0.03402807,0.045114633,-0.104212016,6.6690636,5719.267,3.9621234,743.4935955704993,1.3450014982747465,UBC_545,1.0267123731118244
5499246920021767168,91.87728881835938,-55.51525115966797,263.8515986846195,-28.15456382461889,0.9236126517140832,1.0,0.9997971,0.92354804,0.7361687,1.0,0.47008342,0.119648874,0.059827007,0.04780974,-0.14567064,7.6695795,5275.9966,3.859719,732.189239749523,1.3657671346578286,UBC_545,0.6311773986684933
6727109801472224640,276.39093017578125,-38.001861572265625,356.00574619927846,-11.638504183118904,0.922275929057642,1.0,0.97685707,0.8256243,0.8593761,0.920778214931488,0.39881712,0.18571691,0.0614487,0.017473396,-0.087635666,9.625163,5377.2954,3.945779,537.0828413119021,1.8619101618613547,UBC_545,1.462579105182981
6136600039317181312,198.7967071533203,-42.99519348144531,307.540128209848,19.663957399242147,0.92212435003432,1.0,0.9823366,0.84985554,0.97826403,1.0,0.33820164,0.17112571,0.05325859,0.07806449,-0.0024114102,4.660053,5733.4956,3.856856,917.8195884370962,1.0895387422519978,UBC_545,1.6765297357614568
6086429529904697088,195.76324462890625,-46.44586181640625,305.0169344475019,16.378858386197003,0.9210320823794986,1.0,0.99719757,0.90478843,0.80998546,0.9267428517341614,0.33969986,0.1342004,0.060853206,0.06520365,-0.11230332,9.560299,5229.874,3.8915625,757.722745959294,1.3197439371230404,UBC_545,1.469971727695319
5838491375832201856,191.83621215820312,-74.01547241210938,302.6447374192355,-11.146007239123849,0.9197174868786376,1.0,0.97772694,0.7623328,0.9645788,1.0,0.38571978,0.22101349,0.038002722,0.06714447,-0.017141387,6.7984786,5131.09,3.8176482,310.5625630402018,3.2199631217963374,UBC_545,1.59468902710711
3483581938666719616,174.90415954589844,-29.31172180175781,284.65599835868187,30.998449937909797,0.9196685124667624,1.0,0.9784901,0.94541097,0.84006464,1.0,0.3943956,0.10052069,0.06173701,0.09019041,-0.097595915,7.325366,5320.3276,3.850479,579.3502712926112,1.7260715141616498,UBC_545,1.0268011537282251
3040476106976228736,115.1883316040039,-9.95425033569336,227.4816987165521,6.220179165999889,0.9189179382959178,1.0,0.99999344,0.9612537,0.74055636,0.8960933089256287,0.4429953,0.08433886,0.04875364,0.03953706,-0.14376321,9.873698,5487.581,3.9619315,721.9269882533565,1.385181626772838,UBC_545,0.3486251930647261
5486656549813600000,108.75057983398438,-58.00141525268555,268.8674633987758,-19.77319703566043,0.9173051526663808,1.0,0.97074175,0.9225354,0.8446942,1.0,0.4085067,0.12047119,0.06886666,0.103890836,-0.09525002,7.022281,5148.265,3.8002858,467.3553433733638,2.139699511686365,UBC_545,1.251794492687719
6122024913178983936,209.2482147216797,-34.939334869384766,317.84776366489604,26.026489610874563,0.9168459663312996,1.0,0.8625289,0.9307477,0.81632656,0.9337596893310548,0.38545305,0.11365765,0.080900796,-0.011658514,-0.10927209,9.480931,5353.2524,3.9163263,875.0600261561705,1.142778746725121,UBC_545,1.7470205469645643
6722173715802560768,277.8535461425781,-42.20100021362305,352.56568485504914,-14.404745760745108,0.9167821648928548,1.0,0.9934717,0.6950926,0.99330705,1.0,0.56675184,0.25586683,0.052887447,0.06423092,0.021027155,6.8756757,5345.4526,3.8788838,1075.2619950701462,0.9300059005012667,UBC_518,1.2401664397393095
5477272939622761728,97.44229125976562,-63.35077667236328,273.0193892885504,-26.438056428072745,0.916462896775898,1.0,0.9919042,0.8241579,0.8388591,0.9966211318969728,0.42428172,0.18657644,0.056015484,0.06969258,-0.098202765,8.329101,5262.9136,3.8831396,564.6324720521409,1.771063567005858,UBC_545,1.1499282744854284
6254015614740062592,235.9790802001953,-19.37088966369629,349.5600116289121,27.49114295377728,0.9154190567354864,1.0,0.9918361,0.92737883,0.7750279,0.9966219067573548,0.29592004,0.116493635,0.089129545,0.05925211,-0.12848541,8.329065,5609.0024,3.9600823,733.769741516298,1.3628253434565871,UBC_545,2.1081447142907543
5266822226474821760,101.08966827392578,-70.69508361816406,281.3483707851104,-26.067641346526106,0.9147496762954826,1.0,0.9663878,0.9238681,0.6766541,1.0,0.40512717,0.119387984,0.036155827,0.07454415,-0.17096242,7.7826095,5183.1763,3.833064,349.521833869669,2.8610515941985004,UBC_545,0.7354497151287298
6791627494495864576,310.14794921875,-34.22275161743164,8.898691274204728,-36.42970716459587,0.9144413025747222,1.0,0.9846264,0.97113025,0.82262117,0.9896807074546814,0.44872546,0.072615765,0.035078995,0.05754346,-0.106228784,8.576135,5628.853,3.968131,948.4260058945822,1.0543785111172397,UBC_545,0.1816024957112557
6452801883903493376,317.890625,-60.06494522094727,335.4626226650563,-40.54810858367865,0.9141782363397758,1.0,0.96577054,0.68913263,0.9543134,1.0,0.36799914,0.2588781,0.0721065,0.02073355,0.12645519,7.0689497,5677.5503,3.9976995,662.2130533388594,1.510088022212834,UBC_545,2.213533917017772
5814971894400230912,257.1878356933594,-66.03125,325.21504050434817,-15.072200820076974,0.9140168445237112,1.0,0.9561693,0.90481085,0.825081,1.0,0.40877825,0.13418373,0.06220176,0.0053882636,-0.10502972,4.7724123,5691.806,3.8433716,558.9033508469216,1.7892181152334703,UBC_545,1.2819005682459244
689215910250049024,132.73300170898438,23.049638748168945,203.01715918288568,35.90425245077668,0.913538497530591,1.0,0.9893796,0.85065365,0.69280195,0.974202275276184,0.41728354,0.17063127,0.043382026,0.060411308,-0.16418773,8.914529,5217.36,3.8784761,581.0095972565307,1.7211419651618496,UBC_545,0.9583734518906069
3221884049401878656,81.74229431152344,0.961222231388092,202.05710711241156,-18.236938455898517,0.9135267783424864,1.0,0.99809146,0.9614513,0.76773286,0.8581502437591553,0.36087573,0.0841193,0.061793394,0.04279132,-0.13176684,10.212518,5537.547,3.987903,326.11667224797475,3.066387232234522,UBC_545,1.142420664502963
47452967646187648,65.23945617675781,17.942277908325195,177.35798521456312,-22.109502741946223,0.913346321819358,1.0,0.9968034,0.82466394,0.9413187,0.9583834409713744,0.35642028,0.18628015,0.07860445,0.08385128,-0.03694365,9.16629,5340.703,3.9224246,717.7122890722933,1.3933159780398752,UBC_545,1.7751723778343735
6430539625300501888,302.2208251953125,-62.45133209228516,334.1788258829926,-32.73444980659238,0.9129245559238484,1.0,0.9961888,0.9518747,0.80374193,1.0,0.3589821,0.0942228,0.066904835,0.073449105,-0.115256235,7.4980063,5200.0127,3.817283,757.5611100332025,1.3200255223716169,UBC_545,1.2337725304550144
6116042126818268672,214.72467041015625,-40.54364013671875,320.38616037882946,19.345144503229605,0.9127841591227108,1.0,0.99868834,0.7378166,0.97771704,1.0,0.41259283,0.2339462,0.09027203,0.0730325,-0.0030741878,5.011684,5727.88,3.8945374,1138.304992129685,0.8784991780885311,UBC_545,1.8776869635058795
2722390760309339136,331.5293884277344,9.28125,69.38597506975302,-35.87486661690954,0.912638701978124,1.0,0.98898584,0.84557635,0.679648,0.9682485461235046,0.33819264,0.17376027,0.055361666,0.022125985,-0.16971013,9.016133,5342.096,3.9185386,691.4128238337044,1.446313932182021,UBC_545,1.7682621066749802
3537045622847016960,165.8294219970703,-24.189472198486328,273.5143890184049,32.43362166734713,0.9115602783575972,1.0,0.99999917,0.9275478,0.70588565,1.0,0.33419827,0.1163528,0.07538637,0.06700422,-0.15865704,7.4788795,5575.047,3.9210923,639.2996690203933,1.5642116654499638,UBC_545,1.582637077338917
6241681224578691968,237.12733459472656,-20.567556381225582,349.5148702317473,25.880233179711173,0.9115119739484262,1.0,0.9968329,0.6586098,0.97381026,1.0,0.3914733,0.27417573,0.064479016,0.04252101,-0.0075964592,5.5352864,5520.713,3.8676827,1097.8130661837308,0.9109018928661932,UBC_545,2.101341403715683
4706115482931138304,17.88020896911621,-64.40097045898438,299.3635616095865,-52.58791610364775,0.9107697967744524,1.0,0.99987817,0.8679211,0.75978076,0.8548122644424438,0.37491018,0.15968034,0.04254245,0.036609717,-0.13531235,10.240524,5451.6235,3.994848,938.9436777641456,1.0650266077527082,UBC_545,1.2278200690626544
5999295810400702080,230.7047119140625,-45.841835021972656,328.6005703934048,9.350080007481155,0.9103510225057,1.0,0.90802425,0.9403233,0.95765656,1.0,0.3505383,0.105241105,0.072226875,-0.0053999852,0.12354087,6.9834847,5474.5957,3.8762095,947.9710031414076,1.0548845868556924,UBC_545,1.810365695166478
3470309321489184640,187.81016540527344,-31.847139358520508,297.9371129297141,30.82865236735157,0.91028659943741,1.0,0.96564776,0.8839557,0.87499905,1.0,0.299186,0.14900574,0.094339244,0.042892043,-0.07919586,7.7700286,5262.642,3.863761,978.1624043873236,1.022325122612287,UBC_545,2.212234515097215
4129389851423176192,256.91845703125,-18.56619453430176,3.934935837349997,12.936704621641056,0.9097920529789886,1.0,0.9971974,0.885607,0.650037,0.994373857975006,0.39480305,0.14787419,0.055185534,0.03400955,-0.18203613,8.424906,5246.479,3.8737338,204.71638676791596,4.88480680901078,UBC_545,1.0377086033198957
5204547880743586816,157.71063232421875,-76.2474136352539,294.76039517406093,-15.659136654356482,0.909356025698313,1.0,0.998808,0.8036547,0.7933663,1.0,0.36598754,0.1983568,0.06712303,0.050283227,-0.120099306,6.121535,5342.5005,3.8415532,656.4495563617102,1.5233462957037789,UBC_545,1.6069473467752446
4679163875953836032,66.50265502929688,-57.97746276855469,267.99208694499623,-41.78676521416013,0.9082773473091031,1.0,0.9998231,0.8582614,0.7206111,1.0,0.38049877,0.16586858,0.042728506,0.03734372,-0.15237823,6.578531,5320.4014,3.8466468,453.1556016880233,2.206747519560519,UBC_545,1.2170094542001602
5811094569722369920,259.65533447265625,-69.45369720458984,322.7228200319079,-17.692483758311944,0.9072961987940884,1.0,0.9913962,0.88265234,0.79227704,1.0,0.28366208,0.14989433,0.09928117,0.06884968,-0.12060337,7.942931,5152.1084,3.8331015,732.7093085054429,1.364797728637798,UBC_545,2.4224376811807136
2669083065044697984,330.4325561523437,-4.909999847412109,54.017014766777926,-43.91191933383042,0.9067748381370538,1.0,0.9857967,0.9465727,0.74606174,0.9630396962165833,0.34490973,0.099415034,0.093325,0.05683252,-0.14135927,9.097789,5567.205,3.9675374,717.2592936231968,1.394195946836121,UBC_545,1.6179910792605203
2720620233055288320,331.6187438964844,6.317999839782715,66.73803828906914,-37.95041794439921,0.9060197270946037,1.0,0.9999361,0.7982325,0.9422011,1.0,0.42258906,0.20140496,0.07980191,0.06928052,-0.036267415,6.9470825,5282.2173,3.8544114,789.3664632081592,1.266838720175392,UBC_545,1.4665808276429724
5815957503504002048,252.2409210205078,-65.26303100585938,324.61922840410256,-12.971233495392504,0.9055689121111488,1.0,0.9973348,0.88641447,0.71962255,1.0,0.32643887,0.14731842,0.085839115,0.06497118,-0.15280175,5.7748737,5705.0303,3.8989935,1082.6579785739634,0.9236527322480572,UBC_545,1.8430883698356275
2631233962101995648,347.1935729980469,-8.221555709838867,66.03692787371837,-59.22007195563165,0.9048347299490644,1.0,0.98597133,0.8950781,0.8063485,1.0,0.29428446,0.14125142,0.08480465,0.048480015,-0.11402712,7.1680813,5266.063,3.8467317,605.420187969473,1.6517453825811683,UBC_545,2.148426696624785
6003686332118286720,227.2321319580078,-43.28289031982422,327.8630254666388,12.83449514139494,0.9047399952492088,1.0,0.9459996,0.8603767,0.82283485,1.0,0.2958793,0.1645275,0.107287325,0.045351658,-0.10612486,6.9326024,5284.678,3.8481162,702.1286805433356,1.4242403532443078,UBC_545,2.421447763149616
4082051782724545152,286.43524169921875,-21.229665756225582,15.29574578654202,-12.524391756866002,0.9037293316223728,1.0,0.9690179,0.9201834,0.6309675,1.0,0.36807877,0.12236346,0.052601747,0.088981465,-0.18992212,6.5799427,5184.701,3.8026872,378.4568571251474,2.6423091065022555,UBC_545,1.249605163457335
6105754752430647808,220.7867126464844,-37.23236083984375,326.39151677852334,20.49859784245695,0.9032373114883928,1.0,0.9461198,0.7236314,0.95368963,0.9747046232223512,0.3716182,0.24129891,0.03692633,0.08906628,-0.026987866,8.905465,5529.347,3.995728,883.0310091792505,1.132463061438203,UBC_545,1.9590029665950384
6085028958249312512,196.82032775878903,-48.69311141967773,305.6264638820613,14.095728189010307,0.9014232511009664,1.0,0.9844167,0.9391686,0.7242337,1.0,0.44785154,0.1062866,0.031447858,0.054133024,-0.15082368,7.41203,5642.643,3.9366283,890.0805470889925,1.123493826789608,UBC_545,0.3335589142881814
6483153872325186688,315.674072265625,-46.6325569152832,353.3385204486448,-41.50385223448567,0.901058604844265,1.0,0.99933726,0.89215964,0.6314312,1.0,0.36479235,0.14331728,0.06713209,0.06477825,-0.18973064,7.4435477,5258.7817,3.8537347,791.1291568154227,1.2640161108779722,UBC_545,1.2845429235909216
3201341392624227968,68.07533264160156,-4.498888969421387,199.89930210905612,-32.815044400440456,0.9010368921406694,1.0,0.9179011,0.9333363,0.5939738,1.0,0.34921664,0.11143666,0.07613731,0.002210563,-0.20517641,7.126177,5664.375,3.9340665,759.6642624393751,1.3163709936661725,UBC_545,1.7610338667542234
5777271358665349376,254.142578125,-77.68814086914062,314.467672556591,-20.75138194280992,0.9010224620112498,1.0,0.97982377,0.85546464,0.9027098,1.0,0.36388075,0.16763027,0.045391776,0.07261591,-0.06311179,7.517297,5695.8115,3.9928856,837.2490179650297,1.1943877849275282,UBC_545,1.3678293024161257
2701313809599996032,325.5883483886719,7.690833568572998,63.25140525292059,-32.50873039666499,0.9009106292820768,1.0,0.9849639,0.79657996,0.6553012,1.0,0.368384,0.20232898,0.050404303,0.013125971,-0.17985332,7.3390145,5200.5024,3.8446152,935.368959599728,1.0690968411309367,UBC_545,1.7632822532235042
3807572246881898624,159.82020568847656,1.2612777948379517,246.56223353997868,49.10674865049453,0.9004123698748835,1.0,0.8848362,0.91448915,0.745873,0.9671226739883424,0.28758922,0.12684695,0.10683999,0.021238733,-0.14144188,9.034291,5495.0264,3.9545798,1127.9483101122055,0.8865654489969691,UBC_545,2.486350592301408
