status,kappa,r_p_au,v_inf_kms,trial,seed,n_A,n_B,n_ejected,any_exchange,group_exchange,full_exchange,dE_over_E,conservation_ok,outcome_J,e_post_J,i_post_deg_J,outcome_S,e_post_S,i_post_deg_S,outcome_U,e_post_U,i_post_deg_U,outcome_N,e_post_N,i_post_deg_N,proc_s
ok,0.1,100.0,0.5,0,20260705,4,0,0,False,False,False,5.24391379257449e-13,True,A,0.016431548155163993,91.0153972173802,A,0.018912339641840952,82.16116094515992,A,0.02996229144237799,27.511757982912794,A,0.006996328019065752,131.54842293724926,0.48771095275878906
ok,0.1,100.0,0.5,1,20268624,4,0,0,False,False,False,1.5591039480110767e-13,True,A,0.009346987471059288,129.4974749151755,A,0.027421782640246924,56.87915506359807,A,0.02808767055923034,36.7113413327904,A,0.008989558406126981,93.3208529515487,0.49710869789123535
ok,0.1,100.0,0.5,2,20276543,4,0,0,False,False,False,4.449721784643963e-13,True,A,0.01125684412747154,29.28875455785398,A,0.022348882367878506,34.060997717528956,A,0.02504661287239208,45.33535155828383,A,0.014363946931504569,112.686776309981,0.49216604232788086
ok,0.1,100.0,0.5,3,20284462,4,0,0,False,False,False,7.411385028111943e-13,True,A,0.009867896566240077,39.65114725306946,A,0.018205773939460723,35.22249876535788,A,0.029200300572715228,55.324760338489575,A,0.009976076249160493,130.19661832152732,0.5159435272216797
ok,0.1,100.0,0.5,12,20355733,4,0,0,False,False,False,9.127965824897694e-13,True,A,0.015547217890335295,80.01205545782045,A,0.012415367072454499,57.94247347468657,A,0.034927510922244755,36.97287789905708,A,0.013123546040059246,29.21804781030185,0.5151562690734863
ok,0.1,100.0,0.5,13,20363652,4,0,0,False,False,False,3.0749753384720136e-13,True,A,0.00843691968659873,77.94429589032846,A,0.017981516179074373,50.722473829474694,A,0.02883791382919193,19.64226616819227,A,0.01360336165416985,75.00735260268013,0.5024802684783936
ok,0.1,100.0,0.5,14,20371571,4,0,0,False,False,False,9.494315989572258e-14,True,A,0.009576820428153134,42.22090006964845,A,0.023225831071779435,105.8143249996749,A,0.028921199994708036,72.54519792087022,A,0.00708637964841918,85.84447036454439,0.4793813228607178
ok,0.1,100.0,0.5,15,20379490,4,0,0,False,False,False,6.349608516274448e-13,True,A,0.00610462321891875,102.91860569417847,A,0.018870572201239985,75.70933628568743,A,0.02838993729385833,47.549450724926416,A,0.011063203973356089,129.81788650834565,0.5023188591003418
ok,0.1,100.0,0.5,8,20324057,4,0,0,False,False,False,5.669380496654249e-13,True,A,0.018552680474266923,37.782856358342755,A,0.04191161692334873,83.0451643380596,A,0.02800202917305256,23.491707240936766,A,0.012488981241008303,111.72968582490282,0.5442862510681152
ok,0.1,100.0,0.5,9,20331976,4,0,0,False,False,False,1.403224496688285e-13,True,A,0.008589539157728402,46.408966008561606,A,0.016691984711939393,123.49550046493421,A,0.028546970367001833,67.58801448417705,A,0.0063434679184818914,57.75510332634904,0.5052618980407715
ok,0.1,100.0,0.5,10,20339895,4,0,0,False,False,False,1.9985171448544734e-13,True,A,0.007795521261438556,47.472660432046915,A,0.038648287413057834,70.86194437324653,A,0.02821367556450566,37.0894869648215,A,0.010678993196633008,143.6558680496668,0.5020384788513184
ok,0.1,100.0,0.5,11,20347814,4,0,0,False,False,False,2.5369107068337506e-13,True,A,0.019220138639363758,54.37659314400909,A,0.03167411614952074,142.0000998585571,A,0.031575723501902374,3.8178804887207938,A,0.012219449969996719,106.50948871692025,0.48700380325317383
ok,0.1,100.0,0.5,4,20292381,4,0,0,False,False,False,4.2234899459787627e-13,True,A,0.01579179746395096,105.43083456918569,A,0.01644144832666816,96.0190386290627,A,0.024036639806988145,105.5169273416662,A,0.007931066063180227,57.90448071545941,0.6436765193939209
ok,0.1,100.0,0.5,5,20300300,4,0,0,False,False,False,1.5137684228644394e-12,True,A,0.013457391342710087,38.22240806735889,A,0.027592443488471025,146.6616948822747,A,0.0321658449483817,144.26301667760467,A,0.012863687085966266,115.7072670462147,0.5324418544769287
ok,0.1,100.0,0.5,6,20308219,4,0,0,False,False,False,1.488247817514776e-13,True,A,0.00880173722833361,62.70308860986635,A,0.01592014472690452,127.22568528201133,A,0.03339790619646192,62.204502983873766,A,0.008751159055995265,62.88675110909126,0.5255601406097412
ok,0.1,100.0,0.5,7,20316138,4,0,0,False,False,False,1.9201454631420948e-12,True,A,0.009044419576854984,67.44716529825736,A,0.01807325275685627,107.31133123218541,A,0.03439659015428009,102.79832006594071,A,0.00947008339683751,124.46287128355293,0.5253505706787109
ok,0.1,100.0,0.5,16,20387409,4,0,0,False,False,False,6.90223763897822e-13,True,A,0.017144066771691977,24.777271573389214,A,0.019463616437793322,82.20757619317223,A,0.028880424853158136,10.321154023108061,A,0.01098088675394665,89.94002954581367,0.49248337745666504
ok,0.1,100.0,0.5,17,20395328,4,0,0,False,False,False,1.9134566491165076e-13,True,A,0.012556378193806757,143.19921681709238,A,0.024901818911460035,61.81557693315283,A,0.02940761043894429,33.45334554171259,A,0.012242134599116728,131.63783630029698,0.5161564350128174
ok,0.1,100.0,0.5,18,20403247,4,0,0,False,False,False,1.3746813383590165e-13,True,A,0.010436584162061297,65.0353331979149,A,0.01452052035120561,156.23086099499238,A,0.028035488331360266,127.83601186406075,A,0.008707100042252057,87.03433354639002,0.5387940406799316
ok,0.1,100.0,0.5,19,20411166,4,0,0,False,False,False,7.908749743441704e-13,True,A,0.009064719719718266,116.50880587354419,A,0.01712775170671881,39.63452331578759,A,0.03247637854718428,85.44510283254273,A,0.009600766146609043,69.90933494610937,0.5127580165863037
ok,0.1,100.0,0.5,20,20419085,4,0,0,False,False,False,8.405247854994258e-13,True,A,0.014713150288250782,92.33956416985065,A,0.014460969873530221,67.20780534512464,A,0.03261057264381802,158.11892745446013,A,0.00890633615277215,63.18173917692463,0.5314805507659912
ok,0.1,100.0,0.5,21,20427004,4,0,0,False,False,False,9.893406818363787e-13,True,A,0.01158485464029684,112.95792401417465,A,0.021437875825582767,56.32615341653786,A,0.03532450886080581,23.100362667292416,A,0.007797764780859027,94.41375947495442,0.5279355049133301
ok,0.1,100.0,0.5,22,20434923,4,0,0,False,False,False,2.2387044576681955e-13,True,A,0.013379992479776625,29.453970708123997,A,0.017755560500838128,18.82825531238914,A,0.03196391202608112,84.37004077882442,A,0.010517523760078324,141.68672087292444,0.5326504707336426
ok,0.1,100.0,0.5,23,20442842,4,0,0,False,False,False,4.3081427750649014e-13,True,A,0.011509655055713284,118.68520990444152,A,0.016347676055066485,62.08990555314126,A,0.02882177386471002,50.590058716843906,A,0.012571543945407592,118.63147472026752,0.5190682411193848
ok,0.1,100.0,0.5,24,20450761,4,0,0,False,False,False,2.0410551667627854e-13,True,A,0.010904632105584521,66.45709080401511,A,0.025071944190505503,112.21704093634993,A,0.03250444509546349,114.23732392965053,A,0.01413225385730636,87.18704024811257,0.5183143615722656
ok,0.1,100.0,0.5,25,20458680,4,0,0,False,False,False,1.1182501443181972e-12,True,A,0.004846349858390329,48.94586068386138,A,0.015817910355579216,92.52034585176818,A,0.03210712682281529,76.5983339388592,A,0.010804718931464464,107.36030035836674,0.5316824913024902
ok,0.1,100.0,0.5,26,20466599,4,0,0,False,False,False,8.955868801824903e-13,True,A,0.015995406094275043,102.8900965484965,A,0.015868189767056284,62.10915857163085,A,0.025407277697734217,45.14731231229747,A,0.01016916654477431,73.46355339672179,0.5555365085601807
ok,0.1,100.0,0.5,27,20474518,4,0,0,False,False,False,2.3950476779708967e-13,True,A,0.013588380921405982,30.310533327481537,A,0.02138818227185348,130.63603849524935,A,0.0319452667368068,59.807942982632255,A,0.007764508321634836,79.49339996130531,0.5639646053314209
ok,0.1,100.0,0.5,28,20482437,4,0,0,False,False,False,9.211640730089468e-14,True,A,0.006932956583728817,74.64673375975458,A,0.018590338035862252,97.05493026778882,A,0.030172785211192446,73.98578320625037,A,0.012655426476287375,50.847157981574746,0.5203461647033691
ok,0.1,100.0,0.5,29,20490356,4,0,0,False,False,False,1.0630285635620704e-12,True,A,0.015202831582033732,76.65767272455389,A,0.019921955725310986,81.7386821941585,A,0.029516983902561918,114.68393390356657,A,0.01042244499524375,39.275167510407165,0.5206153392791748
ok,0.1,100.0,0.5,30,20498275,4,0,0,False,False,False,2.3102222668481724e-13,True,A,0.010168986048309545,98.69829135396957,A,0.018800876499186235,64.4432014684819,A,0.031636160653044025,63.83669495975648,A,0.012488082841165763,66.60438121193023,0.5087301731109619
ok,0.1,100.0,0.5,31,20506194,4,0,0,False,False,False,6.264547615555254e-13,True,A,0.007933197947282892,124.4402522284401,A,0.019745467054383802,64.28025460162375,A,0.033571442273157684,158.65295085984803,A,0.010678073123936996,75.3443870679905,0.570551872253418
ok,0.1,100.0,0.5,36,20545789,4,0,0,False,False,False,5.102359026153439e-13,True,A,0.005996035655794377,65.3489521328554,A,0.015366075829376878,60.043653159196516,A,0.03116554187667947,70.10567454169701,A,0.010909130222975624,53.78727823170346,0.5171101093292236
ok,0.1,100.0,0.5,37,20553708,4,0,0,False,False,False,1.0018533373277458e-12,True,A,0.008501042276294186,72.00810624730651,A,0.0181925089665811,115.27868351775042,A,0.032874321886893675,76.80651862830085,A,0.009969928953306343,91.25705807954414,0.5575768947601318
ok,0.1,100.0,0.5,38,20561627,4,0,0,False,False,False,3.032631816142617e-13,True,A,0.011700599123986938,99.37225241181,A,0.03585324748570935,51.02199571369901,A,0.03208281052418702,43.688374260781686,A,0.008095747993715926,87.63223424166424,0.49329638481140137
ok,0.1,100.0,0.5,39,20569546,4,0,0,False,False,False,3.683519140964367e-13,True,A,0.014529475468324369,66.2546746353788,A,0.013988632389526126,78.05467317154437,A,0.03211663954302448,113.97806775749018,A,0.01161920117920156,70.17466267631958,0.5122480392456055
ok,0.1,100.0,0.5,32,20514113,4,0,0,False,False,False,1.0372217039151808e-12,True,A,0.015206912938873645,58.25323191415703,A,0.023972645738298305,112.34192393258964,A,0.026673286302291106,74.78994060233381,A,0.0081517623756865,45.99504318334768,0.5622303485870361
ok,0.1,100.0,0.5,33,20522032,4,0,0,False,False,False,5.725883697511399e-13,True,A,0.014465409336125357,52.46779814197521,A,0.021402434344965842,70.49188514278437,A,0.03432975039809958,130.1541695860317,A,0.012335232457662684,97.31211520564095,0.7198729515075684
ok,0.1,100.0,0.5,34,20529951,4,0,0,False,False,False,2.437800870883768e-13,True,A,0.020685496403449005,101.45815000473897,A,0.012969026856340823,65.1389077218294,A,0.030592090617130537,44.54061308781209,A,0.015284951814929221,76.77476571238208,0.5027909278869629
ok,0.1,100.0,0.5,35,20537870,4,0,0,False,False,False,1.072951817554711e-12,True,A,0.0085735096493592,70.17297833195725,A,0.015254547541878348,57.38170364566748,A,0.030152162150037926,59.589865047234284,A,0.004469312048498109,110.04407520262707,0.5065946578979492
ok,0.1,100.0,0.5,44,20609141,4,0,0,False,False,False,1.4768441532374387e-12,True,A,0.011750784574877023,107.72794461402816,A,0.027376918248129344,62.13173681344658,A,0.0301849756385507,31.28491966368292,A,0.005070164822991923,36.47735813305413,0.5301997661590576
ok,0.1,100.0,0.5,45,20617060,4,0,0,False,False,False,1.828282915836763e-12,True,A,0.006583755552872713,85.83174742114022,A,0.039327462130951854,61.45090326451185,A,0.03339467259894706,72.92943001803582,A,0.007218634625768204,70.39948761107992,0.5821287631988525
ok,0.1,100.0,0.5,46,20624979,4,0,0,False,False,False,1.3689528466885474e-12,True,A,0.017264678544834103,87.42038809276441,A,0.019031210832245658,93.98122301257717,A,0.03142829274417863,98.5571780359466,A,0.012530122174698162,20.282996473147325,0.5548141002655029
ok,0.1,100.0,0.5,47,20632898,4,0,0,False,False,False,1.37485452269841e-13,True,A,0.012340216359150261,63.28613588856421,A,0.015753561534142133,39.505377759339055,A,0.029368602462933074,79.09446987160862,A,0.01056673287761294,41.38738543288508,0.5010852813720703
ok,0.1,100.0,0.5,40,20577465,4,0,0,False,False,False,1.1083909406745641e-12,True,A,0.006255548082333677,119.33293933486551,A,0.029841657815744545,117.0791084022574,A,0.03021955174134426,107.59193544042235,A,0.008292658009840097,101.00343306112454,0.5639398097991943
ok,0.1,100.0,0.5,41,20585384,4,0,0,False,False,False,1.4428716387327304e-12,True,A,0.012411332940348059,93.41429788312814,A,0.01945548339013412,84.86603018548547,A,0.03330871011846881,146.43327303917755,A,0.015712471478035252,142.32433484071186,0.6951425075531006
ok,0.1,100.0,0.5,42,20593303,4,0,0,False,False,False,7.893595459672541e-13,True,A,0.01491954210893494,44.26283575166094,A,0.039842267737744075,37.429096784076506,A,0.03067425920131139,69.80160114778124,A,0.009566504805102091,70.88331979241642,0.5127925872802734
ok,0.1,100.0,0.5,43,20601222,4,0,0,False,False,False,1.24415684221131e-12,True,A,0.009915897737844539,72.89835179109582,A,0.017255144455969585,62.711103918536445,A,0.0332925454921852,58.67202361760802,A,0.008211059981078206,120.33357045913968,0.5531325340270996
ok,0.1,100.0,0.5,48,20640817,4,0,0,False,False,False,8.901152242801846e-13,True,A,0.009285580567697259,97.54724740690554,A,0.024875763340598323,147.17404886855715,A,0.031013247494082966,63.699448954990665,A,0.011777882244677493,83.55754387354693,0.48755645751953125
ok,0.1,100.0,0.5,49,20648736,4,0,0,False,False,False,4.2520819374143757e-13,True,A,0.011745969097696356,56.130213884731404,A,0.025845846618426194,89.08276811316578,A,0.02833033045567142,35.31144345605941,A,0.009508507440056472,139.51668671072974,0.500098466873169
ok,0.1,100.0,0.5,50,20656655,4,0,0,False,False,False,2.119012432896815e-12,True,A,0.010936407894410024,37.66077005205228,A,0.02182548806137515,148.22188196929784,A,0.0329420683867167,79.78741009566389,A,0.011190287769571238,67.09235654688692,0.5299324989318848
ok,0.1,100.0,0.5,51,20664574,4,0,0,False,False,False,2.353891940078078e-12,True,A,0.01646202562634183,44.25176340092309,A,0.017755965117463354,30.919938638889413,A,0.030033770948730627,44.45611487912079,A,0.007594645563484781,37.20077981254739,0.5248184204101562
ok,0.1,100.0,0.5,52,20672493,4,0,0,False,False,False,2.0126895959392166e-13,True,A,0.02082074420825958,13.581044602787571,A,0.029342728438797386,51.078627405452686,A,0.027269419445097417,53.74385380594709,A,0.010392175385936992,74.43640371581495,0.4898562431335449
ok,0.1,100.0,0.5,53,20680412,4,0,0,False,False,False,1.3973757970958265e-12,True,A,0.016646514568685416,33.86891948618702,A,0.02154748602286556,97.61296143905913,A,0.030984289644288353,38.36842266201003,A,0.011428877214761117,61.24866483314107,0.5100903511047363
ok,0.1,100.0,0.5,54,20688331,4,0,0,False,False,False,9.042434093391458e-13,True,A,0.007007477012294477,78.45440939249339,A,0.01725210010228036,76.08056405193425,A,0.030246310482046422,87.8945178244772,A,0.012701485306935413,72.944021250226,0.4911768436431885
ok,0.1,100.0,0.5,55,20696250,4,0,0,False,False,False,7.497999121103843e-13,True,A,0.010334856182424511,50.36010313463863,A,0.021783843618808675,101.18869097089929,A,0.028970105663918066,91.71621750039634,A,0.011194077108004826,125.86783608082199,0.5252711772918701
ok,0.1,100.0,0.5,60,20735845,4,0,0,False,False,False,3.628089403002469e-13,True,A,0.00942207429503209,107.24571680424118,A,0.03222435373766119,52.545068554476224,A,0.03050687230139158,122.7576278618759,A,0.007959275823518993,99.02769937492349,0.5303082466125488
ok,0.1,100.0,0.5,61,20743764,4,0,0,False,False,False,1.0474554252343353e-12,True,A,0.019729533557734314,36.74927277970575,A,0.014649660830704046,63.40107283083248,A,0.028592584348826562,60.08923902061449,A,0.01232732340407381,30.4875705959891,0.5236871242523193
ok,0.1,100.0,0.5,62,20751683,4,0,0,False,False,False,2.834547172294785e-13,True,A,0.011479671097206611,18.46196148756599,A,0.022170068661051208,90.59710174671149,A,0.029194289876742507,98.62034625482391,A,0.012775787158554005,60.557802035083014,0.4910149574279785
ok,0.1,100.0,0.5,63,20759602,4,0,0,False,False,False,1.0729295431913571e-12,True,A,0.004380133397468035,126.76088177563963,A,0.020865954382510557,97.2370600346971,A,0.02618577673507475,103.6711991092487,A,0.009582202056128116,92.28222434623765,0.48829078674316406
ok,0.1,100.0,0.5,56,20704169,4,0,0,False,False,False,2.5502648222798422e-14,True,A,0.003936221890647911,82.15084330602059,A,0.01782154271610094,54.37966160121078,A,0.03272248081093914,72.58301835845893,A,0.012443602244351747,46.23917093473915,0.49452924728393555
ok,0.1,100.0,0.5,57,20712088,4,0,0,False,False,False,1.5761492705210142e-12,True,A,0.013297712934091009,65.4015622894536,A,0.01717269743611566,15.129487958296515,A,0.029483797272629248,109.21510478966822,A,0.007389559961120444,61.078798630503144,0.5569014549255371
ok,0.1,100.0,0.5,58,20720007,4,0,0,False,False,False,1.0630370301921594e-13,True,A,0.01163603908040279,112.85235626744769,A,0.022648646408609464,62.16207505125787,A,0.029388898712516053,113.98720513821621,A,0.01197707694228916,87.2494326863836,0.5705487728118896
ok,0.1,100.0,0.5,59,20727926,4,0,0,False,False,False,2.0832949681061687e-12,True,A,0.01738153726354002,115.0849309449361,A,0.009179339748537324,67.4187416293512,A,0.03074939011982859,53.87060365242521,A,0.010346553760421678,94.72048993927406,0.4921741485595703
ok,0.1,100.0,0.5,64,20767521,4,0,0,False,False,False,8.617583581101159e-13,True,A,0.0069777236202262045,74.35100916026684,A,0.017699680507065628,91.67562194814587,A,0.029917133144443737,109.35318628195922,A,0.0076281000871011514,61.22522903248425,0.5233783721923828
ok,0.1,100.0,0.5,65,20775440,4,0,0,False,False,False,6.023851273567417e-13,True,A,0.014526989210804137,31.928903042737048,A,0.017956091857532,91.21734697996555,A,0.029932968694123326,30.596454595143623,A,0.01119954483821859,66.37073849921046,0.566434383392334
ok,0.1,100.0,0.5,66,20783359,4,0,0,False,False,False,2.451745802427492e-13,True,A,0.011993230906513037,53.46833515003282,A,0.017919620625180772,121.7557429146533,A,0.031939040268740296,54.29976167608235,A,0.012737616979242028,115.22636758788293,0.5634217262268066
ok,0.1,100.0,0.5,67,20791278,4,0,0,False,False,False,7.83770504554615e-13,True,A,0.010209517416073588,47.89336322600029,A,0.018064147631014604,126.08687898571816,A,0.03275459989328691,67.93545912509087,A,0.010484262507565562,152.4490646154916,0.5231475830078125
ok,0.1,100.0,0.5,68,20799197,4,0,0,False,False,False,5.697751356775164e-13,True,A,0.013450380554215201,118.6915459414966,A,0.01901134897002854,89.45238846041802,A,0.03445898680775189,105.2645464384558,A,0.009282439127638813,100.79766919008249,0.5363008975982666
ok,0.1,100.0,0.5,69,20807116,4,0,0,False,False,False,1.67251912138985e-13,True,A,0.01610991517741874,87.50111401022382,A,0.03127738122532102,176.5044887175371,A,0.029584062722838544,54.59234582408209,A,0.01074320430034125,88.51069197987326,0.5307309627532959
ok,0.1,100.0,0.5,70,20815035,4,0,0,False,False,False,7.767257699386578e-13,True,A,0.007994061012034433,34.36578483495296,A,0.017428628100692605,74.13580816126353,A,0.030305175004364224,37.55804212326314,A,0.007129932209265476,100.12780894253761,0.5163218975067139
ok,0.1,100.0,0.5,71,20822954,4,0,0,False,False,False,5.541691454603035e-13,True,A,0.012523734375520445,102.01897090817619,A,0.013348458699674668,28.3628712093687,A,0.032884613196726045,59.77857060414232,A,0.008013980449881837,43.389397918479524,0.5115640163421631
ok,0.1,100.0,0.5,72,20830873,4,0,0,False,False,False,5.229985309085911e-13,True,A,0.0053740371052467895,105.63707547493173,A,0.020521923790699864,24.218432482078658,A,0.028684580565693816,17.23837468932307,A,0.01153663565200358,168.38071568506274,0.5207972526550293
ok,0.1,100.0,0.5,73,20838792,4,0,0,False,False,False,8.986331705283711e-13,True,A,0.015958173424764237,3.936472215000904,A,0.01474408874008334,84.1901287172975,A,0.031079142194706776,151.41300410012548,A,0.010972981343128645,130.34125899535627,0.5376870632171631
ok,0.1,100.0,0.5,74,20846711,4,0,0,False,False,False,6.15146112497707e-13,True,A,0.013515375262735437,114.27196097798043,A,0.025958551831767516,99.69057256199028,A,0.030402814992998677,106.5738106108128,A,0.009108072384808449,128.0065250861207,0.4857916831970215
ok,0.1,100.0,0.5,75,20854630,4,0,0,False,False,False,5.809843267507487e-14,True,A,0.014140970354752641,91.28892336925746,A,0.01200893834569255,118.2124673890255,A,0.03161148820948947,54.57981502550832,A,0.011096894129007424,74.5239068667462,0.5279507637023926
ok,0.1,100.0,0.5,76,20862549,4,0,0,False,False,False,1.5066644011675508e-12,True,A,0.011123446986678784,51.88081402443715,A,0.015373291693855812,42.298756110865966,A,0.03500223092721303,72.20356212546726,A,0.010245324866398453,77.78072707852257,0.47008323669433594
ok,0.1,100.0,0.5,77,20870468,4,0,0,False,False,False,9.013795163901507e-13,True,A,0.005691438006700591,77.76379404964956,A,0.020548778121430022,56.84960240591753,A,0.027312544188947564,50.62913999413524,A,0.009792817526402996,40.7972704715718,0.5336034297943115
ok,0.1,100.0,0.5,78,20878387,4,0,0,False,False,False,2.080691436219026e-12,True,A,0.014666769334144,49.50211978504284,A,0.02299247882108947,143.65938245516475,A,0.029752001748066106,97.38471218031233,A,0.012002104771100352,45.46389419706457,0.49745965003967285
ok,0.1,100.0,0.5,79,20886306,4,0,0,False,False,False,7.285145957094869e-13,True,A,0.013417376973660793,17.951801840534007,A,0.014004377381662832,20.29075377392365,A,0.030346255067653507,148.32529531666904,A,0.0121073859631065,101.53222468134152,0.5100018978118896
ok,0.1,100.0,0.5,84,20925901,4,0,0,False,False,False,1.5860307334308826e-12,True,A,0.017490267428452264,68.64697672710425,A,0.01811580935990484,44.01435942283736,A,0.026396489007852394,51.44451704335907,A,0.011787923312582521,30.209422226934162,0.5161018371582031
ok,0.1,100.0,0.5,85,20933820,4,0,0,False,False,False,3.69911380068999e-13,True,A,0.01997637085449759,84.36482036065317,A,0.015313756996490915,42.28985626694482,A,0.030762307041513774,20.57926951442788,A,0.008193867607072629,52.85957601547131,0.4997670650482178
ok,0.1,100.0,0.5,86,20941739,4,0,0,False,False,False,6.774725239156507e-13,True,A,0.0077436219143338075,127.06124704650725,A,0.01170651747903934,79.5919171584109,A,0.02924872291529223,73.86198020121304,A,0.009808814187698434,88.45334414308346,0.49939680099487305
ok,0.1,100.0,0.5,87,20949658,4,0,0,False,False,False,6.702719442515364e-13,True,A,0.010494937678791389,33.392137429170766,A,0.018823400619699972,15.162015328759983,A,0.026515925448684995,48.09993600349334,A,0.010749748630699945,139.2098687364787,0.5059363842010498
ok,0.1,100.0,0.5,80,20894225,4,0,0,False,False,False,8.617773000956286e-13,True,A,0.011576656733739145,99.8840437859173,A,0.019760008262384002,133.67155055678467,A,0.02814680994361451,77.7883513903574,A,0.008864992197210278,64.16525350695372,0.5130486488342285
ok,0.1,100.0,0.5,81,20902144,4,0,0,False,False,False,8.857680344404924e-13,True,A,0.007857059603753828,123.75693233686407,A,0.02853991607877799,94.92840151425924,A,0.032199536747364456,106.14899012250757,A,0.009730265604103857,94.59808696525987,0.5183296203613281
ok,0.1,100.0,0.5,82,20910063,4,0,0,False,False,False,1.2045433294933888e-13,True,A,0.015529107454821077,92.05120756203358,A,0.02087604562904792,175.69212697503596,A,0.029299976952998418,98.22361273754713,A,0.00852426332030495,54.458106369094864,0.570258378982544
ok,0.1,100.0,0.5,83,20917982,4,0,0,False,False,False,7.225654036286098e-13,True,A,0.004847467928680448,118.37259533924572,A,0.0375110079661352,101.66723107183991,A,0.02953615475897777,154.56244079832896,A,0.008495716106255161,175.033671048144,0.49288010597229004
ok,0.1,100.0,0.5,92,20989253,4,0,0,False,False,False,1.5009221442209496e-12,True,A,0.010749162705662828,94.10163098169633,A,0.010727703844434066,123.39548791073975,A,0.03237348105385584,68.4386284459897,A,0.01373893481586041,22.596169441797148,0.48443150520324707
ok,0.1,100.0,0.5,93,20997172,4,0,0,False,False,False,6.745628388090802e-13,True,A,0.014554806069455774,45.80997231178878,A,0.024746128563635568,115.14569466125249,A,0.03095664491832294,81.32655753334417,A,0.00864777673435343,21.381911965583804,0.5570816993713379
ok,0.1,100.0,0.5,94,21005091,4,0,0,False,False,False,2.1044956743270442e-12,True,A,0.006768593714957131,63.71072654782752,A,0.024697495828159215,99.6356181351442,A,0.03153693895075318,125.90428322492856,A,0.005381496665508076,161.8309511385404,0.5522444248199463
ok,0.1,100.0,0.5,95,21013010,4,0,0,False,False,False,4.47837818802716e-13,True,A,0.010528942414388943,149.0194531055137,A,0.019540918006334115,67.62946562877568,A,0.031509272928291795,143.113124960239,A,0.014447153107987415,107.14965136395962,0.5252163410186768
ok,0.1,100.0,0.5,88,20957577,4,0,0,False,False,False,1.162249272440896e-13,True,A,0.020378857270262035,85.11223777600479,A,0.017674075608352685,22.702395843020906,A,0.031212309124279088,133.23197113140054,A,0.0073486851970464544,103.60037853365604,0.5674364566802979
ok,0.1,100.0,0.5,89,20965496,4,0,0,False,False,False,1.7292315691273493e-13,True,A,0.015888448237170553,97.64300573212894,A,0.019018105011806532,17.343169979325573,A,0.026416178977027308,80.63044888014632,A,0.009668978766191848,38.909594750116995,0.5295288562774658
ok,0.1,100.0,0.5,90,20973415,4,0,0,False,False,False,2.9765416914255736e-14,True,A,0.010377979650350791,140.4163926005375,A,0.025565845408920505,96.54799565495652,A,0.031238604011205175,23.40251948136496,A,0.0105734320078194,116.50107614605841,0.5261707305908203
ok,0.1,100.0,0.5,91,20981334,4,0,0,False,False,False,1.9316979241838776e-12,True,A,0.011830068540511298,127.83007205742103,A,0.028228783836519854,56.91503029405581,A,0.03211159151411477,122.63509710650304,A,0.014533163136127226,11.505770398001632,0.5347833633422852
ok,0.1,100.0,2.0,0,20260705,4,0,0,False,False,False,3.4016076883158045e-15,True,A,0.016976463705731557,90.89731634994374,A,0.018196385396409383,82.04233004265546,A,0.028513397363925462,29.33688161002481,A,0.017076240163668672,128.4019823835439,0.5259695053100586
ok,0.1,100.0,2.0,1,20268624,4,0,0,False,False,False,8.078798333994709e-15,True,A,0.01015934471095446,129.71848876462462,A,0.026219658623226665,56.66532006390883,A,0.023515459354319444,37.382304905188285,A,0.02214421176492286,92.44587008549375,0.5407195091247559
ok,0.1,100.0,2.0,2,20276543,4,0,0,False,False,False,2.104753955793304e-14,True,A,0.01107755947229365,29.146743939378055,A,0.021426304345489706,33.18038174113426,A,0.020580826738803747,43.02237328914298,A,0.04770824612409418,111.45421802642522,0.5630283355712891
ok,0.1,100.0,2.0,3,20284462,4,0,0,False,False,False,6.378045333918466e-15,True,A,0.00962425026468387,39.507737732181,A,0.01711965953379026,34.79243371473318,A,0.03893678639830707,57.603409567390315,A,0.19806234027910657,133.00106681570162,0.5147390365600586
ok,0.1,100.0,0.5,96,21020929,4,0,0,False,False,False,6.037390930451994e-13,True,A,0.007227470037408347,35.38089437321029,A,0.018031368002529635,88.19630213623185,A,0.029276063649901984,126.62167208606559,A,0.007843498109833865,42.09168229548378,0.5982587337493896
ok,0.1,100.0,0.5,97,21028848,4,0,0,False,False,False,1.3322819779504209e-13,True,A,0.017018497742536425,63.9369224767052,A,0.017720198645093804,60.9529476977289,A,0.03302784929314663,134.68518692334126,A,0.007512096613030772,29.568730946402532,0.5674052238464355
ok,0.1,100.0,0.5,98,21036767,4,0,0,False,False,False,1.3590859503628929e-12,True,A,0.005886228776512017,130.552927522737,A,0.019924674006509612,41.44929260059654,A,0.0344422175397632,111.7157580310951,A,0.01174634674446585,64.41867027511827,0.5460608005523682
ok,0.1,100.0,0.5,99,21044686,4,0,0,False,False,False,1.2754957497026392e-14,True,A,0.0073920977064794655,66.92794615884388,A,0.0251268422971937,74.01118193871686,A,0.03290926028141462,106.60253850398664,A,0.01344733405984878,4.943435539594543,0.5309951305389404
ok,0.1,100.0,2.0,8,20324057,4,0,0,False,False,False,4.677201770737054e-15,True,A,0.018928392453339868,37.97453541683322,A,0.034736477382100325,82.86111902526585,A,0.023551165295357536,23.547226023855803,A,0.1210694289559826,113.66980565129109,0.5437891483306885
ok,0.1,100.0,2.0,9,20331976,4,0,0,False,False,False,1.5094584404609194e-14,True,A,0.008553530280925557,46.541790404818784,A,0.017257929344651732,123.36822936733634,A,0.019550388573367217,68.19922809146401,A,0.036651912506437276,59.13259383304622,0.5199782848358154
ok,0.1,100.0,2.0,10,20339895,4,0,0,False,False,False,4.251996780283556e-15,True,A,0.00785523027077765,47.2112307064831,A,0.037260963911977515,70.49337587329559,A,0.03278703007235416,37.33553341952815,A,0.022257113458927835,144.82695986579128,0.5360043048858643
ok,0.1,100.0,2.0,11,20347814,4,0,0,False,False,False,1.1693028114481152e-14,True,A,0.019148388928387983,54.32159616460789,A,0.030383430444096395,141.44414092427857,A,0.03431045949699046,2.010245298922094,A,0.09798899291499456,102.8502322550912,0.5300073623657227
ok,0.1,100.0,2.0,4,20292381,4,0,0,False,False,False,2.2960849160142468e-14,True,A,0.02008260173055481,105.16280857273253,A,0.03535895454318316,96.71561653120153,A,0.02483763959565291,104.01105273287561,A,0.11149661856816528,56.73596629424187,0.5440139770507812
ok,0.1,100.0,2.0,5,20300300,4,0,0,False,False,False,4.5496367825174337e-14,True,A,0.013329958217786913,38.52128767248588,A,0.02728946418462428,147.44206159886863,A,0.03990239506580306,143.09460727699977,A,0.012166610677280325,112.06987610085655,0.586784839630127
ok,0.1,100.0,2.0,6,20308219,4,0,0,False,False,False,2.0834789280669273e-14,True,A,0.008940804164855405,62.998761269794876,A,0.01712244353584344,127.21491227025835,A,0.031089831047190018,64.25278000552609,A,0.007627967497897365,59.046413654148566,0.5488512516021729
ok,0.1,100.0,2.0,7,20316138,4,0,0,False,False,False,3.103982827312912e-14,True,A,0.008942612820594654,67.50554050092154,A,0.019150771059445352,107.27360385540703,A,0.035412822333781326,103.85603142451168,A,0.1185744994833537,127.22656538245619,0.5592989921569824
ok,0.1,100.0,2.0,12,20355733,4,0,0,False,False,False,3.01891787810437e-14,True,A,0.015600200758280563,80.2752963811742,A,0.011055037558214863,58.15021998954104,A,0.02880259864685296,36.56041900901162,A,0.11797478040847861,27.4409593385274,0.5212724208831787
ok,0.1,100.0,2.0,13,20363652,4,0,0,False,False,False,8.078868434181173e-15,True,A,0.008324741262058625,78.01002925999305,A,0.017173728435470638,50.51956535147449,A,0.03165100318656479,22.040533558383885,A,0.031229538684225337,74.69419520603218,0.5378565788269043
ok,0.1,100.0,2.0,14,20371571,4,0,0,False,False,False,1.2756100367925446e-15,True,A,0.00983241175007037,42.343245567506564,A,0.02327236839569771,106.66671441490578,A,0.0363889559956061,72.4663534357424,A,0.09502768798170061,90.92759175622855,0.515937089920044
ok,0.1,100.0,2.0,15,20379490,4,0,0,False,False,False,5.740205482210099e-15,True,A,0.0060733919454697555,102.93415883612916,A,0.02137767530610264,75.80016632372478,A,0.027369253091932638,47.111100726715755,A,0.13202413040412056,130.10959012635317,0.5174100399017334
ok,0.1,100.0,2.0,16,20387409,4,0,0,False,False,False,3.4866457349943766e-14,True,A,0.016791432793590876,24.621647687795342,A,0.020817676344263045,82.75019305929203,A,0.021584754711290136,10.180255833705758,A,0.1762400355070974,85.30124063398917,0.5346183776855469
ok,0.1,100.0,2.0,17,20395328,4,0,0,False,False,False,1.0842595447815866e-14,True,A,0.012538771724076274,143.48649783633553,A,0.023689339479371765,61.67213143973303,A,0.030691584028571427,33.544791270947016,A,0.3027062556309994,132.55256184734182,0.5624239444732666
ok,0.1,100.0,2.0,18,20403247,4,0,0,False,False,False,3.1890136845963602e-15,True,A,0.010714402090622483,64.95682695586854,A,0.016140626852098054,156.4035273398373,A,0.030853939248214852,128.03631018882442,A,0.0343925807264624,89.85733871997253,0.5625917911529541
ok,0.1,100.0,2.0,19,20411166,4,0,0,False,False,False,7.015803853083729e-15,True,A,0.008910181091771203,116.21003523753585,A,0.0175745598634177,39.74981712230164,A,0.030811458223885597,84.87509911169826,A,0.024112432044841144,72.26828700987065,0.5812721252441406
ok,0.1,100.0,2.0,20,20419085,4,0,0,False,False,False,1.1692984013482915e-14,True,A,0.01466508210184806,92.47376244941074,A,0.014079733190091625,67.10541206143007,A,0.028228578431215703,157.90692477414436,A,0.028581026616963684,61.415957059228695,0.521881103515625
ok,0.1,100.0,2.0,21,20427004,4,0,0,False,False,False,2.9551373337764286e-14,True,A,0.011234443512932056,112.9851067011825,A,0.019789333720604176,57.034884288605575,A,0.03448488878920518,21.24438923867867,A,0.02227973015264781,92.87163943606281,0.5341517925262451
ok,0.1,100.0,2.0,22,20434923,4,0,0,False,False,False,4.039448948675516e-15,True,A,0.013287483480107658,29.174031557577052,A,0.016930990845669052,18.983430144229327,A,0.03059187329670466,85.99526309431292,A,0.06846153984318315,140.74561540589514,0.5252609252929688
ok,0.1,100.0,2.0,23,20442842,4,0,0,False,False,False,3.614219815213713e-15,True,A,0.011447854664435984,118.43139167496794,A,0.016798196675943677,62.29666730142888,A,0.03784080285096024,52.34495478855651,A,0.07889226605356528,117.45243973730614,0.5656051635742188
ok,0.1,100.0,2.0,24,20450761,4,0,0,False,False,False,1.2755986502047743e-14,True,A,0.01123275808753863,66.3855861214585,A,0.025035199776392035,111.95878919299132,A,0.03672743630518483,112.93161657191625,A,0.125854073521541,85.00588552336798,0.5750553607940674
ok,0.1,100.0,2.0,25,20458680,4,0,0,False,False,False,3.210264999381595e-14,True,A,0.005284250754350327,49.27614035677306,A,0.01728980697010831,92.64085608902379,A,0.029782966282761326,74.75165140983653,A,0.06300964226207512,105.60350207901796,0.5451347827911377
ok,0.1,100.0,2.0,26,20466599,4,0,0,False,False,False,1.679552959489373e-14,True,A,0.015957024594589617,102.91329922067092,A,0.015808681452530626,62.2386816386727,A,0.020503883677310118,45.30633821220563,A,0.06656960545545482,74.6859044701144,0.6025125980377197
ok,0.1,100.0,2.0,27,20474518,4,0,0,False,False,False,1.3606461727564969e-14,True,A,0.013793811697368376,30.391643304616252,A,0.019389388569727894,130.173988697338,A,0.028174862035664675,58.84400845760598,A,0.035096300823691,75.50129864567555,0.5571963787078857
ok,0.1,100.0,2.0,28,20482437,4,0,0,False,False,False,1.4669471394325786e-14,True,A,0.006954734541671797,74.65001275477148,A,0.01786790851613537,97.9251479912419,A,0.0299174079364788,75.55475915227586,A,0.0829042352348656,49.98866143721344,0.5532076358795166
ok,0.1,100.0,2.0,29,20490356,4,0,0,False,False,False,1.2968595885838572e-14,True,A,0.015332561413222203,76.55487726445588,A,0.018405932168947477,81.39354937710985,A,0.03216302346561771,115.59754179105009,A,0.013688919301277445,35.70315250909306,0.5457277297973633
ok,0.1,100.0,2.0,30,20498275,4,0,0,False,False,False,1.0630012699763495e-14,True,A,0.010166059819360695,98.85789798110292,A,0.017895848208977348,64.46177017080223,A,0.04382634008664909,65.46436508216433,A,0.022207487814246363,70.93908279290754,0.516993522644043
ok,0.1,100.0,2.0,31,20506194,4,0,0,False,False,False,6.590607144080412e-15,True,A,0.008212500277346997,124.1477340966156,A,0.019829147721184756,64.61261760312249,A,0.0386328958764558,158.43296695257055,A,0.09804725282340535,72.7903458454365,0.5339376926422119
ok,0.1,100.0,2.0,36,20545789,4,0,0,False,False,False,2.2960822769555315e-14,True,A,0.005745311670942538,65.57638970204243,A,0.015576955729594182,60.2720275841284,A,0.036694788921128006,68.97949760095264,A,0.027263428100983547,54.19549927360456,0.555199384689331
ok,0.1,100.0,2.0,37,20553708,4,0,0,False,False,False,2.763822736503775e-15,True,A,0.00845811757829585,72.02798115143817,A,0.017412991519038835,115.85788402614291,A,0.026329339159544524,75.94889295278924,A,0.038059014159044245,93.8647764549069,0.5341341495513916
ok,0.1,100.0,2.0,38,20561627,4,0,0,False,False,False,2.5512163205354086e-14,True,A,0.01142628589192128,99.420174246582,A,0.0336591458127999,51.05363168561203,A,0.03375052468373876,44.43198187255905,A,0.15312841009479708,88.00176057939187,0.5207405090332031
ok,0.1,100.0,2.0,39,20569546,4,0,0,False,False,False,2.4874609062199028e-14,True,A,0.01427619197429624,66.24881791764948,A,0.013983362816900468,78.37959309844837,A,0.039452396953868665,115.69573852730448,A,0.028884634938050484,70.5371807084392,0.5975215435028076
ok,0.1,100.0,2.0,32,20514113,4,0,0,False,False,False,5.293794621307658e-14,True,A,0.014643168932331328,58.439267288414904,A,0.023069871262654612,112.79935106737692,A,0.032201851459901884,75.13570593102409,A,0.048628329148603135,46.630019392537854,0.5813090801239014
ok,0.1,100.0,2.0,33,20522032,4,0,0,False,False,False,3.933106398090402e-14,True,A,0.014020728096044913,52.244202160677744,A,0.02082614863822472,69.93708123154114,A,0.02806582447766539,130.3993189937301,A,0.0683953503058473,99.41225554622054,0.5336019992828369
ok,0.1,100.0,2.0,34,20529951,4,0,0,False,False,False,1.9134016876750608e-14,True,A,0.020355474496655673,101.71390405351008,A,0.013708330355404943,64.67209002359607,A,0.04009985780833159,44.71729788517421,A,0.020624196066115295,79.64919043320367,0.543654203414917
ok,0.1,100.0,2.0,35,20537870,4,0,0,False,False,False,3.699238612153702e-14,True,A,0.008667279073625547,70.28283059278924,A,0.013587794663220352,57.0008850232454,A,0.02685153260446052,60.420226776292154,A,0.0662655001516993,109.2330050296982,0.701026439666748
ok,0.1,100.0,2.0,40,20577465,4,0,0,False,False,False,2.870098459114654e-14,True,A,0.006278841138366807,119.449239534971,A,0.03175525095147805,117.09916656920088,A,0.03412144026293283,108.4240032188584,A,0.13344753638974355,99.25692277039101,0.5352916717529297
ok,0.1,100.0,2.0,41,20585384,4,0,0,False,False,False,2.700020017767014e-14,True,A,0.012120324627097669,93.09924389656113,A,0.020812731596604194,84.12178059360704,A,0.0379985221178001,148.0665987467331,A,0.11447024425690244,141.65922467068623,0.5102336406707764
ok,0.1,100.0,2.0,42,20593303,4,0,0,False,False,False,4.889825472682295e-15,True,A,0.016814102621195155,44.295481588486034,A,0.04360761181799212,37.36743505638576,A,0.027674290663788136,68.64063835918914,A,0.046646152549627826,69.91251343403805,0.5205636024475098
ok,0.1,100.0,2.0,43,20601222,4,0,0,False,False,False,1.0842693052978884e-14,True,A,0.01002139479261903,72.79843026887612,A,0.016218310511777224,63.24943450871411,A,0.039401701526817816,58.05876839104999,A,0.08324783386931606,116.70646937405824,0.680279016494751
ok,0.1,100.0,2.0,44,20609141,4,0,0,False,False,False,1.977182227355313e-14,True,A,0.01090242832147596,107.93005260968793,A,0.03175634613423228,61.272080030311855,A,0.03013428996810666,29.258865860815003,A,0.0550983760338742,39.39450462027547,0.6519191265106201
ok,0.1,100.0,2.0,45,20617060,4,0,0,False,False,False,1.1055225111133548e-14,True,A,0.00693222733868203,85.88588342260316,A,0.041416634187991505,62.13349288833558,A,0.03358791624592412,71.30744864853615,A,0.004325346096626434,70.90945314822483,0.523949146270752
ok,0.1,100.0,2.0,46,20624979,4,0,0,False,False,False,8.716651658766718e-15,True,A,0.017183615175924784,87.18857493747794,A,0.01895389565471795,94.66897870843258,A,0.03571345892442351,96.66592366662236,A,0.04803544767575353,16.90150831534403,0.5482661724090576
ok,0.1,100.0,2.0,47,20632898,4,0,0,False,False,False,5.697677533540683e-14,True,A,0.01215835417416023,63.46537749309813,A,0.015086448229346183,38.73834658518772,A,0.032301085638796884,79.66561654291549,A,0.042287418173387895,41.89654266330104,0.5468010902404785
ok,0.1,100.0,2.0,52,20672493,4,0,0,False,False,False,3.1889976699638417e-15,True,A,0.021007848246578933,13.368410249812426,A,0.03647207400147402,51.78695362262553,A,0.034623349857657075,56.17775780143628,A,0.12131741256209518,70.0451279641194,0.5671710968017578
ok,0.1,100.0,2.0,53,20680412,4,0,0,False,False,False,4.2520160425786766e-16,True,A,0.0165860110112665,34.13185272619373,A,0.022770944137986717,97.51785944694377,A,0.03439882762272063,38.12297087277613,A,0.06448412291777478,61.125321516021934,0.5319573879241943
ok,0.1,100.0,2.0,54,20688331,4,0,0,False,False,False,1.7008022502814438e-15,True,A,0.007272801593093427,78.40875581222446,A,0.018682763561982778,76.18995066223263,A,0.02214569746327476,87.5898838021883,A,0.09837104938665078,74.25375399320338,0.5249855518341064
ok,0.1,100.0,2.0,55,20696250,4,0,0,False,False,False,1.658278608819915e-14,True,A,0.010964407368969404,50.30604645866599,A,0.02476070605022672,101.2323873765104,A,0.021479904786342464,91.76330408902471,A,0.12748807945920682,128.4038192675693,0.5709846019744873
ok,0.1,100.0,2.0,48,20640817,4,0,0,False,False,False,7.440995766273795e-15,True,A,0.009678156059991939,97.27887361740112,A,0.022574659965046498,147.7274847088918,A,0.03188778555242045,64.29361403751237,A,0.19539691842808887,85.66582988257301,0.5635910034179688
ok,0.1,100.0,2.0,49,20648736,4,0,0,False,False,False,2.8700999072834944e-14,True,A,0.011792253798557114,56.01704564936037,A,0.030183354638435054,88.34771599530924,A,0.028768683195406253,35.00015341753232,A,0.10444268511824002,142.84596814620969,0.5121023654937744
ok,0.1,100.0,2.0,50,20656655,4,0,0,False,False,False,3.1464766538275837e-14,True,A,0.01113960450706927,37.672729639819934,A,0.021290422089309397,147.31100363127774,A,0.03769244731789618,80.39423044049848,A,0.03818058040793224,65.74195657900043,0.628680944442749
ok,0.1,100.0,2.0,51,20664574,4,0,0,False,False,False,5.527630122811136e-15,True,A,0.016386549597779677,44.064529865525145,A,0.016775565598988504,30.81819615692565,A,0.03627535097451585,44.69470821840401,A,0.04358755708870187,33.507952892288884,0.5403475761413574
ok,0.1,100.0,2.0,56,20704169,4,0,0,False,False,False,9.141932026625889e-15,True,A,0.003940946941208999,82.2317620890519,A,0.017694620612169448,55.20942373993779,A,0.031297398112350716,71.24246883155476,A,0.1035210601207889,47.55440590989566,0.5566520690917969
ok,0.1,100.0,2.0,57,20712088,4,0,0,False,False,False,1.9984378323735573e-14,True,A,0.012615395832699708,65.29225167655123,A,0.01489900099077638,15.704046625316295,A,0.02903142214612448,111.39617146357388,A,0.10361464149321871,59.124184765080216,0.6299889087677002
ok,0.1,100.0,2.0,58,20720007,4,0,0,False,False,False,3.4866378529885875e-14,True,A,0.011708487716530129,112.81709501739132,A,0.02281705200839581,62.33722672782301,A,0.0408205042483731,114.03380706472008,A,0.03524777625290406,86.3168639764694,0.5568325519561768
ok,0.1,100.0,2.0,59,20727926,4,0,0,False,False,False,1.955927865095341e-14,True,A,0.017053291370897825,115.12713936609882,A,0.010166153906429243,67.3223960677809,A,0.03742984774361066,55.86085836428423,A,0.030901229695356896,94.90605342576089,0.5321803092956543
ok,0.1,100.0,2.0,60,20735845,4,0,0,False,False,False,3.2102716383592116e-14,True,A,0.009198665244475702,107.46339549072927,A,0.03558262230384353,53.31374989907263,A,0.026287998978989847,123.20989232698791,A,0.017847193670668095,103.7681520868093,0.5039265155792236
ok,0.1,100.0,2.0,61,20743764,4,0,0,False,False,False,7.440992858026337e-15,True,A,0.01978329664796488,36.59898462929031,A,0.017473802669100327,63.09952419211057,A,0.022893919660764282,58.064129355273295,A,0.17747093755392146,27.141615323621682,0.5642380714416504
ok,0.1,100.0,2.0,62,20751683,4,0,0,False,False,False,9.5670217304117e-15,True,A,0.011180151565367216,18.19120251639275,A,0.02177560027212728,91.05341852641146,A,0.04359446460168686,97.85063076910507,A,0.025641829004263192,59.0542411221007,0.5290734767913818
ok,0.1,100.0,2.0,63,20759602,4,0,0,False,False,False,3.2315213038532806e-14,True,A,0.004267123240961322,126.99504954352197,A,0.02112733227787701,97.42887829403912,A,0.0380128926492928,103.03703637598689,A,0.044032599214845244,92.00194975376215,0.4980504512786865
ok,0.1,100.0,2.0,64,20767521,4,0,0,False,False,False,8.503998584069066e-15,True,A,0.007137188777354131,74.46653217807987,A,0.017482494024469827,91.02679422047491,A,0.025645150399826497,109.13342877950214,A,0.1509441929922038,59.81260725611453,0.55316162109375
ok,0.1,100.0,2.0,65,20775440,4,0,0,False,False,False,1.4244193465549444e-14,True,A,0.014520442516206914,31.634281329052655,A,0.018519203278867746,91.24507281313234,A,0.0321999473813675,32.60791826666791,A,0.03718812053055692,66.98771458004092,0.5268146991729736
ok,0.1,100.0,2.0,66,20783359,4,0,0,False,False,False,3.061453392287387e-14,True,A,0.01167342220191702,53.54036359462508,A,0.018046642944032718,121.53701130714578,A,0.03690655124976377,54.25870363258768,A,0.0615927412518274,115.6549054299872,0.5521590709686279
ok,0.1,100.0,2.0,67,20791278,4,0,0,False,False,False,1.5519821724650443e-14,True,A,0.009940724881733322,47.902773651745605,A,0.01941083819705343,125.94310648640581,A,0.03850940074676041,65.54070267450508,A,0.08587259886745358,149.54843674223508,0.5265147686004639
ok,0.1,100.0,2.0,68,20799197,4,0,0,False,False,False,5.67642125382823e-14,True,A,0.013059000084687406,118.93401617384453,A,0.0186227096770626,90.10257297579382,A,0.03845049054370865,106.30247763792849,A,0.015446910638887493,101.05746279672654,0.5657985210418701
ok,0.1,100.0,2.0,69,20807116,4,0,0,False,False,False,2.5511979980523652e-15,True,A,0.016042045077225942,87.38768743220399,A,0.030763346036349826,175.68317796206037,A,0.02901358948930851,55.826123129944314,A,0.19132849698750995,87.56780047366522,0.5178189277648926
ok,0.1,100.0,2.0,70,20815035,4,0,0,False,False,False,8.078795006131437e-15,True,A,0.008221714393480718,34.177184108673345,A,0.019359747039555418,73.91367752138657,A,0.0274880164071667,37.44744212792009,A,0.04033388813442327,99.55249143346673,0.5500590801239014
ok,0.1,100.0,2.0,71,20822954,4,0,0,False,False,False,9.567011905196276e-15,True,A,0.012609030861269875,102.04875582197985,A,0.01321519944752293,29.141392200325164,A,0.038430328089918066,61.860902882923725,A,0.09542459151538284,46.923501204262614,0.5231795310974121
ok,0.1,100.0,2.0,72,20830873,4,0,0,False,False,False,1.9134009738101155e-15,True,A,0.005271020803235771,105.42026747191576,A,0.022859775575009688,24.380230941786618,A,0.019506190818007228,18.135220755876226,A,0.03533208747009294,166.94477711069067,0.543975830078125
ok,0.1,100.0,2.0,73,20838792,4,0,0,False,False,False,9.566989104332304e-15,True,A,0.015353828711166286,3.6841983099370768,A,0.015816316810155537,84.27128597807668,A,0.035134409075547775,149.98243878427203,A,0.0493755837783495,129.6226614634465,0.5440433025360107
ok,0.1,100.0,2.0,74,20846711,4,0,0,False,False,False,2.3385982720549447e-14,True,A,0.0130251835691816,114.53170636197902,A,0.02674117324059396,99.80098188729673,A,0.029006431839115714,105.40754323287602,A,0.048661905313071865,127.50667110930263,0.5463461875915527
ok,0.1,100.0,2.0,75,20854630,4,0,0,False,False,False,9.56708215007081e-15,True,A,0.013952307178552389,91.11606342235478,A,0.012854529040533807,118.12376759621286,A,0.03802072674446512,53.47412443389345,A,0.034813188190910484,77.77901247460811,0.5221149921417236
ok,0.1,100.0,2.0,76,20862549,4,0,0,False,False,False,7.866197782540947e-15,True,A,0.011113766567594462,51.57716843860547,A,0.014998688267102146,42.027802975855195,A,0.024510837804106764,71.82556789212977,A,0.11664436993182875,77.54468506904942,0.5070638656616211
ok,0.1,100.0,2.0,77,20870468,4,0,0,False,False,False,3.550429021701028e-14,True,A,0.005937112929088304,77.59106882454324,A,0.019246779668539677,56.068527251301376,A,0.023528541236580238,49.703297392628485,A,0.12499619152181156,37.671515189412915,0.5715765953063965
ok,0.1,100.0,2.0,78,20878387,4,0,0,False,False,False,5.995319157742642e-14,True,A,0.014622295580017892,49.193885279967596,A,0.02343658734279897,144.55233160678418,A,0.03899646240283803,95.68539007513374,A,0.10740475912627657,45.862924946703814,0.5369791984558105
ok,0.1,100.0,2.0,79,20886306,4,0,0,False,False,False,2.636241105777435e-14,True,A,0.013236064777179112,17.632374113798285,A,0.014509358174430165,20.405755324011405,A,0.02859371339797917,147.10720132231594,A,0.03619162405062105,102.11869054964552,0.511883020401001
ok,0.1,100.0,2.0,80,20894225,4,0,0,False,False,False,5.761454292454807e-14,True,A,0.011598937122978707,99.7583999886384,A,0.017970372441775014,134.4843343659069,A,0.01689235811910348,78.55370004670581,A,0.034866801279045026,60.930158335445434,0.535477876663208
ok,0.1,100.0,2.0,81,20902144,4,0,0,False,False,False,3.784293074211179e-14,True,A,0.008324562361833546,123.88835315687069,A,0.02792285237102369,94.73022577789608,A,0.043115254022082106,104.61716314979617,A,0.011786068317978333,92.94981940068583,0.5700156688690186
ok,0.1,100.0,2.0,82,20910063,4,0,0,False,False,False,1.2330881450498164e-14,True,A,0.015715446470817497,91.9957768807145,A,0.020719793565898963,175.2990256412076,A,0.03105581478548975,98.53345570316655,A,0.16775336241953231,53.159914697985315,0.5470993518829346
ok,0.1,100.0,2.0,83,20917982,4,0,0,False,False,False,1.870907954154334e-14,True,A,0.005438593980958629,118.44553701426125,A,0.035048492167378306,102.10712995210703,A,0.042833612322340085,156.86853617431638,A,0.08882320058654725,179.48594930272873,0.48886895179748535
ok,0.1,100.0,2.0,84,20925901,4,0,0,False,False,False,2.0622197302655978e-14,True,A,0.017340320795526006,68.94903583963023,A,0.01710756738760284,44.752008275696845,A,0.0324044940675746,53.84396650213452,A,0.010437392696792593,33.04139037904544,0.5755224227905273
ok,0.1,100.0,2.0,85,20933820,4,0,0,False,False,False,6.803213400701875e-15,True,A,0.02034882333905338,84.10858206479297,A,0.013348220906988739,42.199146376995,A,0.0336007493583157,19.838952523646626,A,0.06182099361387513,52.906932165161045,0.5494236946105957
ok,0.1,100.0,2.0,86,20941739,4,0,0,False,False,False,8.92921249554023e-15,True,A,0.007972166993978647,127.06412118538076,A,0.013702304026318161,79.88732218846586,A,0.0349251457631575,73.0058726673451,A,0.04234011224324307,87.9150885341971,0.5251495838165283
ok,0.1,100.0,2.0,87,20949658,4,0,0,False,False,False,3.1677646452923244e-14,True,A,0.010284172455992347,33.49717074941779,A,0.01788320858343618,15.476471723679447,A,0.0327261829077008,47.65465864321329,A,0.19901969369300784,142.3614188410669,0.5585145950317383
ok,0.1,100.0,2.0,88,20957577,4,0,0,False,False,False,8.929195809709814e-15,True,A,0.020317922518230936,84.92159403070104,A,0.018708586209706436,22.74447055950375,A,0.032724068081526406,133.43087572685417,A,0.01633276528370983,98.31689279379117,0.5690474510192871
ok,0.1,100.0,2.0,89,20965496,4,0,0,False,False,False,3.359076134154761e-14,True,A,0.015953135357818775,97.46324888635633,A,0.01753539326714015,18.06424371487281,A,0.024551957688744373,79.352038115919,A,0.0325866650015271,38.593102595402264,0.5862720012664795
ok,0.1,100.0,2.0,90,20973415,4,0,0,False,False,False,8.716590456556319e-15,True,A,0.010878060251997956,140.4284997071674,A,0.02757457487537576,95.72642713626095,A,0.0461188412445236,25.144789971833546,A,0.11810711002820305,114.27158510293584,0.5809805393218994
ok,0.1,100.0,2.0,91,20981334,4,0,0,False,False,False,6.165419507134998e-15,True,A,0.011875166143725798,128.1053081663171,A,0.0292831497762778,56.37982932812084,A,0.0488234467868637,121.76929045451162,A,0.15074174117082856,14.594790471087013,0.5516111850738525
ok,0.1,100.0,2.0,92,20989253,4,0,0,False,False,False,8.078812412938068e-15,True,A,0.01064436109190221,94.135804499422,A,0.011230725169788288,123.94205785875289,A,0.03283785937808302,68.3894915455975,A,0.028980207695902992,23.99333070471119,0.5509481430053711
ok,0.1,100.0,2.0,93,20997172,4,0,0,False,False,False,2.6362546912348866e-14,True,A,0.015072280551886,45.487404529317274,A,0.029617374644117043,114.97978172262724,A,0.04213729139132009,81.84626395213087,A,0.1481861073886391,22.854320605586313,0.5122253894805908
ok,0.1,100.0,2.0,94,21005091,4,0,0,False,False,False,1.8921495436668377e-14,True,A,0.006931398653215029,63.95617311534266,A,0.025716879510983587,98.97505102729082,A,0.030191139645416157,124.5456162527695,A,0.15772879507786475,165.23744816051408,0.5616273880004883
ok,0.1,100.0,2.0,95,21013010,4,0,0,False,False,False,5.4213216797197094e-14,True,A,0.010657166552070082,149.25509045680056,A,0.021267511242370255,68.33369326862987,A,0.029851583685477565,144.0474050482516,A,0.15910247991217216,108.24279299017608,0.5408222675323486
ok,0.1,200.0,0.5,0,20260705,4,0,0,False,False,False,2.6006977911512713e-12,True,A,0.016431816177384453,91.01519730437255,A,0.018914061114494136,82.16131960298173,A,0.029966149071138714,27.51136192433622,A,0.006999512660265442,131.5465404840856,0.48213863372802734
ok,0.1,200.0,0.5,1,20268624,4,0,0,False,False,False,4.067843932378352e-13,True,A,0.009347077723371908,129.4974765989432,A,0.02742071653347736,56.87922645710316,A,0.028084534014653693,36.71165172783503,A,0.008989403538314856,93.32362096855526,0.5310695171356201
ok,0.1,200.0,0.5,2,20276543,4,0,0,False,False,False,2.8200466154910214e-13,True,A,0.011256659420561619,29.288839866836405,A,0.02234879139318162,34.061183598046526,A,0.02504592078615673,45.33564218080538,A,0.014363054160009344,112.68917547062807,0.5154829025268555
ok,0.1,200.0,0.5,3,20284462,4,0,0,False,False,False,1.113833389911436e-12,True,A,0.009868092032985462,39.651110269998604,A,0.018206564957708407,35.22226865169642,A,0.029198329514507976,55.32369812022627,A,0.009978869142645912,130.19429089153775,0.5413467884063721
ok,0.1,100.0,2.0,96,21020929,4,0,0,False,False,False,1.7858462139001423e-14,True,A,0.006963407185540143,35.35925295298374,A,0.018604016908814382,88.68151889119882,A,0.029276233421081387,128.8404538451074,A,0.04358678476334428,40.64500095134654,0.5234725475311279
ok,0.1,100.0,2.0,97,21028848,4,0,0,False,False,False,1.445681460276441e-14,True,A,0.017262020634872265,64.09903900441088,A,0.01908746943860874,61.52218939868405,A,0.025799391027696558,134.03266565110872,A,0.02390059467972912,29.41024089097606,0.5376555919647217
ok,0.1,100.0,2.0,98,21036767,4,0,0,False,False,False,6.378028462397054e-16,True,A,0.006085745232383178,130.23982601692006,A,0.021286512945798152,41.32062853407901,A,0.030959554910338236,114.0910473070076,A,0.07218153409882605,61.80991306859582,0.5724623203277588
ok,0.1,100.0,2.0,99,21044686,4,0,0,False,False,False,5.102419160736575e-15,True,A,0.007521418469419501,67.24759145228168,A,0.02573091448393496,73.69189596809922,A,0.028761022785426048,106.61180778451052,A,0.11515301633589395,4.472332209283627,0.5203254222869873
ok,0.1,200.0,0.5,4,20292381,4,0,0,False,False,False,1.1182327406729066e-12,True,A,0.01579205719672745,105.43095195815587,A,0.016445023726921117,96.01890286554125,A,0.02404232738301061,105.51765004650885,A,0.007933461665133196,57.905796039059936,0.5548391342163086
ok,0.1,200.0,0.5,5,20300300,4,0,0,False,False,False,5.060068597629416e-13,True,A,0.013457662586646331,38.22234722282613,A,0.027592126205854734,146.66132612771875,A,0.032162205607845315,144.26244850883782,A,0.012866640259949654,115.70792043504049,0.5476090908050537
ok,0.1,200.0,0.5,6,20308219,4,0,0,False,False,False,1.686680859820679e-13,True,A,0.008801719934256715,62.7029834769074,A,0.015919853716515265,127.22570768608915,A,0.0334010453305348,62.20393585198521,A,0.00874894409383714,62.889666058809944,0.5486013889312744
ok,0.1,200.0,0.5,7,20316138,4,0,0,False,False,False,8.21907281239776e-14,True,A,0.009044380626162103,67.44697197311068,A,0.01807380085889272,107.31136727258591,A,0.03439154950087997,102.79684153294829,A,0.009470485340482835,124.46263586714659,0.5203883647918701
ok,0.1,200.0,0.5,8,20324057,4,0,0,False,False,False,6.902470745375686e-13,True,A,0.018552946439581837,37.78285281243348,A,0.04190762135605616,83.04482676131568,A,0.027997938335711903,23.490889698838384,A,0.012488940516703424,111.72725126253006,0.5447468757629395
ok,0.1,200.0,0.5,9,20331976,4,0,0,False,False,False,1.0446226800796699e-12,True,A,0.008589460030641007,46.40883836095675,A,0.016691015987051874,123.4954916087797,A,0.028546578067013044,67.58688109773385,A,0.00634096203172447,57.75612235227257,0.5567021369934082
ok,0.1,200.0,0.5,10,20339895,4,0,0,False,False,False,3.9119910094367997e-13,True,A,0.007795608131263423,47.47268448734754,A,0.03864785987793296,70.86175940785986,A,0.02821974494177944,37.08914731512252,A,0.010680786905353888,143.65559115213824,0.5768024921417236
ok,0.1,200.0,0.5,11,20347814,4,0,0,False,False,False,9.764980329004679e-13,True,A,0.019219864874941386,54.3766642245468,A,0.03167393584046103,142.00028263124926,A,0.03157882546028269,3.8168400095764534,A,0.012220603620552906,106.51278995934358,0.501563310623169
ok,0.1,200.0,0.5,16,20387409,4,0,0,False,False,False,1.2613945591741622e-12,True,A,0.017144266766115728,24.777416320993257,A,0.01946352205550947,82.2073803523208,A,0.028883346549711347,10.320448536314924,A,0.0109862391267767,89.94190077965986,0.48029065132141113
ok,0.1,200.0,0.5,17,20395328,4,0,0,False,False,False,4.0253458418273435e-13,True,A,0.012556228586228107,143.1993685474155,A,0.02490307692314917,61.81499784611973,A,0.0294082143420254,33.45227376770319,A,0.012244574021729834,131.6394493749176,0.5028588771820068
ok,0.1,200.0,0.5,18,20403247,4,0,0,False,False,False,4.350795571589053e-13,True,A,0.010436412435223962,65.03535877974106,A,0.014520390334430753,156.23032576333182,A,0.028033756133123464,127.83690266863496,A,0.008707072014243943,87.03300825480808,0.5087969303131104
ok,0.1,200.0,0.5,19,20411166,4,0,0,False,False,False,7.809536049271502e-13,True,A,0.009064623818885406,116.50878702222023,A,0.017127832422041193,39.63427979964055,A,0.03247536415144097,85.4457459116447,A,0.009600549612011606,69.9079267285884,0.5069048404693604
ok,0.1,200.0,0.5,12,20355733,4,0,0,False,False,False,1.2047780964552416e-12,True,A,0.015547259572439616,80.01221162546979,A,0.012415230420919592,57.94289753048222,A,0.0349240810311724,36.973279449156394,A,0.013119916852352009,29.216386629662228,0.4972226619720459
ok,0.1,200.0,0.5,13,20363652,4,0,0,False,False,False,1.3603577550439319e-12,True,A,0.008436993605201927,77.9442328950862,A,0.01798096903543473,50.72268018862114,A,0.02883961829389814,19.641318207281575,A,0.013604999642374842,75.01149185993268,0.512326717376709
ok,0.1,200.0,0.5,14,20371571,4,0,0,False,False,False,1.0174505808271324e-12,True,A,0.009576719477781749,42.220820021898774,A,0.023224939957239944,105.81386649675741,A,0.028915337483744367,72.54522382999714,A,0.007085815022623473,85.84176861714299,0.499161958694458
ok,0.1,200.0,0.5,15,20379490,4,0,0,False,False,False,3.9826785554197025e-13,True,A,0.006104549952800108,102.91826151944724,A,0.018870423173242723,75.7100805472447,A,0.028385688748243904,47.54935411621632,A,0.011061626320133144,129.82098706092503,0.5236413478851318
ok,0.1,200.0,0.5,20,20419085,4,0,0,False,False,False,8.34855140433276e-13,True,A,0.014713177347666742,92.33957772954399,A,0.014460572487420427,67.20793336624949,A,0.03260730935910499,158.11846368857775,A,0.008902433737873115,63.18108257753717,0.5010108947753906
ok,0.1,200.0,0.5,21,20427004,4,0,0,False,False,False,7.738968660025603e-13,True,A,0.011584712636969552,112.95787327983811,A,0.021438534550171428,56.32652657353393,A,0.03532538528971218,23.101777815195632,A,0.007797457546519461,94.41109834485071,0.5095539093017578
ok,0.1,200.0,0.5,22,20434923,4,0,0,False,False,False,5.752620330460819e-13,True,A,0.013379156735109839,29.453782043289888,A,0.017747368365399245,18.827624173590987,A,0.03196645653929269,84.37019675741465,A,0.010520339367856669,141.6875350578923,0.49071645736694336
ok,0.1,200.0,0.5,23,20442842,4,0,0,False,False,False,8.375369682162106e-13,True,A,0.011509562910706076,118.68538632808337,A,0.016347462104964898,62.08993916847658,A,0.02882239173676353,50.589330389957226,A,0.012572725497368683,118.63182648336318,0.5070137977600098
ok,0.1,200.0,0.5,28,20482437,4,0,0,False,False,False,5.782076027511958e-13,True,A,0.006933075363889446,74.64667422058427,A,0.0185910362890028,97.0552406253523,A,0.030174611731681816,73.98648475714201,A,0.012654830213381369,50.84629341307939,0.5061590671539307
ok,0.1,200.0,0.5,29,20490356,4,0,0,False,False,False,6.661645666807877e-14,True,A,0.01520322096724576,76.65773371569057,A,0.01992145910930971,81.73887693197712,A,0.029512217715566252,114.68307935920467,A,0.010425497193931104,39.27630611755919,0.5250794887542725
ok,0.1,200.0,0.5,30,20498275,4,0,0,False,False,False,5.640910806212842e-13,True,A,0.010168922865566636,98.69827071975874,A,0.018800223226340895,64.44289290126353,A,0.03163838574994651,63.83644273130012,A,0.012487091171342416,66.60189968310192,0.4964604377746582
ok,0.1,200.0,0.5,31,20506194,4,0,0,False,False,False,1.3166888516586048e-12,True,A,0.007933204085661569,124.44043242737607,A,0.019745210869818335,64.28014920525378,A,0.033571722516019094,158.65337147072606,A,0.01067873545599121,75.34522850410413,0.5199711322784424
ok,0.1,200.0,0.5,24,20450761,4,0,0,False,False,False,1.8426192481812822e-14,True,A,0.010904782983931438,66.45694947461078,A,0.025072313271424753,112.21718510436085,A,0.03250797863790568,114.23910308641669,A,0.01413289437580992,87.18920930027417,0.5610511302947998
ok,0.1,200.0,0.5,25,20458680,4,0,0,False,False,False,3.5574244187357724e-13,True,A,0.0048461896461436125,48.94599464115733,A,0.01581803983717972,92.52076239795973,A,0.032102155287559206,76.59847817831074,A,0.010803800845639326,107.36259036970381,0.5817272663116455
ok,0.1,200.0,0.5,26,20466599,4,0,0,False,False,False,1.3575509968281725e-12,True,A,0.015995299371164822,102.8899592191281,A,0.015868038424656474,62.109700914866686,A,0.025405485386070334,45.145296133346164,A,0.01016919466179344,73.46142846671137,0.6286313533782959
ok,0.1,200.0,0.5,27,20474518,4,0,0,False,False,False,8.361409058667833e-14,True,A,0.013588447665526644,30.3102782849558,A,0.021388967581494642,130.63558497236212,A,0.03194288579937214,59.808752372781015,A,0.007762457840405177,79.49359175781342,0.563072919845581
ok,0.1,200.0,0.5,32,20514113,4,0,0,False,False,False,7.481599185521907e-13,True,A,0.015206649657570534,58.25332766927024,A,0.023972613404714505,112.34254452987744,A,0.026670531817688983,74.7907860087705,A,0.008154349904672866,45.99379543598091,0.5901534557342529
ok,0.1,200.0,0.5,33,20522032,4,0,0,False,False,False,3.5857638002984317e-13,True,A,0.014465711931152552,52.467784743404735,A,0.021402222132847818,70.49219596576812,A,0.034330966293012195,130.15495801027257,A,0.01233584868609893,97.31109507460589,0.5460758209228516
ok,0.1,200.0,0.5,34,20529951,4,0,0,False,False,False,5.102373919561651e-13,True,A,0.020685804279689232,101.45824798345824,A,0.01296859601449793,65.13870019583956,A,0.030590166335068086,44.541345815954294,A,0.015283601750529743,76.7749379781137,0.511458158493042
ok,0.1,200.0,0.5,35,20537870,4,0,0,False,False,False,9.255449639192371e-13,True,A,0.008573329695065801,70.17298428773238,A,0.01525490959571587,57.38119233580977,A,0.030154543210258112,59.59011566133029,A,0.0044710556761382424,110.04241569581654,0.5172479152679443
ok,0.1,200.0,0.5,36,20545789,4,0,0,False,False,False,8.801569309552527e-13,True,A,0.0059959978619973636,65.34910333269812,A,0.015364839590227532,60.04377664661428,A,0.0311608237178077,70.10483595129304,A,0.010907493856953242,53.78684297879379,0.5578362941741943
ok,0.1,200.0,0.5,37,20553708,4,0,0,False,False,False,2.4940054746949304e-13,True,A,0.00850094809088489,72.0081869619481,A,0.018193369109240184,115.27811603579538,A,0.032873417452432954,76.80863906720917,A,0.009967470121019676,91.25333655138671,0.527451753616333
ok,0.1,200.0,0.5,38,20561627,4,0,0,False,False,False,5.753497751510988e-13,True,A,0.011700613871333025,99.37231548032334,A,0.03585277721473812,51.02129114891794,A,0.03208383158567646,43.68986057346743,A,0.008098233048187605,87.63202529799526,0.4850780963897705
ok,0.1,200.0,0.5,39,20569546,4,0,0,False,False,False,7.905398768180019e-13,True,A,0.014529514552249122,66.2547084487161,A,0.013989478603308809,78.05445222798399,A,0.03211780926997574,113.97670561485936,A,0.011621333221852728,70.1736954296106,0.5583035945892334
ok,0.1,200.0,0.5,40,20577465,4,0,0,False,False,False,1.2444593935000794e-12,True,A,0.006255538268324766,119.33279182543318,A,0.029841778806886952,117.07980151294468,A,0.030216987822950365,107.59178868122832,A,0.008293823012192288,101.00247337645779,0.522606611251831
ok,0.1,200.0,0.5,41,20585384,4,0,0,False,False,False,8.178162442616302e-13,True,A,0.012411509719528447,93.41421234810166,A,0.019456091877748657,84.86566818109674,A,0.03330942012341011,146.43272408203396,A,0.01571116117098415,142.32190693004512,0.4827711582183838
ok,0.1,200.0,0.5,42,20593303,4,0,0,False,False,False,1.1223927465192674e-12,True,A,0.014919215904734473,44.263124740125946,A,0.039842028206774474,37.42915378133451,A,0.03067167919606682,69.80316430482543,A,0.009568234407219005,70.88121814707047,0.5080034732818604
ok,0.1,200.0,0.5,43,20601222,4,0,0,False,False,False,1.7188636091633443e-12,True,A,0.009915607747728695,72.89826800884597,A,0.01725425762236591,62.71079281277512,A,0.03329889958012639,58.670751022321724,A,0.008208891463719722,120.33419069966644,0.5196168422698975
ok,0.1,200.0,0.5,44,20609141,4,0,0,False,False,False,1.6299143742958927e-13,True,A,0.011750895061357618,107.72796692883765,A,0.027384034700513347,62.13146790044666,A,0.030183662941908936,31.28489604694516,A,0.005071812187096791,36.476261612127004,0.5048508644104004
ok,0.1,200.0,0.5,45,20617060,4,0,0,False,False,False,1.448453596631891e-12,True,A,0.006583881467914394,85.83184059480261,A,0.039327488242612035,61.45070507977851,A,0.03339490501423858,72.9296289414734,A,0.007223816166125445,70.40174996109367,0.5362265110015869
ok,0.1,200.0,0.5,46,20624979,4,0,0,False,False,False,6.391280904996637e-13,True,A,0.017264948992197778,87.42056718581753,A,0.019031933056041995,93.9808215215436,A,0.031429253980592965,98.55824523976602,A,0.012526839446047256,20.28189751538512,0.5320751667022705
ok,0.1,200.0,0.5,47,20632898,4,0,0,False,False,False,8.929467500534638e-14,True,A,0.012340248111203555,63.28622332588152,A,0.015753572472837204,39.5054708491656,A,0.029365063517107465,79.09486635993579,A,0.010567805727924868,41.3882177756542,0.4936940670013428
ok,0.1,200.0,0.5,48,20640817,4,0,0,False,False,False,5.811261817239211e-14,True,A,0.00928583665325973,97.54712181311051,A,0.024876076615209335,147.17432184143067,A,0.031018475400688594,63.700121326250766,A,0.01178195306873811,83.55839610788688,0.5128138065338135
ok,0.1,200.0,0.5,49,20648736,4,0,0,False,False,False,1.6498077925050386e-12,True,A,0.011745828472025592,56.130169761350324,A,0.025845713076884103,89.08240978175444,A,0.028330675525764494,35.311260189223184,A,0.009507880930188787,139.51845977335915,0.48954272270202637
ok,0.1,200.0,0.5,50,20656655,4,0,0,False,False,False,1.006353731271035e-12,True,A,0.010936406282828104,37.660419086925266,A,0.021824914074564605,148.22237383157474,A,0.03293882539336957,79.78575866739757,A,0.011186284759121496,67.08854140952192,0.547919750213623
ok,0.1,200.0,0.5,51,20664574,4,0,0,False,False,False,4.988380266742798e-13,True,A,0.016461700036208497,44.25192947476288,A,0.017755520873385028,30.92006550400061,A,0.030036168663415477,44.455930682963945,A,0.0075915300213647745,37.198216471453314,0.543212890625
ok,0.1,200.0,0.5,52,20672493,4,0,0,False,False,False,8.022410649828371e-13,True,A,0.020821067256836346,13.580959401434278,A,0.029341959561914037,51.078561001400644,A,0.02726573973567811,53.74304908868629,A,0.010395427371627073,74.43899758964552,0.49526500701904297
ok,0.1,200.0,0.5,53,20680412,4,0,0,False,False,False,1.9132427258595416e-12,True,A,0.01664610250337118,33.86899644658625,A,0.02154665657775291,97.61260722865107,A,0.03098373200577759,38.36937936856146,A,0.011428913997641644,61.252352061587096,0.5057950019836426
ok,0.1,200.0,0.5,54,20688331,4,0,0,False,False,False,1.2089649346440587e-12,True,A,0.007007582721579413,78.45471530254241,A,0.017252040593353123,76.08002217335365,A,0.03024653917833472,87.896576560504,A,0.01270593941447465,72.94098788264404,0.5402646064758301
ok,0.1,200.0,0.5,55,20696250,4,0,0,False,False,False,2.5753996970222665e-12,True,A,0.010334687700190264,50.35990727468861,A,0.021784031372011375,101.18886748971767,A,0.028968249806111693,91.71424071768087,A,0.011193980352409184,125.86874452975633,0.5103468894958496
ok,0.1,200.0,0.5,56,20704169,4,0,0,False,False,False,1.253880200152678e-12,True,A,0.00393631705113956,82.15103707057557,A,0.01782207654244323,54.37943601012417,A,0.032725926163063745,72.58168354059622,A,0.012444937371312286,46.24143010464207,0.48601603507995605
ok,0.1,200.0,0.5,57,20712088,4,0,0,False,False,False,9.75171491516911e-13,True,A,0.013297716147307551,65.401370015725,A,0.017172409630974106,15.12931564887702,A,0.02948522428362495,109.21543592811058,A,0.007388903119773861,61.075126347952164,0.5181708335876465
ok,0.1,200.0,0.5,58,20720007,4,0,0,False,False,False,7.653866611625045e-14,True,A,0.01163589119705679,112.85205693522863,A,0.02264918379691276,62.16145887797629,A,0.029390458264068192,113.98957135272418,A,0.011979770629396157,87.24585478784006,0.5563111305236816
ok,0.1,200.0,0.5,59,20727926,4,0,0,False,False,False,1.6864768760849624e-13,True,A,0.017381987662418497,115.08479483409351,A,0.009178014922712238,67.4188696010411,A,0.030750147872673807,53.87121318372603,A,0.010349721386719201,94.72114205421956,0.4931347370147705
ok,0.1,200.0,0.5,60,20735845,4,0,0,False,False,False,3.783983858346767e-13,True,A,0.009422113478393009,107.24562806255354,A,0.032222185589020395,52.54528294585917,A,0.030513703015764202,122.75830825869079,A,0.007954811460439668,99.0268189052329,0.49483156204223633
ok,0.1,200.0,0.5,61,20743764,4,0,0,False,False,False,3.9828819305794975e-13,True,A,0.019729655317919398,36.749481698905946,A,0.014650289127005655,63.40105582090522,A,0.02858827607267495,60.08984211980577,A,0.01232620454753527,30.4874799239449,0.542172908782959
ok,0.1,200.0,0.5,62,20751683,4,0,0,False,False,False,5.116357638269077e-13,True,A,0.011479663698677074,18.461947097563154,A,0.022170329912914958,90.59669218874458,A,0.029197941058761265,98.62024387970628,A,0.012775444489332474,60.560740175420186,0.48595356941223145
ok,0.1,200.0,0.5,63,20759602,4,0,0,False,False,False,5.981192430585487e-13,True,A,0.004380038102902692,126.76100989294568,A,0.020866584082686535,97.23749672907834,A,0.026187661065912624,103.67025080983687,A,0.009579923383576008,92.28217781961831,0.47572779655456543
ok,0.1,200.0,0.5,64,20767521,4,0,0,False,False,False,1.1693267192604944e-12,True,A,0.006977780823307729,74.35090999993446,A,0.01769950428710381,91.67603657264941,A,0.029915829928459953,109.35304683978956,A,0.007626187646166343,61.22369365914719,0.5413613319396973
ok,0.1,200.0,0.5,65,20775440,4,0,0,False,False,False,4.408041751116221e-13,True,A,0.014526791799034275,31.928784073131688,A,0.017955338958319862,91.21783321950834,A,0.029929774462772188,30.595345323652882,A,0.011200048754734682,66.3720558183293,0.5294942855834961
ok,0.1,200.0,0.5,66,20783359,4,0,0,False,False,False,9.835327088167902e-13,True,A,0.011993326429475029,53.468560400288304,A,0.017919288461291073,121.7559139032866,A,0.03193928275542767,54.299286866864065,A,0.012739542524773037,115.22502092949671,0.5470705032348633
ok,0.1,200.0,0.5,67,20791278,4,0,0,False,False,False,9.694376588883015e-13,True,A,0.010209734181542555,47.893519168760626,A,0.018063713147100483,126.08652180806654,A,0.03275015380303698,67.93591223896055,A,0.010482292510728687,152.44721852442004,0.5119454860687256
ok,0.1,200.0,0.5,68,20799197,4,0,0,False,False,False,6.661550086248016e-13,True,A,0.01345050703178921,118.69137545389196,A,0.01901062953897535,89.45247426958392,A,0.03446580291728851,105.264706520083,A,0.009284827996135375,100.79879935705215,0.5329108238220215
ok,0.1,200.0,0.5,69,20807116,4,0,0,False,False,False,4.252167261394325e-15,True,A,0.016109690359296026,87.50139150359716,A,0.03127780433532988,176.50414126270655,A,0.02958515617308154,54.591203393982454,A,0.010744367311330397,88.51216208911661,0.5629637241363525
ok,0.1,200.0,0.5,70,20815035,4,0,0,False,False,False,1.1778450995824154e-12,True,A,0.007994067047728317,34.365628326013706,A,0.01742917815951629,74.1356371260723,A,0.03030503360177198,37.560511611178256,A,0.007129364348018176,100.12528853793165,0.5236568450927734
ok,0.1,200.0,0.5,71,20822954,4,0,0,False,False,False,4.81886213625161e-14,True,A,0.012523760326199696,102.01915522403102,A,0.013349445399401198,28.363265751387043,A,0.032888244679224514,59.77980950104058,A,0.008012663222989632,43.39162525211421,0.6173098087310791
ok,0.1,200.0,0.5,72,20830873,4,0,0,False,False,False,4.875650258404313e-13,True,A,0.0053739729973031735,105.63695481674571,A,0.020522416499954368,24.218654830637792,A,0.028681803842912787,17.238627745939784,A,0.011536251570227102,168.38105032942843,0.5068137645721436
ok,0.1,200.0,0.5,73,20838792,4,0,0,False,False,False,1.4060632558162575e-12,True,A,0.01595863022770985,3.9364370485293994,A,0.01474318870693549,84.18944705061739,A,0.031073660391346083,151.4126944486733,A,0.010975669197054025,130.3454865153137,0.6514370441436768
ok,0.1,200.0,0.5,74,20846711,4,0,0,False,False,False,5.697897169156616e-13,True,A,0.013515283366269622,114.27192207696281,A,0.025958343162000085,99.69023744579918,A,0.03040203206462525,106.57374694633926,A,0.009107747855459581,128.00744312351114,0.5371458530426025
ok,0.1,200.0,0.5,75,20854630,4,0,0,False,False,False,2.0547006705337653e-13,True,A,0.014141001397368073,91.2887945986105,A,0.012007816953465098,118.21231714979217,A,0.031608283137278786,54.57921494786067,A,0.011098555507746851,74.52383375946687,0.4955751895904541
ok,0.1,200.0,0.5,76,20862549,4,0,0,False,False,False,3.9828099360984384e-13,True,A,0.011123732448493514,51.88074510028323,A,0.01537347652696104,42.29947084622376,A,0.03500803460733622,72.20292050071231,A,0.010247176963022832,77.77945328095774,0.4826052188873291
ok,0.1,200.0,0.5,77,20870468,4,0,0,False,False,False,3.7699206196545747e-13,True,A,0.005691349516172545,77.7636314328918,A,0.020549517665379345,56.849744562098614,A,0.02731540994916235,50.62817285711484,A,0.009793732493728644,40.79906457896759,0.6916146278381348
ok,0.1,200.0,0.5,78,20878387,4,0,0,False,False,False,2.8347294762482397e-13,True,A,0.014667212746320945,49.5022339864217,A,0.02299361465477839,143.65929729283783,A,0.02975633043758334,97.38628744679724,A,0.012002781883743057,45.461976446550786,0.5099005699157715
ok,0.1,200.0,0.5,79,20886306,4,0,0,False,False,False,1.0729290841524817e-12,True,A,0.013417389071104109,17.95168117811865,A,0.014003907718557982,20.291483695731042,A,0.03035150211287956,148.32459112820422,A,0.012105730409073277,101.53075756779195,0.4985508918762207
ok,0.1,200.0,0.5,80,20894225,4,0,0,False,False,False,5.627065589057878e-13,True,A,0.011576553214751048,99.88421638126621,A,0.019760037468442987,133.67117434225526,A,0.028151682331644157,77.78854744669663,A,0.00886422725679926,64.16437927561911,0.593738317489624
ok,0.1,200.0,0.5,81,20902144,4,0,0,False,False,False,3.316315520959421e-13,True,A,0.007857182372557465,123.75680452829265,A,0.02853820118629739,94.92863797128895,A,0.032198308212780385,106.14883438972608,A,0.009733930838166219,94.59997746332142,0.645524263381958
ok,0.1,200.0,0.5,82,20910063,4,0,0,False,False,False,7.652392934935994e-14,True,A,0.01552903492933537,92.05150686555822,A,0.020876139941544577,175.69161360670475,A,0.029301176545401632,98.2213455756923,A,0.008530205743072629,54.458680557704554,0.5453577041625977
ok,0.1,200.0,0.5,83,20917982,4,0,0,False,False,False,1.6293141456423869e-13,True,A,0.004847391960492139,118.37268455146858,A,0.037510467364989745,101.66785072475164,A,0.02953331690316837,154.56191425347924,A,0.008494423637417073,175.0311338576141,0.48310041427612305
ok,0.1,200.0,0.5,84,20925901,4,0,0,False,False,False,1.0956226593702804e-12,True,A,0.017490074021738855,68.64705777654122,A,0.018115134763313556,44.014701161131434,A,0.0263928798721402,51.44562026628919,A,0.011788515116589002,30.20908293304532,0.6579687595367432
ok,0.1,200.0,0.5,85,20933820,4,0,0,False,False,False,2.522767265244042e-13,True,A,0.019976552986906603,84.36475679912775,A,0.015313557155936889,42.29047291842919,A,0.030761054557102922,20.581199347028118,A,0.00819537650540262,52.862222239766695,0.5024807453155518
ok,0.1,200.0,0.5,86,20941739,4,0,0,False,False,False,1.743287038421109e-13,True,A,0.007743587097817078,127.0608941605239,A,0.011706801596158856,79.59261398242933,A,0.029246407177643027,73.86372012611658,A,0.009808066523581552,88.45705891805672,0.49242115020751953
ok,0.1,200.0,0.5,87,20949658,4,0,0,False,False,False,7.227033659433852e-14,True,A,0.010494849520351505,33.39192401440314,A,0.018823423609555908,15.161627805923263,A,0.026518268186421213,48.09855852788163,A,0.010746975945789303,139.21038200044592,0.5163531303405762
ok,0.1,200.0,0.5,92,20989253,4,0,0,False,False,False,1.4229705656199848e-12,True,A,0.010749286118850178,94.10146542498146,A,0.010727308100478271,123.3959553856962,A,0.0323716008284453,68.43662337303424,A,0.013742430046601363,22.597195040849844,0.5079915523529053
ok,0.1,200.0,0.5,93,20997172,4,0,0,False,False,False,1.1337190582866365e-14,True,A,0.014554743551005741,45.809827799993265,A,0.02474496923671689,115.1452826875644,A,0.03095438289058088,81.3263527851452,A,0.008647451313706905,21.37979131486003,0.5109822750091553
ok,0.1,200.0,0.5,94,21005091,4,0,0,False,False,False,5.328554716637584e-13,True,A,0.006768445064768617,63.71073653732562,A,0.02469888274971168,99.6354460094938,A,0.03154165475386149,125.9039733684977,A,0.0053805699819025445,161.82826087076646,0.5356135368347168
ok,0.1,200.0,0.5,95,21013010,4,0,0,False,False,False,3.231234899964929e-13,True,A,0.010529079354979673,149.0194957741407,A,0.019540483061161816,67.62978305138999,A,0.03150817729535389,143.1137713145269,A,0.014452034803036994,107.15020290324759,0.5153119564056396
ok,0.1,200.0,0.5,88,20957577,4,0,0,False,False,False,2.6646690654111603e-13,True,A,0.020378840677554674,85.11226635593167,A,0.01767471202438931,22.703010057059807,A,0.03121828842271817,133.23298504368336,A,0.00734624473924067,103.60035964476604,0.5519983768463135
ok,0.1,200.0,0.5,89,20965496,4,0,0,False,False,False,6.647619723689824e-13,True,A,0.015888525232045536,97.64285688546622,A,0.019017709662903972,17.343105671761197,A,0.02641838016211515,80.63015824595507,A,0.009668792613727982,38.911699120676786,0.5383169651031494
ok,0.1,200.0,0.5,90,20973415,4,0,0,False,False,False,4.4222905194262325e-13,True,A,0.01037806809010776,140.41624764438504,A,0.025565236870569528,96.54839311837911,A,0.03123450172046721,23.403114747559485,A,0.010572050198690171,116.50329730755357,0.5115728378295898
ok,0.1,200.0,0.5,91,20981334,4,0,0,False,False,False,2.48016974470294e-13,True,A,0.011829944997622278,127.82991226783423,A,0.028228124876441482,56.91475624029857,A,0.032114902769573676,122.63588077227679,A,0.014530244394104283,11.502887380538741,0.5356040000915527
ok,0.1,200.0,0.5,96,21020929,4,0,0,False,False,False,7.908131794685502e-13,True,A,0.0072274729085172055,35.38058470064079,A,0.01803232521656284,88.19576675359424,A,0.029273599351443576,126.6223042408864,A,0.007847251120008962,42.08917289480385,0.5464956760406494
ok,0.1,200.0,0.5,97,21028848,4,0,0,False,False,False,2.8218866121827046e-12,True,A,0.017018547798891774,63.9371896325778,A,0.017719103464247023,60.95306723713998,A,0.03303049222185145,134.6859851055254,A,0.0075124473481179305,29.567437808166826,0.5217504501342773
ok,0.1,200.0,0.5,98,21036767,4,0,0,False,False,False,4.1807127809430363e-13,True,A,0.005886205036613962,130.55293172517676,A,0.019925695668620534,41.44923878436842,A,0.03444478800772617,111.71440458124043,A,0.011749346347533095,64.41821537666745,0.5529568195343018
ok,0.1,200.0,0.5,99,21044686,4,0,0,False,False,False,8.10648410919276e-13,True,A,0.007391897293104326,66.92782330940456,A,0.025126788166381135,74.011486770766,A,0.03290315688199139,106.60242947955896,A,0.013451927580245864,4.941763595965139,0.5023932456970215
ok,0.1,200.0,2.0,0,20260705,4,0,0,False,False,False,1.913404324630798e-14,True,A,0.01660729255823783,90.98360692707162,A,0.018992546891749132,82.12933136337348,A,0.028741611577643305,28.07690441892426,A,0.00836671132471434,130.57427005403147,0.5256645679473877
ok,0.1,200.0,2.0,1,20268624,4,0,0,False,False,False,4.4645990795181316e-15,True,A,0.009443634947644976,129.56611563569837,A,0.02731873811715095,56.8033749169793,A,0.025560934977449833,36.96680298787399,A,0.006358129290348888,93.08551375838944,0.5151216983795166
ok,0.1,200.0,2.0,2,20276543,4,0,0,False,False,False,1.9771931100410302e-14,True,A,0.011202563977848237,29.240865372195735,A,0.021886543993369294,33.774367475942825,A,0.024286169018565545,44.57187659194114,A,0.013257143159143746,111.90872819051258,0.5500426292419434
ok,0.1,200.0,2.0,3,20284462,4,0,0,False,False,False,6.165443823400527e-15,True,A,0.009778066712784283,39.6071643158774,A,0.017827093422698125,35.09160194674719,A,0.03060775144151536,56.0869488445493,A,0.012509466022871002,131.59187387034953,0.5208101272583008
ok,0.1,200.0,2.0,8,20324057,4,0,0,False,False,False,4.188221586303761e-14,True,A,0.01836952332484045,37.83465779560295,A,0.042375267888109185,82.99285192785779,A,0.02748292923102551,23.493601674732613,A,0.010860867258615943,112.91188134691564,0.5169932842254639
ok,0.1,200.0,2.0,9,20331976,4,0,0,False,False,False,1.4881984624598253e-14,True,A,0.008591614601930054,46.453995079983336,A,0.01687224876149206,123.45044927239445,A,0.026556867760131574,67.80081189598278,A,0.008353043164457698,57.90742942339348,0.5011820793151855
ok,0.1,200.0,2.0,10,20339895,4,0,0,False,False,False,1.4669388891435213e-14,True,A,0.007914771656307851,47.38738862412868,A,0.03900684683190756,70.75164959704897,A,0.02755963957487459,37.125985534722304,A,0.01257128253651683,144.1887456835781,0.5040335655212402
ok,0.1,200.0,2.0,11,20347814,4,0,0,False,False,False,1.2756030670059586e-15,True,A,0.019088279736724525,54.35729976773368,A,0.030485154497849363,141.83150129882245,A,0.030260891173091692,3.2195076848001083,A,0.008390768265067594,105.53964672055628,0.5126123428344727
ok,0.1,200.0,2.0,4,20292381,4,0,0,False,False,False,3.975628511628963e-14,True,A,0.017604054990123835,105.34659778690697,A,0.02784043084744185,96.24627614317872,A,0.02314236698620915,105.05069728726302,A,0.006490206519336207,57.430029282974324,0.5391740798950195
ok,0.1,200.0,2.0,5,20300300,4,0,0,False,False,False,2.763798045882104e-15,True,A,0.013465562354417778,38.31957001157657,A,0.027384875393421684,146.92081529306586,A,0.03425119387807158,143.9009790169902,A,0.012234611183263399,114.55107602757548,0.5607819557189941
ok,0.1,200.0,2.0,6,20308219,4,0,0,False,False,False,1.4881992343570505e-15,True,A,0.00879778877976796,62.80022821599354,A,0.016214791691473614,127.21525161432216,A,0.03345739257526281,62.88756575321552,A,0.005102652777432315,61.8666107846084,0.5205717086791992
ok,0.1,200.0,2.0,7,20316138,4,0,0,False,False,False,2.9339015767083906e-14,True,A,0.0090028980636641,67.46604839759281,A,0.018407114089445637,107.29169071479708,A,0.033908085702038446,103.17523641778862,A,0.009240681114719098,125.72103690817842,0.5602273941040039
ok,0.1,200.0,2.0,12,20355733,4,0,0,False,False,False,3.784277340254672e-14,True,A,0.01554214778778058,80.09167765599418,A,0.012129140015634482,58.00451985472617,A,0.033450889619050635,36.85291567043018,A,0.015196789810066691,28.98014361257486,0.5263087749481201
ok,0.1,200.0,2.0,13,20363652,4,0,0,False,False,False,3.954393496592177e-14,True,A,0.008390874864267026,77.96314518551085,A,0.017943547311413826,50.65705157909378,A,0.028340370979428986,20.42038395003265,A,0.009806011037267161,74.89499171939211,0.5476629734039307
ok,0.1,200.0,2.0,14,20371571,4,0,0,False,False,False,4.464635128272779e-15,True,A,0.00965635675851858,42.25778522440239,A,0.02324803272708922,106.08837614755288,A,0.030474821043850433,72.52075292961621,A,0.005112454428125754,87.34351927925964,0.5381441116333008
ok,0.1,200.0,2.0,15,20379490,4,0,0,False,False,False,1.7220616446003895e-14,True,A,0.006112203470927596,102.92988320534282,A,0.01976973453020115,75.7223859197062,A,0.028364019537352517,47.43497975499044,A,0.012327840487383925,130.15640954038184,0.5083751678466797
ok,0.1,200.0,2.0,16,20387409,4,0,0,False,False,False,1.1055218183402692e-14,True,A,0.016975207261710444,24.72751637929217,A,0.019170288653799997,82.38767548760387,A,0.02716329853855851,10.27726770653271,A,0.009790799645418109,88.62466281151448,0.5450992584228516
ok,0.1,200.0,2.0,17,20395328,4,0,0,False,False,False,2.4023789915413844e-14,True,A,0.012570208340146445,143.28562464521434,A,0.02459628210371815,61.78331206388731,A,0.02998442185667765,33.44923912642152,A,0.01354328253000853,131.82428833998497,0.5368120670318604
ok,0.1,200.0,2.0,18,20403247,4,0,0,False,False,False,2.657511403947741e-14,True,A,0.010521108896919713,65.01317335822414,A,0.014900319122132999,156.30399647506667,A,0.028918398387803686,127.94641924244044,A,0.004498859531539114,87.88867704933315,0.5507321357727051
ok,0.1,200.0,2.0,19,20411166,4,0,0,False,False,False,4.337042381599203e-14,True,A,0.00905508115762849,116.41351205832684,A,0.017377613914606103,39.683770276478924,A,0.03283961197085982,85.25070946017159,A,0.009565572908125305,70.6484667126811,0.5539586544036865
ok,0.1,200.0,2.0,20,20419085,4,0,0,False,False,False,1.7007976745737157e-15,True,A,0.01470658761751926,92.38028562281356,A,0.014357478203282295,67.17639325990801,A,0.030987663408002155,158.1130025627757,A,0.009208675179479485,62.66408759601282,0.509709358215332
ok,0.1,200.0,2.0,21,20427004,4,0,0,False,False,False,3.0614372375911284e-14,True,A,0.01153771963989046,112.96747893815126,A,0.02097884896942043,56.542471430780196,A,0.03551535018244203,22.480401641433836,A,0.00729487713684125,94.15746215661501,0.5384125709533691
ok,0.1,200.0,2.0,22,20434923,4,0,0,False,False,False,2.6787924604408287e-14,True,A,0.013117675006717231,29.354149275858592,A,0.013728429006690648,18.90292489023282,A,0.03134075038114932,84.87937674578933,A,0.008851047555882396,141.2671902405988,0.5248818397521973
ok,0.1,200.0,2.0,23,20442842,4,0,0,False,False,False,2.4236532877504276e-14,True,A,0.011480423372363841,118.60328403742736,A,0.01641631469359001,62.15739927553011,A,0.031129232976782932,51.175272495790885,A,0.013005378621233686,118.28035311440871,0.5484580993652344
ok,0.1,200.0,2.0,24,20450761,4,0,0,False,False,False,1.1480387850767983e-14,True,A,0.010964168038394673,66.43952159682651,A,0.024992939374173233,112.13520628508175,A,0.0332732696115864,113.7605055225729,A,0.013473087810280088,86.73258710738644,0.5455508232116699
ok,0.1,200.0,2.0,25,20458680,4,0,0,False,False,False,6.37800993229357e-16,True,A,0.004856702957703007,49.049104146898706,A,0.01626709077895544,92.55175492048653,A,0.03334414679015509,76.00977881712281,A,0.010552871692473261,106.9870491945747,0.5091564655303955
ok,0.1,200.0,2.0,26,20466599,4,0,0,False,False,False,2.126016404426777e-15,True,A,0.01598763663035656,102.90290112898064,A,0.015927624946732426,62.14553627906319,A,0.023535293519829744,45.2579414764934,A,0.007250787646361475,73.58486972808988,0.5842723846435547
ok,0.1,200.0,2.0,27,20474518,4,0,0,False,False,False,3.2315346603206656e-14,True,A,0.013600766113115717,30.338961750576246,A,0.020859991838833764,130.4987680807479,A,0.03150176359783173,59.48564005942283,A,0.007179431487317976,78.22064590367411,0.5425915718078613
ok,0.1,200.0,2.0,28,20482437,4,0,0,False,False,False,3.380356451475598e-14,True,A,0.006940547395393024,74.64983323334263,A,0.018458745443551135,97.32856467257213,A,0.029177968382012292,74.49626328539675,A,0.012560828925928039,50.65829952517743,0.55596923828125
ok,0.1,200.0,2.0,29,20490356,4,0,0,False,False,False,2.8700990896548464e-14,True,A,0.015205631049864698,76.6259390350327,A,0.01945775987482764,81.61980159949387,A,0.030310317558615463,114.99770151750744,A,0.012332831549881716,38.17561492149603,0.5578017234802246
ok,0.1,200.0,2.0,30,20498275,4,0,0,False,False,False,1.8071021589247168e-14,True,A,0.010153919628220128,98.75042145096974,A,0.018706840416371995,64.4496332229443,A,0.03298423786006801,64.3761556707717,A,0.014697131575841585,67.82467106795536,0.5347497463226318
ok,0.1,200.0,2.0,31,20506194,4,0,0,False,False,False,4.230744586781994e-14,True,A,0.008001376492952104,124.34394751511087,A,0.019592008151844417,64.39183715186348,A,0.03552896907655275,158.58936880155298,A,0.014032149541907638,74.48923077413315,0.5599813461303711
ok,0.1,200.0,2.0,32,20514113,4,0,0,False,False,False,4.9111106723709345e-14,True,A,0.015069107982317004,58.30706759026794,A,0.0236034541724706,112.47538923444408,A,0.02887045034692162,74.89683315668888,A,0.008469955940746619,46.600315406344706,0.5610783100128174
ok,0.1,200.0,2.0,33,20522032,4,0,0,False,False,False,1.7433228359388368e-14,True,A,0.014351157955714044,52.39510262900489,A,0.021121110277316203,70.30767323728487,A,0.032946334566275284,130.24365364970257,A,0.0095492932762245,97.9989909149212,0.5380463600158691
ok,0.1,200.0,2.0,34,20529951,4,0,0,False,False,False,1.0417409188406287e-14,True,A,0.02056109312839396,101.53828241438949,A,0.013212394373220533,64.99203566258802,A,0.032466151926139504,44.58987276415836,A,0.013538659806189958,77.92110267974644,0.5725371837615967
ok,0.1,200.0,2.0,35,20537870,4,0,0,False,False,False,5.95279776628823e-15,True,A,0.008586730012804968,70.20825213904271,A,0.014769417151598088,57.266970810254136,A,0.02880287560090517,59.84067069710958,A,0.003793380892535705,109.3547228452643,0.5777742862701416
ok,0.1,200.0,2.0,36,20545789,4,0,0,False,False,False,2.2323022140333762e-14,True,A,0.005940622542051178,65.41883736303332,A,0.015461284262033722,60.108675651314805,A,0.03251333177961971,69.75094507261504,A,0.010089815848899415,53.912046562073584,0.6155200004577637
ok,0.1,200.0,2.0,37,20553708,4,0,0,False,False,False,9.354476956002766e-15,True,A,0.008511107591513013,72.01440642851227,A,0.01818293082769078,115.4705732345332,A,0.030412292674022384,76.51108592508376,A,0.00630200525403393,91.91729800277982,0.5647027492523193
ok,0.1,200.0,2.0,38,20561627,4,0,0,False,False,False,4.847311008781086e-14,True,A,0.009889891582561943,99.35834018746637,A,0.031219260580835996,51.03330292592793,A,0.03240168365130094,43.916918070278555,A,0.007252774663660325,87.60923009316633,0.5293943881988525
ok,0.1,200.0,2.0,39,20569546,4,0,0,False,False,False,2.5512419551109304e-14,True,A,0.014507592019208006,66.2518567698714,A,0.014196142494489949,78.16670791455189,A,0.0327105503530476,114.58289301145184,A,0.014821352333735983,70.71960039064076,0.5307116508483887
ok,0.1,200.0,2.0,40,20577465,4,0,0,False,False,False,1.211819349363994e-14,True,A,0.0062505550444586725,119.37011831429194,A,0.030368461552623564,117.07342367938726,A,0.03226027008989212,107.82540636562902,A,0.007511212941979842,100.95429856595074,0.5512757301330566
ok,0.1,200.0,2.0,41,20585384,4,0,0,False,False,False,3.1890000207892466e-15,True,A,0.012352338161716103,93.31574265106045,A,0.019677296545026667,84.63176972375304,A,0.034204662707870676,146.98947801293946,A,0.01230788358231884,142.21299787462218,0.5442032814025879
ok,0.1,200.0,2.0,42,20593303,4,0,0,False,False,False,2.2323116287887792e-14,True,A,0.015273798051603352,44.266706559728625,A,0.04043318753130234,37.410771565962506,A,0.029886824401992033,69.41784605158932,A,0.009038406228665878,70.32264803364922,0.5165703296661377
ok,0.1,200.0,2.0,43,20601222,4,0,0,False,False,False,1.7008145967471572e-15,True,A,0.009905539483618532,72.86811894694553,A,0.017094805278006664,62.88012900902612,A,0.03305122437774051,58.49226148545022,A,0.004421530557530878,119.04724209529498,0.5065517425537109
ok,0.1,200.0,2.0,44,20609141,4,0,0,False,False,False,3.529163975648534e-14,True,A,0.011660552755937347,107.78498849120176,A,0.024358296716912177,61.85379015956935,A,0.030822475827067722,30.634129557568436,A,0.004656863994861905,37.43039376382267,0.5456910133361816
ok,0.1,200.0,2.0,45,20617060,4,0,0,False,False,False,2.551205794651711e-14,True,A,0.006607247956927855,85.8465640476656,A,0.03983369942580997,61.665311795184486,A,0.03351876823494884,72.41492670321159,A,0.005947144165984813,70.54006229795905,0.5404608249664307
ok,0.1,200.0,2.0,46,20624979,4,0,0,False,False,False,8.929252917772957e-15,True,A,0.017238707514643497,87.34435270932377,A,0.019018650332747248,94.20900959781277,A,0.031226252888432185,97.91829986322206,A,0.015219994110565446,19.189621651996863,0.5627527236938477
ok,0.1,200.0,2.0,47,20632898,4,0,0,False,False,False,3.2740385830908815e-14,True,A,0.012334506104582662,63.343769082657495,A,0.01573889822400082,39.25430201212553,A,0.03144153070479906,79.26614105739064,A,0.014851858687302509,41.74054865663531,0.5391747951507568
ok,0.1,200.0,2.0,48,20640817,4,0,0,False,False,False,4.7197173142951164e-14,True,A,0.009321161769891029,97.46491466407362,A,0.024385477572323982,147.34125551134497,A,0.032965644645183714,63.83276206919199,A,0.0061506320983403156,84.26150513718706,0.5552692413330078
ok,0.1,200.0,2.0,49,20648736,4,0,0,False,False,False,2.3385999243302147e-15,True,A,0.011774990705879096,56.095729725235884,A,0.026752369315378045,88.85642711606911,A,0.028437805226770967,35.20795207092683,A,0.010094588951458313,140.29102434020723,0.5143892765045166
