gaiadr3_source_id,ra,dec,gal_l,gal_b,hab_score,s_CO,s_MgSi,s_FeH,s_MgFe,s_SiFe,s_volatile,s_age,C_O,C_O_raw,Mg_Si,fe_h,mg_fe,si_fe,al_fe,ca_fe,ba_fe,age,teff,logg,dist_pc,parallax,rv_comp_1,cct_cluster,cct_distance,dist0,ra_g,dec_g,parallax_g,phot_g_mean_mag,ruwe,non_single_star,dist,has_planet,ruwe_v,G,nss_v,constellation,esp_min_1ms
5926741718143504256,251.76470947265625,-60.29327774047852,328.4308719100776,-9.687624801070154,0.9931944521681076,1.0,0.99993134,0.99146897,0.99899566,0.99966764,0.96514803,1.0,0.27077916,0.31267092,1.0246885,0.039270528,0.006724268,-0.0038675833,0.049071684,0.039954156,-0.016589977,5.9338207,5698.509,3.8788695,278.85100832426787,3.586144464778584,-12.04133,UBC_289,1.67691960475363,278.85100832426787,251.76462699864223,-60.2933812095001,3.5630124646600896,10.611984,0.7781313,0,280.6613813222794,False,0.7781313,10.611984,0,Ara,10.492642089340794
5041407258853950464,20.80270767211914,-23.318527221679688,186.7387953769596,-81.8695661374776,0.992827898389698,1.0,0.987412,0.9955934,0.99893516,0.9847284,0.99998623,1.0,0.24672836,0.37128174,0.9563311,-0.028194591,0.0069241747,0.026315916,0.088045865,0.0277241,0.048689984,6.494504,5541.656,3.8512084,240.1177705469701,4.164623041943441,27.933012,UBC_289,1.6169174663989487,240.11777054697012,20.80251457658963,-23.31869350575403,4.1354720418609485,10.144638,1.1724916,0,241.81036405943235,False,1.1724916,10.144638,0,Cetus,6.82254578851931
5481503177467663744,96.10399627685548,-61.15852737426758,270.4931875171588,-26.7388354808352,0.9889457703991402,1.0,0.9888056,0.99882174,0.99399984,0.9999635,0.9501706,1.0,0.333645,0.49674398,0.95997995,0.014567796,-0.01645659,0.0012812559,0.087946355,0.02950438,-0.02993258,6.210183,5468.514,3.8380132,267.38800519255904,3.7398835421949896,-14.381768,UBC_289,0.8939414519083638,267.38800519255904,96.10389429812332,-61.15833807850019,3.732447542384294,10.428668,0.9220776,0,267.92071118063143,False,0.9220776,10.428668,0,Pictor,8.862545116477039
3633381876733629952,203.45574951171875,-5.21447229385376,322.0856185633053,56.07298993048473,0.979365513130824,1.0,0.9905169,0.99103343,0.9742642,0.9998312,0.8946521,1.0,0.31901422,0.4828919,1.0752183,-0.040264875,0.034253113,0.0027564522,0.08038941,0.03301969,-0.06796205,7.6534243,5467.0366,3.8664544,242.5521596894276,4.122824555676748,-41.207645,Gulliver_50,1.077291772897056,242.5521596894276,203.45550705080888,-5.214554875786478,4.089279557060768,10.378406,1.2514948,0,244.54185292207444,False,1.2514948,10.378406,0,Virgo,8.461622751180327
4652356786039719680,69.43383026123047,-74.00108337402344,286.62480540040696,-34.990842901297746,0.9793495188723798,1.0,0.95145345,0.99978584,0.9995983,0.9394678,0.96375376,1.0,0.18094966,0.3198699,0.8938071,-0.006208338,0.0042520836,0.053008292,0.02420026,-0.00854732,-0.017933276,5.6895175,5514.394,3.8201718,287.5333684402867,3.477857215058065,-3.8853164,NGC_2972,2.277263298895053,287.5333684402867,69.43380585833823,-74.0009721724493,3.469589215431369,10.539841,1.0189608,0,288.2185578489791,False,1.0189608,10.539841,0,Mensa,9.818104699155827
3618243285246354432,205.7098693847656,-8.704500198364258,323.8845641892568,52.06377180756858,0.979190243530924,1.0,0.99911755,0.9024889,0.9977893,0.9992734,0.9956082,1.0,0.32842135,0.456824,1.0368085,0.1358963,0.00997965,-0.0057189185,0.0853073,0.034851536,0.026544124,4.7696424,5534.3516,3.816636,251.91640731069103,3.969570742435565,-33.369987,Teutsch_80,1.7233067044440458,251.91640731069103,205.7097064965105,-8.70453269972291,3.9358177422357694,10.084535,1.0533912,0,254.0768057597969,False,1.0533912,10.084535,0,Virgo,6.4551339551657545
6005184485425467392,228.73545837402344,-40.199249267578125,330.5197802376805,14.862540940707824,0.9752256315604886,1.0,0.9808715,0.9721529,0.8963784,0.9810828,0.99851817,1.0,0.17331368,0.19008183,1.0986155,0.07129926,0.07016172,0.029315993,0.082494736,-0.032164034,0.036385283,7.265514,5746.1816,3.9652708,284.0910526519747,3.519998221221872,44.35529,Ruprecht_145,3.142082509218531,284.0910526519747,228.73543602601248,-40.19950670176064,3.4901972213122323,10.873323,1.2577609,0,286.5167601113451,False,1.2577609,10.873323,0,Lupus,13.348130964317546
6249745970569490944,243.48074340820312,-16.558082580566406,357.3068096684021,24.28542971223095,0.974231901509682,1.0,0.97675794,0.9738821,0.9501814,0.9928631,0.9110482,1.0,0.37032014,0.43556786,0.93325174,0.06901967,-0.04795416,-0.017952967,0.04672511,-0.017486326,-0.05791172,5.874141,5654.1904,3.869169,294.2805770796997,3.398117571752522,-10.5224085,IC_2581,1.3906629387062863,294.2805770796997,243.48066852734783,-16.558151971594597,3.363404571693394,11.061915,0.85568434,0,297.3177857983715,False,0.85568434,11.061915,0,Scorpius,15.880247216941724
5796751749778293632,221.70074462890625,-73.15369415283203,311.15348360977066,-12.150784169715658,0.9703433770199668,1.0,0.98763484,0.98029095,0.93061405,0.87948483,0.98984957,1.0,0.17787546,0.29746258,0.9569007,-0.059858583,0.056885667,0.07601878,0.03387542,-0.015378763,0.085711144,7.3910546,5551.0796,3.8788164,292.3303346162725,3.420787655556343,18.852104,BH_54,2.502721576204708,292.3303346162725,221.70093485229356,-73.1536631544965,3.403295655542753,10.848755,0.90344155,0,293.832831823282,False,0.90344155,10.848755,0,Apus,13.049481590924215
5820179215840908544,233.35366821289065,-69.00900268554688,316.6194462682444,-10.560589688882272,0.9639805933606148,1.0,0.9754671,0.90122825,0.99776,0.99017686,0.9089973,1.0,0.2528098,0.40513584,0.93084604,0.13681895,-0.010045469,0.021076672,0.07432988,-0.046695802,-0.059209198,5.323022,5488.956,3.8310628,289.9062748222317,3.44939067156512,83.039345,NGC_2972,2.1821835572659114,289.9062748222317,233.353906550694,-69.00888502570261,3.4305406709899358,10.642515,1.1421062,0,291.49924047145447,False,1.1421062,10.642515,0,Triangulum Australe,10.791883764409665
57517519130999936,51.51408386230469,18.9681396484375,166.26869344371636,-30.601284136373373,0.9617413569895238,1.0,0.99894404,0.934016,0.9999983,0.9999787,0.7971087,1.0,0.30894268,0.36233574,1.0016134,0.11084729,-0.00027881563,-0.0009789243,0.05678153,-0.040118895,-0.11836131,5.9401517,5676.685,3.8853266,259.8079324180297,3.848997183007503,-26.357399,Teutsch_80,1.7471426308448443,259.8079324180297,51.51408173622551,18.96793369715631,3.815748184782768,10.349405,1.1469231,0,262.0718012755683,False,1.1469231,10.349405,0,Taurus,8.23859699371895
4046719972997615360,278.6132202148437,-31.33833312988281,2.9347593965479595,-10.420378811661376,0.9594832103421178,1.0,0.9322823,0.99570245,0.9827449,0.96485823,0.8320011,1.0,0.3470934,0.384444,1.1697941,0.02784276,0.027986705,-0.040122718,0.045308962,0.045463912,-0.10162516,4.609807,5707.126,3.8177102,268.2651979972153,3.7276546024817594,-64.86378,Gulliver_50,1.3523344838112206,268.2651979972153,278.6132247281125,-31.33834438512195,3.695351600750125,10.281236,0.8643617,0,270.610244447919,False,0.8643617,10.281236,0,Sagittarius,7.737232707875868
6704071699950942976,279.197509765625,-49.06855392456055,346.32910628831206,-17.89368540292918,0.9574058066962424,1.0,0.99443305,0.9432665,0.9934768,0.99817276,0.81915265,1.0,0.34219116,0.411003,1.0622658,0.10253373,0.017161213,-0.009071973,0.13324466,-0.002240358,-0.10791013,7.1078176,5647.4272,3.9249077,226.07371472802905,4.4233359955314535,-48.413864,Teutsch_80,1.5465842055812642,226.07371472802902,279.1974348187422,-49.06881569944367,4.395790996036305,10.223475,0.9605132,0,227.49034267136503,False,0.9605132,10.223475,0,Telescopium,7.33637055374932
4760419709395670656,79.13420867919922,-62.44497299194336,271.90801148154634,-34.74407839341605,0.9567095769428388,1.0,0.9976039,0.86983746,0.9986293,0.9972081,0.8628529,1.0,0.30313376,0.3513262,0.99229336,0.1584324,0.0078566,0.011216525,0.08298141,-0.041372497,-0.085789815,6.1572895,5686.553,3.9159448,268.9767971322187,3.717792800947208,32.880814,Teutsch_80,1.86494369330382,268.9767971322186,79.13415397271169,-62.44491118385335,3.7105418009153786,10.41824,0.9165729,0,269.50242138582115,False,0.9165729,10.41824,0,Dorado,8.7778318884795
3620784187898424192,208.05332946777344,-5.585444450378418,329.37033504864246,54.136932899950544,0.9560501357068418,1.0,0.97698784,0.89477736,0.95919776,0.99999255,0.8889695,1.0,0.24697572,0.46459723,1.106313,-0.14146537,0.04329679,-0.0005812198,0.016004443,-0.05568053,-0.07129121,7.3972006,5365.056,3.810172,257.85746397879586,3.8781115138952575,9.578773,UPK_398,2.0326909655285914,257.8574639787959,208.05319238832791,-5.585258758088101,3.844387515080437,10.462351,0.9519351,0,260.11945884156705,False,0.9519351,10.462351,0,Virgo,9.141798806242578
4086022084851927552,282.42333984375,-19.68380546569824,15.090720536817711,-8.46527285129397,0.9526725690414954,1.0,0.9940868,0.8562062,0.9902417,0.9974824,0.98012304,1.0,0.45867258,0.5279412,0.9764361,0.16716444,-0.02100674,-0.01065056,0.14883581,-0.08151533,-9.645894e-05,7.8933544,5646.5605,3.9816904,287.6259485689951,3.4767377734005875,-42.14393,Lynga_6,0.7594234065768397,287.6259485689951,282.42347802703824,-19.68384553307198,3.440888772141976,11.259647,0.7356401,0,290.62258800579986,False,0.7356401,11.259647,0,Sagittarius,19.05241615394867
4116652833916566272,263.4844665527344,-23.34208297729492,3.3581138753404813,5.187687878032701,0.9512733051807424,1.0,0.9898923,0.94557637,0.9770145,0.9943505,0.75496477,1.0,0.35793307,0.41350672,0.96298295,0.10036393,-0.032348458,-0.015967052,0.09831053,-0.017802771,-0.13744473,7.9134994,5672.5474,3.9669137,209.38521775761004,4.775886333855845,3.9565911,IC_2581,1.5757092117289384,209.38521775761004,263.4843499883168,-23.342474711558918,4.7416263328223005,10.943948,0.93250155,0,210.89810326845856,False,0.93250155,10.943948,0,Ophiucus,14.245262584769216
4659898130174908544,85.73016357421875,-66.53825378417969,276.42658225777853,-31.51007288840857,0.9507544904115716,1.0,0.9964228,0.8808619,0.9989096,0.99621123,0.8807533,1.0,0.35364655,0.45874497,0.9861364,0.15110858,0.007006705,0.0130697265,0.15144473,-0.0007272493,-0.075985,7.0392723,5578.5723,3.9186444,225.0854871964976,4.442756449806153,40.226345,Teutsch_80,1.4085024830338655,225.08548719649758,85.73014431310943,-66.53842287195681,4.433245450260698,10.137033,0.7243335,0,225.56838127272982,False,0.7243335,10.137033,0,Dorado,6.774924488697136
5920955881789991040,266.5083312988281,-53.94480514526367,338.3192823876952,-12.777999906573651,0.947031901323334,1.0,0.9981436,0.9190622,0.9980373,0.9971608,0.7655338,1.0,0.33930904,0.4783125,0.99561524,0.12325692,0.0094028115,0.011311278,0.13205835,-0.00018903613,-0.13275045,7.0597415,5514.2363,3.8963115,257.19860793920805,3.888045926890716,10.44677,Teutsch_80,1.3671888690445704,257.19860793920805,266.5083874673634,-53.94477583388439,3.8615639278063623,10.706313,0.88909125,0,258.9624356078108,False,0.88909125,10.706313,0,Ara,11.445017446945522
5815613803039973248,248.97325134277344,-66.36919403076172,322.8711965135396,-12.64132987104078,0.94518195828748,1.0,0.97575986,0.95656264,0.9294724,0.9964844,0.84718806,1.0,0.30027258,0.5868862,1.1086137,0.08940707,0.05736912,0.012588866,0.1618422,0.036674663,-0.093975976,6.702211,5234.141,3.809007,248.34015331564208,4.026735051294717,0.34560102,Teutsch_80,1.843594871148557,248.34015331564208,248.97321002354624,-66.3694093521897,4.00553005071536,10.629718,1.2487669,0,249.65484900591542,False,1.2487669,10.629718,0,Triangulum Australe,10.66543219526842
4078473731372098176,281.5857849121094,-22.79913902282715,11.908584605136213,-9.117360957116937,0.9449835710700334,1.0,0.99943274,0.87688583,0.9829395,0.99594206,0.93277353,1.0,0.33688226,0.45141253,1.0334755,0.15377948,0.027827121,0.013526928,0.18536511,0.021015314,-0.043269027,6.786329,5560.675,3.903558,292.5128683640507,3.418653017191152,26.993877,Teutsch_80,1.563182478148241,292.51286836405063,281.58582942716845,-22.79924617541285,3.3851680181007184,11.40504,0.77730423,0,295.40631208050337,False,0.77730423,11.40504,0,Sagittarius,21.782476745133653
3057522385497196416,116.03050231933594,-4.121305465698242,222.72286092328343,9.758524873035016,0.9446513159590068,1.0,0.9907264,0.9085544,0.9933004,0.9999021,0.7487983,1.0,0.31850395,0.4753256,0.9653979,0.13138533,-0.017392457,-0.00209881,0.09580916,-0.057926275,-0.14015967,5.1162114,5480.426,3.8210368,247.71222726804223,4.036942427221927,80.31877,Teutsch_80,1.8351836118183555,247.71222726804223,116.03038323026792,-4.121298893431799,4.006096427504215,10.209806,1.0395445,0,249.61955312268827,False,1.0395445,10.209806,0,Monoceros,7.244587447686403
5418653237401614208,151.27513122558594,-41.43902587890625,272.4318895021862,11.376960790820055,0.943879677983938,1.0,0.9916142,0.8935981,0.9995276,0.9922624,0.7482761,1.0,0.31945962,0.36274898,0.9680889,0.14230198,0.0046113953,0.01869613,0.0717282,-0.057299852,-0.14038882,7.3022785,5695.857,3.9760551,227.4122597424393,4.397300308842504,41.99418,Teutsch_80,1.5717933887238291,227.4122597424393,151.2751647762253,-41.43900727519868,4.3795393093417525,10.29964,0.91358256,0,228.33451862549913,False,0.91358256,10.29964,0,Vela,7.869502162546513
3392575704830913536,74.90108489990234,14.579667091369627,186.1792170328245,-16.800145835841885,0.94200153789506,1.0,0.99999225,0.9647599,0.9716683,0.98268926,0.67827994,1.0,0.2845689,0.51981956,1.0184289,0.080359705,0.035962984,0.028032243,0.07850137,-0.06393547,-0.17028257,5.955793,5331.604,3.8123894,292.03439171445,3.424254226117984,-26.118597,Teutsch_80,1.7217566266013082,292.03439171444995,74.90098001490317,14.57957943613979,3.391288227021352,11.025532,1.3542981,0,294.8731965723608,False,1.3542981,11.025532,0,Orion,15.356917778786572
6034743270693278464,253.26983642578125,-25.225276947021484,356.39040957100826,11.725580789577254,0.941588959369428,1.0,0.99934566,0.81632715,0.87950337,0.91990274,0.9932693,1.0,0.23278257,0.34907237,1.034472,-0.19112614,0.076012515,0.0612938,0.04971172,0.02039575,0.079054736,7.309291,5557.3364,3.8542597,281.817582796104,3.5483946391077508,10.954377,Berkeley_22,1.517573976261318,281.817582796104,253.2697567951549,-25.22527106109595,3.5142386407287587,10.903993,0.9942553,0,284.5566571405711,False,0.9942553,10.903993,0,Ophiucus,13.730566600915584
5291420603694557952,123.2357940673828,-58.669471740722656,272.88778165194003,-13.200738380189469,0.940420831867535,1.0,0.950838,0.78547806,0.9910775,0.9813948,0.9395329,1.0,0.4564516,0.5156406,0.89298934,0.20847857,-0.020082757,0.029070973,0.061200812,-0.036160655,-0.038298085,7.4313016,5665.687,3.9799774,270.57301856064413,3.695860013388097,53.07195,UBC_343,1.0466251899926418,270.57301856064413,123.23578062154694,-58.669452669592445,3.683611013017594,10.756107,1.3506266,0,271.4727468416394,False,1.3506266,10.756107,0,Carina,11.982130880175548
3419334828554441984,77.66850280761719,25.62958335876465,178.46879750596574,-8.296959819803757,0.9374287656884088,1.0,0.96367985,0.974309,0.9691674,0.9998197,0.81974715,1.0,0.16880918,0.36238307,0.91119385,-0.06844566,-0.037540726,0.0028485022,0.063642934,-0.1953528,-0.10762268,6.33557,5410.687,3.8148632,241.6527110663344,4.138170002675853,25.590979,UPK_398,2.37788570574701,241.65271106633438,77.66860793340558,25.62946829023143,4.108956002346478,11.301647,1.2170346,0,243.37082203580076,False,1.2170346,11.301647,0,Taurus,19.80386964696766
6717481412482565120,285.9840393066406,-40.288082122802734,356.77712705939064,-19.381541158074317,0.9346896145020454,1.0,0.9886675,0.9979137,0.94802266,0.99472404,0.6083494,1.0,0.33506626,0.3726226,1.0803913,0.019389026,0.049009793,0.015428714,0.084530205,-0.017122112,-0.19925034,7.474984,5706.7354,3.948302,245.29493988040423,4.076724943806664,28.565205,Gulliver_50,1.1678073674512353,245.29493988040423,285.9838477424538,-40.28816015149826,4.04638194396092,10.530658,0.9955428,0,247.13435702540738,False,0.9955428,10.530658,0,Corona Australis,9.73541477037627
5912827467203040640,264.6351318359375,-59.31566619873047,332.9730152723243,-14.483818099291668,0.932229874467301,1.0,0.96494985,0.8059842,0.9872424,0.9947288,0.86260575,1.0,0.6046949,0.6641309,0.913148,0.19703907,-0.024037078,0.015421756,0.09720573,-0.08607072,-0.08592162,6.0998845,5665.2183,3.9122946,230.4588186116692,4.33917003490777,-30.88965,UBC_557,0.9674282106915691,230.45881861166916,264.6351410793303,-59.31565613100141,4.315501034192753,10.23459,0.9265134,0,231.72280392861904,False,0.9265134,10.23459,0,Ara,7.411860880049584
5367416545303385600,158.10191345214844,-44.775028228759766,278.5466609642526,11.413836799243992,0.9311602967607188,1.0,0.9887881,0.7928631,0.99859524,0.9978656,0.8238569,1.0,0.38217404,0.4790139,0.9599328,0.20439872,-0.007953495,0.009805672,0.112309724,-0.054514475,-0.105627134,7.0425105,5594.243,3.93478,200.8774457672282,4.978159674325883,41.55881,Gulliver_14,1.7078267081720806,200.8774457672282,158.10131142701715,-44.77497603701055,4.960497674414813,10.00419,0.9225807,0,201.59267590382842,False,0.9225807,10.00419,0,Vela,5.994697308347438
5270853482778481152,117.94570922851562,-68.68936157226562,281.0177614873002,-19.914773332127808,0.9307093686485431,1.0,0.9997663,0.757071,0.9969478,0.9989652,0.9413901,1.0,0.55634356,0.57319874,1.0113531,0.22381619,0.011728369,0.0068255328,0.01574321,-0.14587389,-0.036889017,4.785985,5746.0166,3.8931005,237.66274838702057,4.207643001635055,97.16413,UBC_553,1.0206675029473975,237.66274838702057,117.94540391111371,-68.68913833839447,4.200111001559029,10.099355,0.852326,0,238.08894565615347,False,0.852326,10.099355,0,Volans,6.543848844310471
5496146748204067072,95.51262664794922,-56.484222412109375,265.28124249988554,-26.29608824971966,0.9294860968913452,1.0,0.9932548,0.85818344,0.9994202,0.9990406,0.73219204,1.0,0.35148883,0.4066438,0.97346205,0.16591786,-0.0051087216,0.006572265,0.13475183,-0.033964425,-0.14739314,6.949974,5673.342,3.953505,268.9474592377724,3.718198353069084,19.307417,Teutsch_80,1.6282585974296968,268.9474592377724,95.51279051984814,-56.48437123982102,3.710308353061037,10.521158,0.96099484,0,269.5193781333541,False,0.96099484,10.521158,0,Pictor,9.65060319510755
4247827972649001088,301.0814514160156,4.692166805267334,45.72231713614689,-13.89039892756389,0.9262331752906704,1.0,0.95674217,0.79818964,0.9857691,0.9912752,0.84627116,1.0,0.43650413,0.56558126,0.90104276,0.20142895,-0.02539666,0.019857947,0.06202665,-0.109136,-0.09444523,6.3139863,5533.072,3.8855922,202.17787529457243,4.946139623551804,-33.673916,Lynga_6,1.1712607557375077,202.17787529457243,301.0815782780132,4.692331086752343,4.9147606241993484,9.959466,0.90716594,0,203.46870915262684,False,0.90716594,9.959466,0,Aquila,5.752778584866069
6652413104624531712,274.6590270996094,-55.21591567993164,339.2540749802402,-17.582741472558062,0.9261016482280052,1.0,0.9813675,0.7750933,0.9375351,0.86856514,0.99984527,1.0,0.4826874,0.5524982,0.94242,0.214147,0.05387532,0.07963084,0.11477131,-0.038356848,0.045602538,7.484985,5645.5317,3.9737651,207.53671928629765,4.818424438041234,60.10436,UPK_604,0.9915879370113,207.53671928629765,274.65913725559625,-55.21598308960578,4.793062438171887,10.12759,0.77577984,0,208.63487861873298,False,0.77577984,10.12759,0,Telescopium,6.716256270628003
5608729523346710272,104.1426239013672,-29.275638580322266,239.92072385210463,-11.864456944702882,0.925440054645741,1.0,0.94649637,0.8528616,0.95744854,0.99869347,0.76350206,1.0,0.61111176,0.69559795,0.8873493,0.1692585,-0.044235155,0.0076702274,0.002753228,-0.05268699,-0.1336571,6.4114094,5617.6846,3.906624,222.9283866118932,4.485745468301211,12.249817,UBC_326,1.1604787407195545,222.92838661189316,104.14263073066412,-29.275853051431355,4.469480469015871,10.067675,0.979529,0,223.73965093535548,False,0.979529,10.067675,0,Canis Major,6.355668820969455
6757725286105648256,289.36260986328125,-32.2539176940918,5.761185720242824,-19.18320534048944,0.9247629284068604,1.0,0.9988662,0.9235287,0.9107757,0.91185164,0.84562933,1.0,0.24835911,0.27073535,1.0009466,0.1196646,0.06485089,0.06443998,0.18735284,-0.0074168434,-0.09477316,5.7400775,5735.5405,3.902119,243.0407318975924,4.11453665479151,-14.335157,Teutsch_80,2.380955428977707,243.04073189759237,289.362626501163,-32.25393148424937,4.0824826551887154,10.142965,1.0555449,0,244.9489892453136,False,1.0555449,10.142965,0,Sagittarius,6.8120410916890535
3607428695034107904,200.15545654296875,-16.413583755493164,313.0109743475772,45.88625277584364,0.9191643286625044,1.0,0.999927,0.8941663,0.94914126,0.96168655,0.7626663,1.0,0.33248708,0.4842457,1.0151653,0.14189936,0.048465364,0.041928563,0.18605003,-0.016849877,-0.13402945,7.931948,5490.033,3.9201522,255.34412880698895,3.916283505997061,-1.0109835,Teutsch_80,1.4913167306727433,255.34412880698898,200.1554164360321,-16.413677243618725,3.883469506195187,10.65466,1.2173492,0,257.5017000660695,False,1.2173492,10.65466,0,Virgo,10.913279022408501
4650798640630570752,86.68583679199219,-72.00702667236328,282.7523956949272,-30.681267459589478,0.9153913923332097,1.0,0.93413013,0.9987789,0.8577581,0.9944849,0.60926706,1.0,0.2928654,0.3494926,1.1676639,0.014830541,0.08309329,0.015775416,0.075324744,0.03555479,-0.19887212,6.9629602,5670.548,3.9126635,263.0860822282229,3.801037255678605,-15.908523,UBC_664,1.8911846693640424,263.08608222822284,86.68587717343665,-72.00711791444978,3.793626255825441,10.501709,0.80941695,0,263.6000313590232,False,0.80941695,10.501709,0,Mensa,9.479269247255251
6718251719158762240,285.4512634277344,-39.97222137451172,356.9456347332065,-18.891278088917822,0.9146921508666634,1.0,0.7715201,0.96468335,0.911289,0.89431405,0.9063903,1.0,0.15561137,0.42330936,0.731893,-0.080448575,-0.06465512,0.07089728,0.095338136,-0.042853087,-0.060840677,7.8416214,5270.034,3.8107088,263.54430122257605,3.794428471270381,28.211758,NGC_2972,2.7379922476326706,263.54430122257605,285.4512070866354,-39.97229061129139,3.7633044717641457,10.696369,0.95879006,0,265.7239156445995,False,0.95879006,10.696369,0,Corona Australis,11.340673809412936
6763723023265121792,285.3600769042969,-26.99494361877441,9.47632229662847,-13.979565768416238,0.9141207362819468,1.0,0.9323064,0.7162565,0.98321956,0.9764208,0.9825989,1.0,0.37903053,0.49925447,0.8702335,0.24508986,-0.027595725,0.032768488,-0.020886242,-0.10260517,0.0031568035,4.8098493,5549.871,3.8402195,295.2505162617121,3.386954280932037,-1.90526,Gulliver_14,1.9246718904667304,295.25051626171216,285.360137716051,-26.99497396399986,3.352932281245081,10.906179,1.2416362,0,298.24640527146556,False,1.2416362,10.906179,0,Sagittarius,13.75823930315388
4052738600900216576,275.97100830078125,-26.5709171295166,6.209810397023879,-6.2285874548886175,0.9127985104551264,1.0,0.9951796,0.91272694,0.95818627,0.99216545,0.6208515,1.0,0.29632446,0.45664135,1.0593225,0.12820822,0.043841653,0.018813424,0.14985791,-0.050734907,-0.19409612,5.8296494,5473.7935,3.848967,238.2684470801576,4.196946814630403,-15.842858,Teutsch_80,1.8313016958199737,238.26844708015756,275.9710266228951,-26.571014249021857,4.162497814718856,10.5719,0.57006997,0,240.24036636462284,False,0.57006997,10.5719,0,Sagittarius,10.112330590683763
5608357682257552000,103.44491577148438,-29.797082901000977,240.1498951625256,-12.632725207371506,0.9111527870736036,1.0,0.99730253,0.9080981,0.99732697,0.9949617,0.5713626,1.0,0.37223187,0.43937907,0.9906,0.13172895,0.010974817,0.015076492,0.12802234,-0.06972797,-0.21451163,6.3263803,5650.586,3.9059615,288.5233895370678,3.4659235135303503,0.8585034,Teutsch_80,1.144005376730769,288.5233895370678,103.44490005273424,-29.797032405450093,3.4494925134466654,10.596728,0.91094875,0,289.8977157079896,False,0.91094875,10.596728,0,Canis Major,10.346237870435912
6704589913525264256,280.7296142578125,-47.58549880981445,348.167871417074,-18.32075923231101,0.910310799818544,1.0,0.96928596,0.88267,0.9307567,0.8251551,0.965179,1.0,0.26086336,0.4499855,0.9200871,0.14988232,0.05682505,0.092996106,0.20919958,0.034041822,-0.01655981,5.2949357,5419.1343,3.8196752,288.86748059857143,3.4617950000043907,74.077805,Teutsch_80,2.419477255364887,288.86748059857143,280.72955645323856,-47.58564768965463,3.4332270004030265,10.638871,0.9697365,0,291.271156810374,False,0.9697365,10.638871,0,Telescopium,10.75572423987813
6635404656179291136,273.3974609375,-59.75094604492188,334.5679304395084,-18.67468739873785,0.9089599988989858,1.0,0.90435165,0.799027,0.92047656,0.99544823,0.8462029,1.0,0.40445384,0.49582747,0.8406349,0.20095998,-0.06106446,0.014328122,0.10616395,-0.09667028,-0.09448019,6.955287,5604.6157,3.9328547,258.50371354300995,3.86841638092607,75.81873,Lynga_6,1.505174599054958,258.50371354300995,273.3974395783231,-59.75093737534807,3.8420893799951648,10.688488,1.2289485,0,260.27504857298726,False,1.2289485,10.688488,0,Pavo,11.25865364792722
39936637440306816,57.7777099609375,15.206360816955566,174.27597542097664,-29.245042696830065,0.90717242811016,1.0,0.9984791,0.9241361,0.9161588,0.9138463,0.8139677,1.0,0.24841589,0.5224875,0.9979311,0.11916901,0.06277303,0.06367245,0.21615192,-0.08157505,-0.11040362,7.606512,5257.94,3.853208,210.9905956918844,4.739547735389726,13.114204,Teutsch_80,2.3593872851513367,210.9905956918844,57.77770685302308,15.20654728949066,4.704822736170547,10.558539,1.1251284,0,212.54785909616268,False,1.1251284,10.558539,0,Taurus,9.988651454478997
2579796093735355264,17.271875381469727,9.522666931152344,130.1917762409433,-53.10011135023197,0.9053428010776626,1.0,0.97740084,0.81417733,0.9726217,0.9992239,0.69816715,1.0,0.39862955,0.5545235,0.93447393,0.19236393,-0.035344046,-0.0059112404,0.14283752,-0.08377413,-0.16192476,6.3527646,5482.186,3.87542,214.00399686805164,4.672809922407989,8.612791,Lynga_6,1.4232621308832645,214.00399686805164,17.271888687254886,9.52266035287817,4.63884992272747,10.025191,0.9018951,0,215.57067304562366,False,0.9018951,10.025191,0,Pisces,6.111779241428173
4761749740504836096,74.09833526611328,-60.66344451904297,270.206622746202,-37.395361789784346,0.9010205810354628,1.0,0.99999434,0.8632044,0.99967235,0.9968754,0.55601877,1.0,0.37853107,0.43924096,1.0186551,0.1627227,-0.0038399026,-0.011867047,0.13025174,-0.06853201,-0.2208674,6.450109,5662.801,3.9228199,266.9991397278718,3.74533041948828,23.40623,Collinder_205,1.5774870068141869,266.9991397278718,74.0982066242082,-60.66329599244937,3.7377054194025994,10.452453,1.015505,0,267.5438237612184,False,1.015505,10.452453,0,Dorado,9.05883728777635
