cluster,template_N,age_gyr,R_gal,observed,mc_median,mc_std,enrichment,p_value,significant,centroid_C/O,sigma_C/O,centroid_[Mg/Fe],sigma_[Mg/Fe],centroid_[Si/Fe],sigma_[Si/Fe],centroid_[Fe/H],sigma_[Fe/H]
ASCC_21,23,0.0089125054671134,10.74690595889958,77046,46687.0,37933.2,1.65,0.265,False,0.3878,0.075,0.081,0.0912,0.101,0.0853,-0.1563,0.258
ASCC_41,5,0.2137961713919407,10.8567511785844,19824,20187.5,25943.3,0.982,0.515,False,0.4678,0.0472,0.0263,0.0644,0.1274,0.11,-0.1905,0.2171
ASCC_67,12,0.0371535375952047,7.93410600656129,128378,40751.0,40894.9,3.15,0.025,False,0.4077,0.0799,0.0192,0.0569,0.0624,0.0728,-0.0071,0.2311
ASCC_71,13,0.1288248533293804,7.761035268732659,159806,111327.0,66847.5,1.435,0.32,False,0.4588,0.1022,-0.0105,0.0844,0.0705,0.0922,-0.0712,0.1557
ASCC_97,5,0.1122018947073786,6.457943843908244,20767,7963.5,8933.8,2.608,0.195,False,0.4546,0.0818,0.0013,0.0481,0.0633,0.0641,-0.0141,0.1676
Alessi_5,12,0.0676082856622264,7.722151846403915,105230,68091.5,59126.4,1.545,0.32,False,0.4719,0.103,0.0272,0.1012,0.0966,0.0946,-0.0454,0.2233
Alessi_59,6,,8.317163492788827,50648,19599.0,23158.9,2.584,0.18,False,0.4139,0.1014,0.0323,0.0643,0.0857,0.0603,-0.2104,0.1728
Alessi_8,10,0.1174896729347291,6.939686881538463,186776,64775.0,70539.1,2.883,0.105,False,0.6095,0.1504,0.0144,0.0655,0.064,0.0641,0.1255,0.1486
BH_151,12,0.0158489249640271,8.013176658977198,257369,172125.5,85347.8,1.495,0.03,False,0.4511,0.1004,0.0437,0.1624,0.0321,0.0776,-0.0062,0.1547
BH_211,12,0.4265796312095559,7.617168122998576,55781,20741.0,24272.4,2.689,0.16,False,0.4895,0.0767,-0.0082,0.0411,0.0353,0.0395,0.05,0.1365
BH_23,12,0.0288403175645028,9.01021386923635,78766,32329.5,29509.0,2.436,0.11,False,0.3789,0.0864,0.0206,0.0612,0.0771,0.0674,-0.1636,0.1651
BH_54,5,0.0087096370470987,8.173165567260563,14669,23470.0,26886.7,0.625,0.595,False,0.3517,0.1082,0.0302,0.1608,0.1239,0.1089,-0.1184,0.2983
BH_66,8,0.7244353873869618,8.112433711147755,56827,17043.5,18369.0,3.334,0.03,False,0.4672,0.1378,0.0176,0.0523,0.0429,0.0538,-0.028,0.1931
BH_72,15,0.2238723104986867,8.11219413090902,96399,68960.5,57498.6,1.398,0.37,False,0.4372,0.1027,-0.0185,0.0848,0.0769,0.071,-0.0702,0.1598
BH_78,8,0.3388439477987164,8.099421543717595,63596,28891.5,32895.1,2.201,0.255,False,0.4598,0.1547,-0.0293,0.041,0.0433,0.0344,0.0471,0.2211
Basel_18,9,0.0275422906622152,7.825665633295281,152367,48509.0,48205.4,3.141,0.02,False,0.4599,0.108,0.0567,0.0868,0.0355,0.0396,-0.0504,0.0967
Berkeley_20,5,4.786304286528699,8.157030297230866,3036,2100.0,2239.9,1.446,0.38,False,0.5336,0.0857,0.0031,0.0588,0.072,0.0754,-0.0335,0.2083
Berkeley_22,15,2.454710856206481,8.186278877806851,159041,56660.0,56313.4,2.807,0.095,False,0.3439,0.0826,0.0569,0.0867,0.0833,0.0877,-0.2092,0.22
Berkeley_32,36,4.897783461428336,8.369538558317311,243663,110323.0,74575.4,2.209,0.015,False,0.3995,0.114,0.0488,0.0949,0.0693,0.0884,-0.2584,0.1955
Berkeley_33,9,0.2344228197592381,8.223338674296674,92709,143920.0,85788.5,0.644,0.63,False,0.424,0.1392,0.0517,0.0859,0.1373,0.0646,-0.1654,0.1295
Berkeley_39,14,5.62341325190349,8.266476124475377,144564,42026.0,39962.2,3.44,0.01,False,0.3923,0.07,0.038,0.0711,0.0534,0.0833,-0.1537,0.2115
Berkeley_73,13,1.4125363038976315,8.225464554655993,56857,37538.5,38092.6,1.515,0.39,False,0.4053,0.103,0.0634,0.0686,0.0986,0.0311,-0.2813,0.1865
Berkeley_78,24,3.890452816839944,8.279186783481464,235679,110644.5,74989.9,2.13,0.025,False,0.423,0.1185,0.0595,0.0842,0.0821,0.0791,-0.2044,0.1706
Bochum_11,10,0.0063095762158615,8.010266019053734,76751,20287.5,24703.8,3.783,0.06,False,0.435,0.0747,0.0084,0.0525,0.0306,0.0347,-0.0628,0.1109
Bochum_6,11,0.006456541439665,8.268216043028982,63979,36393.5,34438.3,1.758,0.305,False,0.4919,0.1542,-0.0111,0.0464,0.0515,0.0333,-0.1009,0.1174
Collinder_115,17,0.0954992627963111,8.533430328831452,163956,77163.5,58546.6,2.125,0.12,False,0.4034,0.0913,0.011,0.08,0.0774,0.0745,-0.2114,0.1913
Collinder_135,31,0.0263026845396328,9.750136260141739,118565,46087.5,48133.3,2.573,0.15,False,0.4507,0.104,0.0548,0.0793,0.0792,0.0605,-0.2101,0.2202
Collinder_185,22,0.0616594947701844,8.305324180959945,73122,20095.5,28983.1,3.639,0.1,False,0.4318,0.0843,0.0251,0.0521,0.0785,0.0549,-0.1427,0.1668
Collinder_205,6,0.0045708802901852,8.143043772693916,16369,4519.5,5217.7,3.622,0.05,False,0.4671,0.0585,0.0165,0.0158,0.0097,0.0529,0.0673,0.2511
Collinder_220,6,0.2344228197592381,8.038272545103776,34860,21129.0,22672.6,1.65,0.38,False,0.4666,0.0743,-0.0778,0.0753,-0.0483,0.074,0.0935,0.0849
Collinder_261,64,6.309576215861531,7.961790737007221,170438,63105.0,52733.1,2.701,0.025,False,0.4934,0.1068,0.0212,0.0623,0.0497,0.0647,-0.0493,0.1367
Czernik_26,33,0.5248077829311784,8.171287846409843,157402,59563.0,53940.2,2.643,0.065,False,0.388,0.0874,0.0185,0.0678,0.0697,0.0586,-0.1383,0.1726
Czernik_30,5,2.8840317564502844,8.19808427349671,24476,21951.5,19926.1,1.115,0.46,False,0.3929,0.1049,0.092,0.0708,0.1342,0.0961,-0.3179,0.216
Czernik_39,18,0.1380385355838289,7.926051765416376,188513,115953.0,82461.9,1.626,0.275,False,0.5353,0.0879,-0.0014,0.0927,0.0691,0.0785,0.062,0.1381
DBSB_101,6,0.0112201894707378,7.662495137083747,2382,2263.5,3302.0,1.052,0.48,False,0.5213,0.0481,0.0715,0.0814,0.1142,0.0361,-0.009,0.2046
DBSB_104,5,0.0269153374005781,7.297835519201152,4859,1278.5,2533.4,3.801,0.185,False,0.5759,0.1407,0.0137,0.058,0.0633,0.0215,0.0322,0.1307
DBSB_43,11,0.0245470816103821,8.08227350894597,102248,52438.0,44483.0,1.95,0.225,False,0.4434,0.059,-0.0126,0.093,0.0738,0.0648,-0.0471,0.156
DBSB_60,8,,8.051731066670042,197527,89692.5,65899.4,2.202,0.05,False,0.4157,0.1001,-0.0038,0.1536,0.0181,0.1445,-0.081,0.2456
DC_5,17,,8.066995080305261,80890,31799.0,31869.2,2.544,0.155,False,0.439,0.1273,-0.0025,0.0371,0.0549,0.0455,-0.0545,0.1376
Danks_1,5,,8.031045037027845,40720,12074.0,12406.2,3.373,0.035,False,0.467,0.1229,-0.01,0.058,0.0277,0.0645,0.0046,0.0724
Dolidze_32,15,0.102329353157667,7.7159245391817155,115655,81162.5,55247.3,1.425,0.295,False,0.4991,0.0967,-0.0041,0.0758,0.0588,0.0628,0.0876,0.1352
ESO_130_08,18,0.1778279410038923,7.812714349776171,93459,42172.0,43780.6,2.216,0.225,False,0.4376,0.0891,0.0235,0.0713,0.0797,0.0559,-0.0709,0.1761
ESO_166_04,5,0.1995263191254866,8.109515673933407,47466,25955.0,26806.7,1.829,0.345,False,0.45,0.2468,0.0648,0.1008,0.1315,0.1109,-0.1501,0.3387
ESO_211_03,18,1.288248533293805,8.125653285403454,168552,68144.5,54030.6,2.473,0.045,False,0.4364,0.1433,0.0009,0.069,0.0443,0.0678,-0.0535,0.1621
ESO_226_06,5,0.0323593827469971,7.77721064001974,24694,7895.0,8973.1,3.128,0.1,False,0.4231,0.086,0.0227,0.0514,0.0596,0.0484,-0.061,0.1562
ESO_312_04,13,0.044668369023895,8.150717747171036,105399,71606.5,50804.0,1.472,0.34,False,0.4536,0.0886,-0.0407,0.0789,0.0325,0.0749,-0.0065,0.127
ESO_371_25,16,2.041739917404129,8.150676952045217,138877,72764.0,51677.2,1.909,0.17,False,0.4166,0.1182,0.0203,0.0492,0.0802,0.0633,-0.0643,0.1711
FSR_0088,19,0.1659587927845761,7.9193914888982775,208142,93553.0,69938.0,2.225,0.055,False,0.4695,0.0937,-0.0056,0.0873,0.0391,0.0673,0.0404,0.1295
FSR_1032,6,,8.528463002690572,103321,34598.5,34032.2,2.986,0.045,False,0.5316,0.2334,0.0362,0.0882,0.0639,0.0581,-0.1331,0.2832
FSR_1171,15,,8.276351425559795,107309,84128.5,63166.4,1.276,0.4,False,0.4217,0.0946,0.0041,0.08,0.0941,0.0693,-0.1273,0.2149
FSR_1252,10,0.8511386362915022,8.282625291767362,161569,106071.5,72119.3,1.523,0.285,False,0.3767,0.091,-0.0236,0.106,0.074,0.0523,-0.1972,0.1297
FSR_1260,14,0.1412536303897631,8.312187114098625,41067,17817.0,18024.6,2.305,0.155,False,0.4559,0.0848,0.0048,0.0664,0.0474,0.064,-0.1416,0.1346
FSR_1297,23,,8.527437014557021,166265,72408.0,54125.2,2.296,0.07,False,0.4275,0.0796,0.0289,0.0693,0.0753,0.0734,-0.1501,0.1534
FSR_1335,7,0.0112201894707378,8.172641894454095,116636,56652.5,45844.5,2.059,0.195,False,0.43,0.177,0.0374,0.082,0.0835,0.0854,-0.2329,0.2079
FSR_1361,10,0.2884031756450284,8.242149428022817,199764,114585.5,71514.2,1.743,0.175,False,0.5231,0.1259,0.0375,0.1099,0.0657,0.1342,-0.0831,0.2324
FSR_1363,21,0.2238723104986867,8.198598648230409,115689,65333.5,51596.9,1.771,0.26,False,0.4679,0.0874,0.0015,0.0702,0.0656,0.0726,-0.1272,0.1403
FSR_1419,20,1.621810239813303,8.125772676115016,160813,111510.5,73915.1,1.442,0.365,False,0.4311,0.1336,0.0331,0.096,0.0859,0.0652,-0.0701,0.1832
FSR_1586,19,,8.042508430818513,177013,81816.0,61558.1,2.164,0.1,False,0.4265,0.0847,-0.0074,0.1114,0.0348,0.0949,-0.0293,0.1602
FSR_1591,6,,8.019570511855886,66574,44067.5,29468.1,1.511,0.26,False,0.4611,0.0566,0.0176,0.1094,0.0817,0.0961,-0.0848,0.1259
FSR_1595,8,0.6918312139914402,8.04622053284052,72546,44680.0,39577.8,1.624,0.31,False,0.4752,0.0839,-0.0415,0.0773,0.023,0.078,0.0481,0.1549
FSR_1750,7,,7.876064381206517,37604,14282.5,16457.6,2.633,0.175,False,0.5724,0.1383,-0.0113,0.0251,0.071,0.0707,0.1858,0.0987
Ferrero_11,12,0.2818381693478142,9.223749558417817,40064,11578.5,16251.3,3.46,0.135,False,0.4094,0.0877,0.0457,0.0367,0.0782,0.0434,-0.157,0.1737
Gulliver_1,20,1.380385355838289,8.036145623425135,100728,52566.5,44839.2,1.916,0.22,False,0.4273,0.0833,0.0035,0.0967,0.0703,0.0981,-0.0714,0.202
Gulliver_27,19,0.602559215586761,8.085432598834823,145232,46559.0,48488.3,3.119,0.07,False,0.4038,0.1068,-0.0043,0.064,0.0477,0.0533,-0.0434,0.1645
Gulliver_39,9,0.6165949477018448,8.02487592681452,79412,21101.5,24313.6,3.763,0.045,False,0.4597,0.1077,0.0375,0.0565,0.0289,0.0544,-0.0191,0.1085
Gulliver_46,10,0.0117489801933541,8.033492248104245,60442,21791.5,22910.0,2.774,0.125,False,0.4637,0.0739,0.0265,0.0426,0.0765,0.0507,0.0449,0.1164
Gulliver_50,5,0.0407380403044348,7.8963218776503385,52124,14121.0,16182.3,3.691,0.045,False,0.4022,0.0814,0.021,0.0431,0.0076,0.0432,-0.0373,0.1175
Gulliver_52,6,0.4786304286528699,8.010499266402352,14890,3121.0,5678.2,4.771,0.105,False,0.4523,0.0838,-0.0203,0.0476,0.0448,0.0511,-0.0038,0.0771
Gulliver_7,7,0.4786304286528699,8.112972807393442,19051,7192.5,9925.6,2.649,0.205,False,0.4194,0.0476,0.007,0.0436,0.0751,0.0589,-0.0997,0.1458
Haffner_26,16,0.5370312303176601,8.232250807240334,82368,27318.0,28516.9,3.015,0.065,False,0.425,0.0908,0.001,0.0475,0.0496,0.0624,-0.1003,0.2339
Haffner_9,12,0.3801893295314407,8.334606299345422,124487,55400.5,51525.0,2.247,0.2,False,0.4058,0.1113,0.0259,0.0855,0.076,0.0831,-0.1501,0.209
Hogg_4,22,1.4791086480080835,8.090078004854131,181610,72362.5,56112.0,2.51,0.01,False,0.4406,0.1221,0.0171,0.0858,0.0531,0.0551,-0.0641,0.1485
IC_2391,9,0.0288403175645028,10.39273223059499,60811,16599.5,18477.1,3.663,0.02,False,0.4736,0.0787,0.049,0.0627,0.059,0.0428,-0.0471,0.1197
IC_2581,11,0.0102329353157667,8.040517359652346,114817,62129.0,46494.2,1.848,0.17,False,0.4659,0.0986,-0.0264,0.0942,0.0015,0.0818,0.0279,0.1702
IC_2602,60,0.0363078006932764,8.552968221772575,138837,60712.5,51273.3,2.287,0.135,False,0.4106,0.0966,0.0262,0.0641,0.0758,0.0645,-0.0825,0.1747
IC_2714,11,0.5248077829311784,7.876232601953072,166107,134459.5,71297.5,1.235,0.34,False,0.4162,0.0695,0.0048,0.1316,0.094,0.1881,-0.0794,0.1811
Juchert_13,11,2.290865841769215,7.999074476110636,148487,144840.0,82624.6,1.025,0.49,False,0.4271,0.1674,-0.0155,0.1044,0.0978,0.061,0.0113,0.2352
LP_2059,21,0.2691536695250797,8.014571135207502,149097,41269.0,43693.3,3.613,0.03,False,0.4671,0.1057,0.0125,0.0683,0.0516,0.0486,-0.0403,0.1458
LP_2068,6,0.2238723104986867,7.686241716203378,118786,44438.5,46370.0,2.673,0.15,False,0.5487,0.1178,0.0008,0.0698,0.0551,0.0439,0.0507,0.0853
LP_2094,7,0.1479108648008083,7.908273102899573,87902,54712.5,49297.3,1.607,0.355,False,0.4726,0.1218,-0.0362,0.0471,0.1081,0.1375,-0.0213,0.1815
LP_2117,19,0.6309576215861531,7.595386112379418,244454,149588.0,82941.3,1.634,0.095,False,0.5064,0.1002,0.0038,0.119,0.0449,0.0845,-0.0018,0.1395
LP_2210,7,0.1288248533293804,7.53394624837037,99113,61340.0,57619.7,1.616,0.38,False,0.4329,0.0755,0.0312,0.1056,0.1202,0.1165,-0.1157,0.259
LP_2220,9,0.4570880290185208,8.278028034489486,71486,56208.0,47100.9,1.272,0.43,False,0.4069,0.094,-0.0211,0.079,0.0637,0.0713,-0.1205,0.2129
LP_597,7,0.5370312303176601,7.809085785461218,60390,18172.5,22806.1,3.323,0.1,False,0.5414,0.1023,0.0355,0.0516,0.0465,0.0288,0.0527,0.161
LP_930,6,2.290865841769215,8.446984102653285,30266,22673.5,18281.8,1.335,0.375,False,0.435,0.0884,-0.0119,0.0413,0.101,0.1404,-0.0604,0.2513
Lynga_14,14,,7.831621789590472,167532,65870.0,58308.4,2.543,0.08,False,0.4467,0.1313,-0.0137,0.0742,0.0552,0.0472,0.0258,0.152
Melotte_101,30,0.1659587927845761,7.984207694694736,114072,30207.0,37589.6,3.776,0.055,False,0.4556,0.0981,0.0254,0.0527,0.0654,0.0476,-0.0249,0.1704
Muzzio_1,17,0.0077624687798841,8.156611704805911,126796,36085.5,45623.4,3.514,0.09,False,0.4439,0.106,0.0122,0.0532,0.0598,0.0439,-0.0383,0.1624
NGC_2112,29,2.089294662720361,8.900298093391058,212113,113706.5,77741.2,1.865,0.12,False,0.4025,0.0985,0.0215,0.1066,0.0732,0.0881,-0.1153,0.2099
NGC_2232,42,0.0177827941003892,10.768726945796992,200448,90487.0,67581.4,2.215,0.05,False,0.427,0.1177,0.0451,0.0745,0.0815,0.077,-0.1899,0.2222
NGC_2254,12,0.3467368199963294,8.454981314416228,44128,16669.0,17816.1,2.647,0.15,False,0.4337,0.065,0.0068,0.0366,0.0505,0.0395,-0.0792,0.1393
NGC_2287,9,0.1698241862446276,9.024720173352616,55339,33913.5,37466.7,1.632,0.34,False,0.4915,0.0743,0.0289,0.1052,0.0883,0.1022,-0.1394,0.2173
NGC_2318,9,0.4365161773191,8.631914268674809,60800,46902.5,32320.4,1.296,0.37,False,0.4808,0.1577,0.0402,0.0705,0.083,0.0498,-0.1042,0.2412
NGC_2516,15,0.239883355113592,8.29790857556246,245377,113355.5,75797.0,2.165,0.015,False,0.4427,0.1339,0.0502,0.0716,0.0746,0.0753,-0.1808,0.208
NGC_2527,9,0.6918312139914402,8.856447313305324,126555,53172.5,41812.0,2.38,0.03,False,0.3818,0.0914,0.0143,0.0357,0.0671,0.0929,-0.1982,0.1883
NGC_2533,24,1.047129651766654,8.251888197669393,190623,89420.0,60494.5,2.132,0.015,False,0.395,0.112,0.0287,0.0979,0.0673,0.1162,-0.1923,0.2017
NGC_2539,22,0.6918312139914402,8.580156632967322,82875,45164.0,43218.3,1.835,0.28,False,0.4857,0.097,-0.0349,0.0574,-0.005,0.0516,0.033,0.1189
NGC_2547,7,0.0323593827469971,8.736343850741868,44493,8685.5,13477.0,5.123,0.025,False,0.472,0.0353,0.0154,0.0587,0.0271,0.0478,-0.0224,0.0911
NGC_2548,19,0.3890452816839944,9.00248212695831,158223,64078.5,55968.3,2.469,0.1,False,0.4405,0.0889,0.0468,0.0811,0.085,0.0744,-0.1085,0.1969
NGC_2587,7,0.3162277660168379,8.229722434868743,24283,9734.0,15103.3,2.495,0.305,False,0.4624,0.091,0.1083,0.0568,0.1031,0.0645,-0.2051,0.2566
NGC_2588,10,0.5495405842387225,8.18465705193287,88131,26670.5,26291.5,3.304,0.004975124378109453,True,0.4137,0.0882,0.0207,0.0425,0.0481,0.0465,-0.1248,0.1608
NGC_2632,15,0.6760828566222641,12.343220166884585,170957,75622.0,50165.0,2.261,0.004975124378109453,True,0.4474,0.1576,0.0527,0.0722,0.0679,0.0825,-0.1464,0.2048
NGC_2660,6,0.9332548746146908,8.149605102120955,16063,4217.0,6723.5,3.809,0.14,False,0.4098,0.0429,0.0797,0.0611,0.0722,0.0829,-0.1541,0.1975
NGC_2670,9,0.102329353157667,8.175837691915653,47359,12315.0,17908.2,3.846,0.12,False,0.4665,0.1323,0.0523,0.0947,0.0803,0.0641,-0.1203,0.1223
NGC_2682,41,4.265796312095559,8.92057835084774,107037,29869.5,32862.7,3.583,0.05,False,0.4825,0.0916,0.0118,0.0501,0.0365,0.0432,-0.0373,0.1076
NGC_2910,14,0.1288248533293804,8.087048411398431,111938,80333.5,59656.4,1.393,0.325,False,0.4195,0.1054,-0.0225,0.0834,0.0735,0.0682,-0.0832,0.1631
NGC_2925,15,0.1288248533293804,8.09081512919616,139283,89721.5,60050.0,1.552,0.23,False,0.4587,0.0923,-0.0104,0.0898,0.0651,0.0961,-0.038,0.1435
NGC_2972,6,0.4897783461428336,8.09676151083867,99302,39902.0,48582.8,2.489,0.225,False,0.3531,0.0846,-0.0228,0.0906,0.0783,0.0693,0.002,0.0555
NGC_3105,11,0.021877623926123,8.10470590115623,155485,33150.0,45766.3,4.69,0.005,True,0.4596,0.154,0.0264,0.0531,0.0488,0.0411,-0.0147,0.1288
NGC_3228,30,0.0301995185303324,7.995186050938588,139808,55885.5,56291.7,2.502,0.195,False,0.5433,0.1394,0.0386,0.0536,0.07,0.0582,-0.0701,0.1733
NGC_3255,20,0.2238723104986867,8.08958499534684,182587,72218.5,62199.7,2.528,0.045,False,0.4811,0.1076,0.0161,0.0741,0.0591,0.0671,-0.0302,0.1994
NGC_3766,8,0.0229086835704537,7.9454546263332775,45668,11596.5,15075.2,3.938,0.055,False,0.4983,0.0816,-0.0032,0.0352,0.0329,0.0381,0.1096,0.1978
NGC_4349,8,0.3162277660168379,7.890496807832344,32711,11340.0,14012.5,2.885,0.15,False,0.4615,0.0719,0.0271,0.0474,0.0698,0.0372,0.035,0.1194
NGC_5168,16,0.602559215586761,7.953722185567665,143545,54438.0,50640.6,2.637,0.08,False,0.455,0.0789,0.0406,0.107,0.0598,0.0607,0.0095,0.1489
NGC_5381,5,0.3548135450617081,7.875471168674564,13583,5545.0,7131.5,2.45,0.27,False,0.4523,0.0569,-0.0043,0.0347,0.0503,0.0359,0.001,0.1716
NGC_5460,16,0.1584892496402718,7.242421685147959,54924,13862.5,17909.3,3.962,0.045,False,0.438,0.0546,0.0345,0.0315,0.0573,0.0435,0.0571,0.13
NGC_5617,5,0.1047129651766653,7.845895241375126,80518,22747.5,29581.0,3.54,0.115,False,0.3927,0.134,0.007,0.063,0.0535,0.0526,-0.0304,0.2307
NGC_5662,12,0.1995263191254866,7.237514748619448,60152,25163.5,31408.0,2.39,0.255,False,0.4404,0.073,-0.0007,0.0769,0.0552,0.0572,0.0506,0.1081
NGC_5749,8,0.0524807206714521,7.469217891300027,138649,92407.0,71144.9,1.5,0.355,False,0.5412,0.1408,0.0225,0.0713,0.1109,0.081,-0.0098,0.2013
NGC_5822,6,0.9120109194638908,7.231381963639439,30801,11511.5,12744.0,2.676,0.145,False,0.5126,0.0632,0.0277,0.069,0.0586,0.0658,0.0734,0.1206
NGC_6124,7,0.1905459546378596,6.679404453445096,198655,129633.5,77047.0,1.532,0.215,False,0.499,0.2068,0.0134,0.0958,0.0541,0.0833,-0.0503,0.1512
NGC_6152,17,0.2238723104986867,7.598689568507118,162766,53530.0,51902.7,3.041,0.025,False,0.4938,0.1016,0.0222,0.0664,0.0432,0.0568,0.1014,0.132
NGC_6167,19,0.1548815122441698,7.534191238319879,197903,105025.0,70899.9,1.884,0.15,False,0.5154,0.0931,0.0143,0.0839,0.0578,0.0674,0.0939,0.1359
NGC_6178,19,0.016595861056887,7.111773681509075,179037,75306.0,55557.2,2.377,0.05,False,0.5036,0.0965,0.0321,0.0652,0.0495,0.0529,0.0822,0.1122
NGC_6204,5,0.0933253849940474,7.378756093800121,57928,18765.0,23910.4,3.087,0.145,False,0.4633,0.0922,-0.0214,0.0775,0.0362,0.0672,0.0698,0.051
NGC_6250,8,0.0239883355113592,7.197664146972901,20248,22620.5,24007.1,0.895,0.56,False,0.5548,0.0796,-0.0063,0.0494,0.099,0.0486,0.1138,0.1316
NGC_6318,10,0.0097723670593248,7.72159927400992,127503,96004.5,64477.6,1.328,0.34,False,0.5071,0.0921,0.007,0.1048,0.0623,0.1026,0.0284,0.186
NGC_6645,7,0.512861429039393,7.601919955676203,7601,5465.0,7986.5,1.391,0.42,False,0.5534,0.1361,0.0303,0.0334,0.0947,0.0224,0.012,0.2048
NGC_6694,7,0.1412536303897631,7.6464230323238045,78184,27189.5,31719.1,2.876,0.16,False,0.4827,0.124,0.0352,0.0871,0.0607,0.038,0.0523,0.1705
NGC_6756,6,0.0478629903136986,7.905993893082766,23922,14532.0,18587.6,1.646,0.385,False,0.4917,0.0723,0.0404,0.0806,0.0783,0.0394,0.044,0.1207
Patchick_90,58,1.096478099832217,8.228316060191462,223796,110782.5,70328.7,2.02,0.03,False,0.4112,0.1144,0.0169,0.0739,0.0575,0.0652,-0.1231,0.1948
Pismis_15,17,0.8709627484287175,8.11422551916476,164958,88267.5,62915.3,1.869,0.165,False,0.3888,0.1005,0.0496,0.1004,0.1088,0.1206,-0.2158,0.1948
Pismis_20,7,,7.899618041884845,61558,40779.5,46862.7,1.51,0.395,False,0.4871,0.1653,0.081,0.1844,0.1159,0.1012,-0.0237,0.358
Pismis_21,11,,7.900957576031137,76171,53166.0,51596.2,1.433,0.42,False,0.44,0.1146,0.0592,0.1491,0.1061,0.0822,-0.0457,0.2848
Pismis_23,6,,7.972252828225741,26258,12468.5,14861.8,2.106,0.235,False,0.5088,0.0811,0.0424,0.1009,0.0775,0.0534,-0.0362,0.2132
Pozzo_1,14,0.0095499262796311,8.929433311393861,30351,22261.0,28218.6,1.363,0.425,False,0.4125,0.0671,0.0312,0.0529,0.0987,0.0475,-0.1804,0.1868
Ruprecht_1,27,0.2884031756450284,8.580840172129788,142929,69348.5,57849.6,2.061,0.165,False,0.3975,0.1122,0.047,0.073,0.0856,0.0722,-0.1871,0.2381
Ruprecht_105,7,0.3890452816839944,7.895279338125178,38414,17057.0,23186.6,2.252,0.29,False,0.5101,0.066,0.0497,0.0457,0.0909,0.0698,-0.0775,0.2084
Ruprecht_119,26,0.0478629903136986,7.737952588107533,147720,69988.5,53825.4,2.111,0.12,False,0.4946,0.1155,0.0233,0.0481,0.0697,0.0595,0.0259,0.162
Ruprecht_121,20,0.1778279410038923,7.693324722681464,170098,105905.0,75624.1,1.606,0.28,False,0.5513,0.108,-0.0116,0.0741,0.0713,0.0931,0.1424,0.1051
Ruprecht_161,21,0.1047129651766653,7.917002174742891,110267,44043.5,45049.6,2.504,0.155,False,0.4634,0.0998,0.0054,0.0531,0.0591,0.0908,-0.0861,0.2052
Ruprecht_18,28,0.1288248533293804,8.30972310007324,118446,42191.5,45639.5,2.807,0.13,False,0.4006,0.1011,0.0286,0.0679,0.0775,0.0688,-0.1472,0.1741
Ruprecht_54,35,0.2754226042194985,8.189864753048372,161131,106055.0,68828.5,1.519,0.29,False,0.4467,0.1005,0.0025,0.075,0.0783,0.0895,-0.1458,0.1785
Ruprecht_58,27,0.3311314705081584,8.214830764582993,145149,48003.0,45639.1,3.024,0.025,False,0.4086,0.0752,0.017,0.0646,0.0527,0.08,-0.1431,0.1708
Ruprecht_61,17,,8.203032955976518,151469,50530.0,52521.8,2.998,0.055,False,0.4294,0.0751,0.0394,0.0654,0.081,0.0667,-0.1773,0.1439
Ruprecht_77,7,0.0123026920306321,8.098262237234328,19051,7019.5,9837.7,2.714,0.195,False,0.4194,0.0476,0.007,0.0436,0.0751,0.0589,-0.0997,0.1458
Ruprecht_78,20,,8.1129283085481,227541,105057.0,76968.6,2.166,0.085,False,0.4723,0.1189,0.031,0.0849,0.0817,0.086,-0.08,0.2105
Ruprecht_82,16,0.4570880290185208,8.075441059539074,169877,65537.5,57327.2,2.592,0.06,False,0.3976,0.1117,0.0029,0.0673,0.044,0.0568,-0.0704,0.1443
Ruprecht_91,23,0.1380385355838289,7.902365407363508,135723,95470.5,71216.3,1.422,0.365,False,0.4556,0.0989,-0.0074,0.103,0.0703,0.0637,-0.0325,0.1609
Ruprecht_97,16,0.1778279410038923,8.034247742360018,164302,72443.0,66804.4,2.268,0.19,False,0.4608,0.1127,-0.0126,0.0808,0.0489,0.0659,-0.0005,0.1899
Ruprecht_98,15,0.4897783461428336,7.410212436894411,210188,108072.5,67342.1,1.945,0.045,False,0.4458,0.0867,-0.0016,0.0812,0.0416,0.0803,0.0,0.1837
SAI_113,10,0.0089125054671134,8.07732761301152,15677,4417.5,6120.3,3.549,0.12,False,0.4981,0.0688,-0.0263,0.0516,0.0468,0.0466,0.0226,0.1083
Stock_14,11,0.0363078006932764,7.965621399565513,62766,26357.0,25463.2,2.381,0.185,False,0.462,0.0991,-0.026,0.0306,0.0922,0.107,-0.014,0.1609
Stock_16,16,,7.99304197676814,197854,88808.5,66377.3,2.228,0.06,False,0.5163,0.1189,0.01,0.072,0.0489,0.073,0.0605,0.1606
Teutsch_103,10,0.3630784055774333,8.125029628603418,36895,11770.5,13606.3,3.135,0.105,False,0.4367,0.0869,0.0447,0.0712,0.0704,0.0636,-0.1445,0.2036
Teutsch_13,13,0.0079432840915212,8.255442169684091,121611,52283.0,50051.5,2.326,0.19,False,0.4268,0.0641,-0.0053,0.0847,0.0811,0.0662,-0.2196,0.1495
Teutsch_38,15,0.0371535375952047,8.53283840912599,32812,78379.5,60797.0,0.419,0.69,False,0.4305,0.0888,0.0576,0.0687,0.1475,0.0688,-0.0838,0.1626
Teutsch_44,18,2.5703948796691973,8.101469869574668,115321,57663.0,43509.4,2.0,0.135,False,0.4614,0.1051,0.0313,0.0793,0.0734,0.0638,-0.0961,0.19
Teutsch_61,10,0.045708802901852,8.302029989185144,112925,47301.0,40441.0,2.387,0.11,False,0.4536,0.1386,-0.0087,0.0426,0.0312,0.0591,-0.0407,0.1359
Teutsch_85,13,,7.985446088801375,138586,105211.0,65832.2,1.317,0.345,False,0.4525,0.0724,-0.0159,0.0983,0.0529,0.095,0.0567,0.1519
Tombaugh_2,5,1.621810239813303,8.169616729941797,12778,4505.5,5705.0,2.836,0.2,False,0.4796,0.0416,-0.0072,0.0332,0.0851,0.108,-0.1411,0.1353
Trumpler_14,7,0.0630957621586153,8.01521305545502,33106,9080.5,11378.5,3.646,0.08,False,0.4958,0.1476,0.0142,0.0919,0.0266,0.0529,-0.0272,0.1386
Trumpler_17,13,0.0199526319125486,8.009709656980238,123166,39037.0,38388.3,3.155,0.02,False,0.4418,0.0889,-0.0049,0.0523,0.033,0.0462,-0.0597,0.137
Trumpler_19,12,4.897783461428336,8.000658983997804,100277,45877.0,47084.0,2.186,0.26,False,0.4474,0.1126,-0.004,0.0631,0.0581,0.0765,-0.0575,0.1851
Trumpler_20,11,1.862089099377868,7.993868649110267,36080,17922.5,21349.3,2.013,0.3,False,0.4993,0.0654,0.0077,0.0675,-0.0109,0.0655,0.0579,0.0558
Trumpler_25,21,0.2290865841769215,7.727728197737216,153668,131277.5,81273.0,1.171,0.425,False,0.5442,0.1137,-0.0063,0.0827,0.1015,0.0744,0.0941,0.1692
Trumpler_35,6,0.0389045281683994,7.842330215732276,50656,32722.0,36999.0,1.548,0.41,False,0.476,0.1048,0.0855,0.1105,0.113,0.0971,-0.0846,0.1553
UBC_102,6,0.3311314705081584,7.663341213760286,9406,10102.0,12362.1,0.931,0.535,False,0.5107,0.0838,-0.053,0.0333,0.0595,0.0441,0.0494,0.1159
UBC_199,13,1.148154730847072,8.902567426061198,184594,52661.0,53313.3,3.505,0.004975124378109453,True,0.3952,0.1059,0.0397,0.0861,0.0467,0.0651,-0.1028,0.172
UBC_210,11,1.288248533293805,8.464828023078825,111472,60268.5,48594.8,1.85,0.255,False,0.4387,0.084,0.0849,0.1418,0.0782,0.0666,-0.0753,0.2481
UBC_216,19,0.0616594947701844,8.792719713893781,102806,47983.0,46676.3,2.143,0.245,False,0.4257,0.1618,0.0253,0.0515,0.0809,0.0723,-0.1502,0.234
UBC_228,26,0.8128302305789092,8.280328143143953,197654,115484.5,77559.4,1.712,0.155,False,0.4524,0.1041,0.0029,0.0935,0.0735,0.0892,-0.1318,0.178
UBC_229,5,0.1122018947073786,8.312676109065062,39332,22211.0,23907.0,1.771,0.335,False,0.4218,0.0852,-0.0512,0.074,0.0203,0.0846,-0.0559,0.1025
UBC_239,26,0.2754226042194985,8.300739302279432,168186,86380.0,59228.8,1.947,0.105,False,0.4295,0.1497,0.0156,0.071,0.0715,0.0836,-0.133,0.211
UBC_250,31,0.3311314705081584,8.127853924323158,187779,106056.0,61135.6,1.771,0.08,False,0.4658,0.1431,0.0345,0.0464,0.0751,0.0745,-0.1269,0.1947
UBC_254,13,0.1096478099832217,8.077131635219606,99029,37276.5,32454.9,2.657,0.06,False,0.456,0.0921,0.0205,0.0912,0.0449,0.0491,-0.0096,0.2019
UBC_258,37,0.0407380403044348,8.025684461481676,253353,134792.0,84471.8,1.88,0.06,False,0.4523,0.1051,0.018,0.0999,0.0567,0.0714,-0.0403,0.1705
UBC_259,18,0.102329353157667,8.025069708913405,87412,42999.0,40369.1,2.033,0.235,False,0.4428,0.1009,0.0149,0.0607,0.0751,0.0385,-0.0766,0.1501
UBC_260,26,0.2344228197592381,7.808670297726898,190228,127841.5,77217.6,1.488,0.28,False,0.4566,0.1009,0.0673,0.1063,0.1219,0.1186,-0.1689,0.2755
UBC_264,13,0.2951211041237279,8.020588330855402,70095,26045.0,30861.5,2.691,0.17,False,0.4655,0.0803,-0.0204,0.0493,0.0471,0.0517,-0.0139,0.0993
UBC_266,19,0.0128824994773753,8.00759767068031,117427,66223.0,54518.1,1.773,0.245,False,0.4437,0.085,-0.0294,0.0738,0.0265,0.0872,-0.0218,0.1074
UBC_270,14,0.1621810239813303,7.987703312303738,168773,78217.0,57894.3,2.158,0.065,False,0.4299,0.1099,-0.0076,0.0894,0.0621,0.0458,-0.0328,0.1271
UBC_277,14,0.102329353157667,7.9256856958348765,128048,40527.0,38762.1,3.16,0.02,False,0.3882,0.0743,0.066,0.0811,0.0808,0.099,-0.1716,0.2317
UBC_285,19,0.0616594947701844,7.857923160902611,131542,59943.5,56846.3,2.194,0.205,False,0.4333,0.1386,0.0178,0.0896,0.0786,0.0888,-0.0816,0.2082
UBC_286,5,0.0575440240605537,7.910796740978509,38261,16664.0,20830.1,2.296,0.26,False,0.5049,0.0984,0.0444,0.052,0.08,0.0415,0.0224,0.0669
UBC_289,6,0.1380385355838289,7.881171061266562,29313,8404.0,9722.0,3.488,0.06,False,0.3689,0.0863,-0.019,0.0683,0.031,0.0228,-0.0354,0.1155
UBC_291,6,0.0251188698309886,7.946696797476468,47898,22715.0,24005.9,2.109,0.255,False,0.5123,0.0612,-0.0026,0.0859,0.0586,0.0417,0.1023,0.1118
UBC_292,25,0.069183121399144,7.873554063733651,154323,79433.0,60123.7,1.943,0.185,False,0.4927,0.0983,0.0049,0.0663,0.0647,0.0567,0.0143,0.1807
UBC_301,12,0.2344228197592381,7.702955315511197,102724,52117.5,39273.1,1.971,0.165,False,0.4529,0.0748,0.0409,0.1601,0.0699,0.1096,-0.0058,0.2763
UBC_302,7,0.5754402406055371,7.520989494933904,28493,27802.5,37696.1,1.025,0.49,False,0.4058,0.0975,0.0773,0.1237,0.1248,0.1135,-0.0848,0.3285
UBC_303,21,0.7079464062202759,7.727979685966384,253946,159889.5,89188.2,1.588,0.175,False,0.4715,0.1293,0.0063,0.083,0.0819,0.1028,0.0047,0.2047
UBC_312,5,0.794327537013272,7.830535588721555,15460,7892.0,10416.6,1.959,0.325,False,0.5041,0.1015,0.0171,0.0307,0.0834,0.0855,0.0511,0.1804
UBC_324,20,0.794327537013272,7.634342774219886,117658,58770.0,48497.4,2.002,0.185,False,0.54,0.1323,0.0149,0.0495,0.0726,0.0606,0.1269,0.1075
UBC_326,5,0.2630268453963283,7.562098226626206,16382,7784.0,7710.0,2.105,0.255,False,0.5502,0.0746,-0.0456,0.1098,0.0269,0.0381,0.0906,0.1736
UBC_344,16,0.0034673681999632,7.681303126582394,105583,40532.0,43117.1,2.605,0.165,False,0.5228,0.1383,0.0256,0.0802,0.0679,0.0666,0.0807,0.1643
UBC_345,13,0.0144543926289566,7.677005655624074,69188,44888.5,37220.0,1.541,0.32,False,0.5395,0.1057,0.0125,0.0531,0.0883,0.0496,0.1147,0.1691
UBC_354,20,0.1995263191254866,7.653443776608949,239206,135729.0,82628.3,1.762,0.105,False,0.5059,0.0976,0.0094,0.1185,0.0459,0.0824,-0.0118,0.143
UBC_441,10,0.1737799912893991,8.511790860071205,95119,95677.0,68161.6,0.994,0.505,False,0.4146,0.103,0.0332,0.105,0.1202,0.0627,-0.1818,0.216
UBC_443,18,0.8912505467113453,8.35992637322733,129359,61366.5,53958.2,2.108,0.215,False,0.4049,0.0813,0.0117,0.0626,0.0861,0.0868,-0.1659,0.1579
UBC_461,6,0.0478629903136986,8.262342717608297,35382,12671.0,17382.8,2.792,0.225,False,0.4442,0.1165,0.0383,0.0297,0.0889,0.0492,-0.1375,0.2003
UBC_470,14,0.0323593827469971,8.216645100489501,87865,43495.5,35763.0,2.02,0.185,False,0.4557,0.1019,0.0251,0.043,0.0856,0.0486,-0.1577,0.1428
UBC_476,8,0.0870963704709874,8.182326697621823,86953,43820.0,32220.2,1.984,0.095,False,0.4436,0.073,0.0464,0.0889,0.089,0.0629,-0.1757,0.1794
UBC_479,18,0.0204173767566041,8.26377909209261,93664,28953.5,31833.3,3.235,0.06,False,0.4373,0.0701,0.0065,0.0537,0.06,0.0542,-0.1052,0.164
UBC_482,5,0.0269153374005781,8.171773056617827,1842,2144.5,1793.5,0.859,0.56,False,0.4853,0.1052,-0.08,0.0842,0.0567,0.1115,-0.0203,0.0772
UBC_490,16,0.0398107083132505,8.099080310308738,117204,36376.5,38846.9,3.222,0.07,False,0.4343,0.0711,-0.008,0.0671,0.0356,0.0605,-0.0265,0.1476
UBC_491,17,0.1819701817628807,8.102243015263593,104503,48553.5,57424.8,2.152,0.34,False,0.4429,0.0977,-0.0155,0.0799,0.0716,0.0691,-0.0598,0.1528
UBC_497,13,,8.004559454155697,93657,33819.0,39015.2,2.769,0.16,False,0.4912,0.1005,-0.0054,0.0429,0.0442,0.0452,0.0081,0.1343
UBC_499,17,0.0524807206714521,8.01874606986356,107080,50064.0,48811.5,2.139,0.25,False,0.4695,0.0672,0.0162,0.0772,0.0757,0.0609,-0.1088,0.1745
UBC_503,29,1.5488151224416984,8.000445578199802,142030,65088.0,54913.0,2.182,0.145,False,0.4394,0.0925,0.0016,0.0566,0.0731,0.0608,-0.0399,0.1415
UBC_504,8,0.0112201894707378,8.071098117402979,125497,71106.5,50055.7,1.765,0.21,False,0.4707,0.1335,-0.054,0.1083,0.0164,0.0744,0.0746,0.1361
UBC_509,12,0.5888442760205689,8.030946292900396,79871,41751.5,40853.8,1.913,0.295,False,0.4311,0.1089,0.0056,0.0573,0.0797,0.0639,-0.1153,0.1508
UBC_512,13,0.2951211041237279,8.052067997986713,188935,73892.5,62234.4,2.557,0.025,False,0.4549,0.114,0.0004,0.0706,0.0346,0.0565,0.007,0.156
UBC_518,5,0.0301995185303324,7.996165369330079,8617,2847.5,4623.6,3.026,0.21,False,0.5511,0.0844,0.0409,0.0279,0.0598,0.0217,0.1361,0.1125
UBC_528,18,2.691536695250797,7.967554850511114,153154,52677.0,49448.2,2.907,0.025,False,0.4755,0.1117,0.0693,0.139,0.0468,0.0508,0.0101,0.1421
UBC_529,10,0.1659587927845761,7.94648260263319,180367,84306.0,64243.8,2.139,0.095,False,0.4725,0.1188,0.0043,0.1019,0.0451,0.0868,0.0254,0.1787
UBC_533,10,0.0891250546711345,7.494567422377112,169092,102587.0,72572.3,1.648,0.255,False,0.5767,0.1222,0.0328,0.0599,0.0722,0.0702,0.0527,0.2205
UBC_541,18,0.021877623926123,7.777665502741655,138389,69846.5,53390.0,1.981,0.17,False,0.5301,0.1313,-0.0135,0.0591,0.0774,0.0665,0.0542,0.1328
UBC_550,7,0.0467735223455781,7.774088295891586,40257,44057.0,44675.9,0.914,0.525,False,0.5713,0.1486,-0.0459,0.0647,0.0716,0.0462,0.043,0.1355
UBC_552,9,0.0112201894707378,7.781646023028782,81518,42681.5,42443.4,1.91,0.29,False,0.5162,0.0718,-0.011,0.0519,0.0733,0.0649,0.1052,0.1532
UBC_553,7,0.0131825639118268,7.565703615685568,116994,55448.5,44354.1,2.11,0.14,False,0.5487,0.1119,0.0046,0.0649,0.0341,0.0637,0.1393,0.0848
UBC_554,8,0.0602559877171915,7.614740183801021,78949,60780.5,53621.6,1.299,0.415,False,0.4841,0.107,-0.0007,0.1073,0.0839,0.0815,-0.0311,0.2026
UBC_557,11,0.1445439262895664,7.50975173235566,65548,22123.0,24747.7,2.963,0.13,False,0.5597,0.1147,-0.0067,0.0265,0.0412,0.0438,0.1487,0.0918
UBC_558,7,0.0072443618278712,7.788759559947438,51718,18190.0,20764.0,2.843,0.12,False,0.5146,0.0814,-0.0163,0.0636,0.0393,0.0605,0.103,0.1323
UBC_559,12,0.0114815347022194,7.745312224710534,125558,93397.5,64490.3,1.344,0.39,False,0.4878,0.0661,-0.0128,0.1004,0.0612,0.0984,0.0417,0.1786
UBC_562,12,0.0117489801933541,7.724752507139512,84343,29811.0,38771.3,2.829,0.225,False,0.4831,0.1209,0.0364,0.0662,0.0772,0.0585,-0.0045,0.1655
UBC_618,11,0.7244353873869618,8.243433871766072,114057,37709.0,39895.7,3.025,0.085,False,0.4187,0.0805,0.0253,0.0703,0.0694,0.0782,-0.2068,0.1301
UBC_622,16,0.7585777749219503,8.370223532495036,146202,44600.0,46121.9,3.278,0.02,False,0.4487,0.0716,0.0367,0.0617,0.044,0.0656,-0.1179,0.1713
UBC_627,10,2.089294662720361,8.40806045807564,53495,12788.0,17694.4,4.183,0.06,False,0.4189,0.0815,0.0511,0.049,0.0243,0.0376,-0.1419,0.1623
UBC_632,27,,8.289098701503464,207057,90162.0,71443.0,2.296,0.095,False,0.4617,0.0951,0.0327,0.0932,0.0625,0.1172,-0.1307,0.1905
UBC_646,28,0.0229086835704537,8.154365165253443,112751,43981.5,47544.0,2.564,0.19,False,0.4001,0.1079,0.0139,0.0744,0.0814,0.0775,-0.1593,0.2258
UBC_650,10,0.0776246877988414,8.106438611257202,114440,82003.0,59180.5,1.396,0.42,False,0.3927,0.1153,0.0331,0.0979,0.112,0.0872,-0.1818,0.2116
UBC_651,5,0.1584892496402718,8.084371611871916,7790,2449.5,3150.2,3.18,0.16,False,0.4969,0.0787,-0.0215,0.0359,0.0083,0.0711,-0.0068,0.0551
UBC_652,7,0.01,8.030579782337982,159514,87245.0,59947.4,1.828,0.17,False,0.5118,0.1235,-0.019,0.0908,0.0085,0.1265,-0.0418,0.1668
UBC_654,12,0.0089125054671134,8.05821962402236,124288,53493.0,52283.1,2.323,0.205,False,0.4755,0.1226,0.0342,0.0785,0.0858,0.0563,-0.1153,0.1845
UBC_656,11,,8.059579096244637,124567,82700.0,63315.8,1.506,0.38,False,0.4763,0.1069,0.0257,0.106,0.0921,0.0979,-0.0312,0.2285
UBC_660,20,1.0,7.976207130872343,176499,93687.0,72903.6,1.884,0.21,False,0.5016,0.1384,-0.0089,0.0772,0.0443,0.0988,-0.018,0.1799
UBC_664,6,0.0407380403044348,7.903110716442441,114854,25264.0,36394.6,4.546,0.04,False,0.4201,0.1069,0.0495,0.0756,0.0519,0.0698,-0.0116,0.2128
UBC_93,37,0.8128302305789092,7.788832993522695,153092,48647.5,54423.4,3.147,0.085,False,0.4549,0.104,0.0081,0.0601,0.0508,0.0601,0.0182,0.1691
UPK_12,29,0.1995263191254866,6.698691237538259,153603,111823.0,76731.0,1.374,0.38,False,0.4222,0.1085,0.0687,0.0859,0.1277,0.093,-0.1788,0.1922
UPK_18,5,0.7244353873869618,6.923566820321553,4372,5228.0,4452.6,0.836,0.525,False,0.4954,0.0995,-0.0265,0.0401,0.0825,0.0735,0.0449,0.1257
UPK_33,13,0.2818381693478142,6.465310999386034,96373,50411.0,48688.4,1.912,0.275,False,0.5131,0.1035,0.021,0.0629,0.0798,0.0431,0.0817,0.1471
UPK_398,6,0.0107151982289039,10.16490658086839,116217,76652.5,46290.5,1.516,0.215,False,0.3573,0.1033,-0.0244,0.1186,0.009,0.1601,-0.0815,0.2051
UPK_4,5,0.2754226042194985,6.92603990368344,42710,7887.0,11354.8,5.415,0.004975124378109453,True,0.4739,0.1148,0.033,0.0686,0.0493,0.0634,-0.0031,0.0552
UPK_436,16,0.0257039487966919,9.045712069190055,99586,47507.5,39118.5,2.096,0.15,False,0.4134,0.075,0.0284,0.0684,0.0739,0.0585,-0.2072,0.2128
UPK_442,15,0.1698241862446276,9.333753076701658,160368,53648.5,50535.0,2.989,0.03,False,0.4317,0.0763,0.0201,0.0788,0.0517,0.0931,-0.1116,0.1853
UPK_457,13,,8.801983508644252,47935,24883.0,25125.6,1.926,0.255,False,0.4221,0.0756,0.0271,0.0452,0.0919,0.0681,-0.2021,0.1917
UPK_508,11,0.1,8.423674338049501,145798,88259.0,62693.0,1.652,0.24,False,0.4053,0.099,-0.0143,0.1129,0.0732,0.0663,-0.1113,0.1741
UPK_526,9,0.0309029380386681,8.41992607717049,81978,44160.5,35052.3,1.856,0.21,False,0.4911,0.0899,0.0765,0.0718,0.0935,0.0875,-0.1158,0.1788
UPK_549,5,0.9332548746146908,8.065150903899356,124606,23751.0,38124.0,5.246,0.025,False,0.4723,0.0988,0.0342,0.0605,0.0467,0.0685,-0.0134,0.0886
UPK_560,25,0.323593827469971,8.047897766741945,176815,66824.5,53527.7,2.646,0.03,False,0.455,0.0882,0.0407,0.0748,0.0534,0.0962,-0.1129,0.2433
UPK_630,11,0.1122018947073786,7.193818673872304,40453,33173.0,38907.3,1.219,0.45,False,0.5223,0.093,-0.021,0.0631,0.0746,0.0538,0.1081,0.1069
vdBergh_80,15,0.006456541439665,8.929635141365358,126189,45739.0,39258.1,2.759,0.025,False,0.4488,0.1175,0.0082,0.0409,0.0505,0.0479,-0.094,0.1553
vdBergh_85,12,0.0043651569804287,8.598713904452772,220073,86439.0,75459.7,2.546,0.05,False,0.4253,0.0938,0.0254,0.0833,0.0771,0.1002,-0.1745,0.2279
