cluster,n_match,B_X,med_d_true,match_idx,med_d_null,ratio
ASCC_21,13253,0.11272287486956521,0.11807524886956522,[    10     18     27 ... 533343 533350 533405],0.13231992509283996,0.8923467027865969
ASCC_41,5255,0.20579581880000003,0.17751309480000002,[   168    211    217 ... 533341 533348 533350],0.12692117179434423,1.3986090129047346
ASCC_67,25863,0.1472491534,0.1358461964,[    10    164    171 ... 533371 533375 533424],0.1305617247458335,1.0404748915844508
ASCC_97,21704,-0.005535937000000002,0.097388538,[    16    165    167 ... 533355 533424 533431],0.1317895245997034,0.7389702504490192
BH_151,32534,0.05288724354545456,0.10412889654545457,[    16    166    171 ... 533424 533431 533433],0.12934387656721597,0.8050547061757658
BH_211,24976,-0.03318500118363636,0.093634168,[   166    180    196 ... 533385 533399 533431],0.1543474986315817,0.6066451923752856
BH_23,16743,0.16203624933333333,0.11888812633333333,[    18    154    186 ... 533348 533350 533371],0.11951611352002996,0.9947455856101665
Basel_18,31227,0.030501849625,0.100542939625,[     8     16    166 ... 533427 533428 533431],0.13176353687124268,0.7630558651688975
Berkeley_22,17309,0.13064616059999998,0.10438365940000002,[    34    145    179 ... 533350 533405 533456],0.12186891463407086,0.8565240751788685
Berkeley_39,24962,0.1987692985,0.1423147765,[    18     27    126 ... 533348 533371 533403],0.12471526133103086,1.1411175743941622
Bochum_11,30553,0.1473435598,0.1251020118,[    16    166    171 ... 533403 533422 533431],0.12884008391680418,0.970986730191685
Collinder_115,12300,0.1912555434117647,0.13643773591176472,[    18    168    186 ... 533308 533327 533341],0.1260932828651068,1.0820380976021087
Collinder_185,18159,0.19253583395454543,0.14693736395454543,[    10     16     18 ... 533348 533350 533371],0.12593049891342792,1.1668131645818292
Collinder_205,31779,0.22449556199999998,0.18862987499999997,[    16     40    164 ... 533403 533431 533433],0.1265773001226107,1.4902346219842046
Collinder_220,5675,0.06637453891666666,0.11960294691666665,[   208    228    229 ... 533107 533132 533393],0.15733668392760067,0.7601720331903181
Czernik_26,20023,0.16680865483636365,0.12236927983636364,[    10     18    126 ... 533350 533353 533371],0.12275658923992488,0.996844899276207
Czernik_39,14559,0.09258060138888888,0.12662765138888887,[    19     56     60 ... 533336 533374 533431],0.151905055800308,0.8335973461959791
DBSB_101,6643,-0.02382865966666667,0.08765051966666666,[    10     16    122 ... 533238 533348 533442],0.14258350631977265,0.6147311279475233
DBSB_43,14677,0.0648297539090909,0.1065770969090909,[   167    171    186 ... 533348 533353 533371],0.1253094721188217,0.8505110994963869
Dolidze_32,17728,0.03285952673333333,0.09816055673333333,[    96    132    196 ... 533374 533385 533399],0.1552329571876872,0.6323435339484678
ESO_130_08,18939,0.03991674086111111,0.0998928691388889,[     8     10     16 ... 533348 533371 533375],0.12806574863392814,0.7800123780514451
ESO_226_06,27393,0.027607131,0.09869736899999998,[     8    167    171 ... 533371 533375 533431],0.1295458857477597,0.7618718914174919
ESO_312_04,17332,0.22470694269230768,0.18923184919230768,[    40    166    171 ... 533391 533422 533424],0.1312828008414311,1.441406246511071
FSR_0088,25598,0.19041062722222224,0.18005818372222224,[    16    167    196 ... 533343 533385 533431],0.14337442469009098,1.2558598516536301
FSR_1171,10232,0.07661340573333335,0.10731634300000001,[    29    167    186 ... 533343 533348 533371],0.1286004086344742,0.8344945722919848
FSR_1252,6609,0.2923564405,0.1774355205,[   154    186    194 ... 533308 533348 533398],0.12041612624721196,1.4735195860372416
FSR_1253,19384,0.1462518012576,0.1213273442576,[    18     27     29 ... 533348 533350 533371],0.1275987388719841,0.9508506536206756
FSR_1260,18283,0.17708204586428572,0.13375413286428572,[    16     29    154 ... 533355 533370 533403],0.125783712806069,1.0633660740361939
FSR_1297,19385,0.11986359974090909,0.11509472025909091,[    10     16     18 ... 533348 533350 533371],0.12357353472658357,0.9313864858988398
FSR_1363,15779,0.2712623763809524,0.2102619993809524,[    16     29    154 ... 533353 533355 533370],0.12640440803528188,1.663407175818301
FSR_1586,29951,0.12813621768421052,0.11993965231578949,[   171    186    191 ... 533422 533431 533433],0.1275974026057606,0.9399850613446155
FSR_1591,16577,0.10033388783333334,0.11358880983333335,[     8     10     16 ... 533348 533355 533375],0.12896524123536823,0.8807707312858656
FSR_1595,17610,0.1324731476675,0.1454508935,[    40    166    197 ... 533393 533399 533422],0.14309722236931893,1.016448056025899
Ferrero_11,21513,0.08710504709090909,0.10734592290909091,[    10     18     26 ... 533350 533371 533382],0.12409188352002819,0.8650519265570297
Gulliver_1,19521,0.0737156601,0.1073336299,[   167    171    186 ... 533353 533371 533431],0.12753472387370282,0.841603185704092
Gulliver_35,26824,0.10974926614285715,0.12119928114285716,[    40    165    166 ... 533290 533422 533424],0.12946826772263853,0.9361311715586084
Gulliver_46,15270,0.1445384305488889,0.14540406322388888,[     8     10     16 ... 533343 533375 533385],0.14117788015759994,1.02993516450007
Gulliver_52,22350,0.06821231950000001,0.107315156,[    40    166    171 ... 533290 533355 533424],0.13477897838118608,0.7962306680830297
Gulliver_7,17598,0.28435746142857143,0.21715292642857142,[    18     29    167 ... 533353 533371 533375],0.12597614376422256,1.723762292922664
Haffner_26,23437,0.172660798,0.129116081,[    29    167    186 ... 533371 533403 533431],0.12673332926999756,1.0188013030489094
IC_2391,24147,0.07865011533333334,0.10965448466666665,[     4      8     16 ... 533427 533428 533431],0.13782386437691585,0.7956131919707855
IC_2581,23215,0.07243665195454546,0.11415640195454546,[    40    166    196 ... 533290 533393 533422],0.14124637615525282,0.8082076514944988
IC_2602,20961,0.16187723515833333,0.13202003915833332,[    10     18    171 ... 533348 533371 533375],0.12946485941691013,1.019736473301955
IC_2714,10502,0.10675078409090909,0.11427225884090908,[   167    186    191 ... 533347 533348 533371],0.12752788962672734,0.8960570050628349
IC_4756,10134,0.02960027113333333,0.0929856025,[     4     10     16 ... 533348 533355 533375],0.13357764879446823,0.6961164786114333
LP_198,16662,0.24539573955,0.17597555655,[    18     29    154 ... 533353 533371 533398],0.1279199372590609,1.3756695032895288
LP_2117,21156,0.20467621155555554,0.19175237480555554,[     8     10     16 ... 533374 533375 533431],0.13825457909909747,1.3869513476881816
LP_2210,4902,0.057708430166666665,0.096796698,[    10     26    145 ... 533341 533348 533350],0.12934722075199626,0.748347722024836
LP_2220,13214,0.2296504922222222,0.1537176172222222,[    29    154    186 ... 533348 533353 533371],0.1288748013882793,1.1927670542753772
LP_866,14897,0.02663333242857143,0.09182355842857143,[    56    132    152 ... 533374 533399 533420],0.16140997183668468,0.5688840496266173
LP_930,6280,0.106220611,0.11401781875,[   167    186    194 ... 533327 533348 533371],0.12804841901809477,0.8904273838311734
Melotte_101,23978,0.08816622303333332,0.11157978500000001,[     8     10     16 ... 533355 533375 533431],0.12736301373640857,0.8760768273819773
NGC_2112,20524,0.13168863128965516,0.11708160371034484,[    10     18    154 ... 533353 533371 533375],0.1278767112432601,0.9155819114523542
NGC_2254,26007,0.0440063265,0.1014435235,[    16     18    167 ... 533375 533403 533431],0.12564460308741,0.80738464691099
NGC_2287,13529,0.07908493266666666,0.10511943733333334,[    10     16     18 ... 533348 533355 533370],0.1296032500446165,0.8110864295235305
NGC_2527,15532,0.34082035988888887,0.2483448398888889,[    18    126    154 ... 533350 533353 533398],0.12071086591538836,2.0573528158017265
NGC_2539,18558,0.04902935472857143,0.10622718,[    40    166    196 ... 533393 533399 533422],0.1464366617104199,0.7254138325692333
NGC_2547,29225,0.11278211385714286,0.12206064985714286,[     8     16     40 ... 533399 533403 533431],0.1370018958445397,0.8909413194956723
NGC_2548,18504,0.1438952735263158,0.12781943147368421,[    10     16     18 ... 533375 533382 533427],0.12499850752655918,1.022567661030078
NGC_2587,12231,-0.03653871628571429,0.0920226532857143,[    26     27     73 ... 533342 533350 533364],0.1341703004578472,0.6858645540160015
NGC_2588,25868,0.19569903090000001,0.1437794485,[    18     29    154 ... 533353 533371 533403],0.12271428856440225,1.1716602050342526
NGC_2660,20165,0.16227452666666667,0.13929096866666668,[    10     18     26 ... 533400 533405 533456],0.13479368042741638,1.0333642365501845
NGC_2682,26257,0.005105327751219512,0.09663891224878049,[    16     40    165 ... 533375 533403 533431],0.13546390355412294,0.7133923481702238
NGC_2925,19113,0.11892857634285714,0.11891596623485715,[    16    165    167 ... 533353 533355 533431],0.12986385151470853,0.9156972078668758
NGC_2972,10569,0.035584629233333324,0.09930279923333332,[   171    187    218 ... 533220 533317 533371],0.12743247880502412,0.7792581621618604
NGC_3496,14433,0.123711741275,0.122364810375,[     4     10     16 ... 533348 533355 533375],0.13117476731701982,0.9328380211971091
NGC_3766,18678,-0.019402845428571427,0.085207005,[    65     96    132 ... 533394 533399 533425],0.1605271909556164,0.5307948422492398
NGC_4349,18323,0.11414993784857143,0.12578908984857143,[     4      8     10 ... 533347 533375 533385],0.13895263638359157,0.9052659461697369
NGC_5168,22550,-0.011813498066666666,0.098994102,[     4      8     10 ... 533427 533428 533431],0.1411235694244146,0.7014710753402604
NGC_5381,25493,-0.0009683696000000033,0.0963519796,[   165    167    171 ... 533397 533424 533431],0.1285448151107779,0.7495594397717666
NGC_5460,26005,0.0647995176,0.1147590876,[     8     11    164 ... 533424 533428 533431],0.1515906976266484,0.7570325184638922
NGC_5662,25047,0.08425736181818182,0.12167221781818183,[   164    171    215 ... 533397 533424 533431],0.14956758933731176,0.8134932063642545
NGC_5822,20118,-0.08958411416666666,0.09682879056666666,[    19    132    147 ... 533385 533399 533431],0.15618002304415865,0.619981920090312
NGC_6167,18976,0.03278573165789473,0.10024580000000001,[    19     96    132 ... 533374 533385 533399],0.1560807076044579,0.6422690000486443
NGC_6178,20963,-0.013133230394444445,0.09011161039444444,[    96    132    147 ... 533385 533394 533399],0.16264055522430823,0.5540537553512752
NGC_6204,22581,0.1141233256,0.13712175440000002,[   166    196    197 ... 533290 533385 533422],0.14764293648135227,0.9287390082309755
NGC_6231,18424,-0.04656967887,0.0960453135,[     8    164    224 ... 533375 533385 533431],0.1386998457000278,0.6924687840512915
NGC_6250,6781,0.13784081125,0.18639433125,[    19    342    358 ... 533175 533188 533336],0.1680638975381977,1.1090682411886594
NGC_6318,20716,0.070757916,0.10747862849999999,[    16    165    167 ... 533336 533374 533431],0.13678479398765145,0.7857498291052941
NGC_6755,14256,0.0985837994117647,0.13341424058823528,[    19     56    132 ... 533336 533374 533431],0.15687206561033437,0.8504652505796179
NGC_6756,16370,-0.0578672845,0.0968965205,[     8    147    167 ... 533382 533385 533427],0.1522792737021483,0.6363080026867308
Pismis_23,16431,0.08329875066666667,0.10858913933333333,[     4      8     10 ... 533375 533427 533442],0.14167982748743488,0.7664403695223567
Pozzo_1,12390,0.1454257738,0.126314205,[    18     29    145 ... 533348 533350 533371],0.13492527561177858,0.9361789659295916
Ruprecht_105,12287,0.1429598116666667,0.13265284966666668,[     4     10     16 ... 533355 533375 533442],0.13024690791850665,1.0184721601964277
Ruprecht_161,20978,0.09946911414285714,0.11296756585714286,[    16    165    167 ... 533353 533355 533431],0.12271578405840654,0.9205626376748405
Ruprecht_45,6016,0.08446424623076923,0.11184991923076923,[   154    191    194 ... 533327 533360 533398],0.11952337690135026,0.935799524164094
Ruprecht_58,22789,0.2055877358888889,0.1458323041111111,[    18     29    154 ... 533353 533371 533403],0.12333208644214912,1.1824360417312494
Ruprecht_61,18253,0.1536225073882353,0.1268542033882353,[    18     27     29 ... 533348 533350 533371],0.12738441726776542,0.9958376865012022
Ruprecht_77,17598,0.28435746142857143,0.21715292642857142,[    18     29    167 ... 533353 533371 533375],0.12376304227007036,1.7545862031632165
Ruprecht_91,18974,0.04499118054545454,0.10014443504545453,[    16    165    167 ... 533353 533355 533375],0.13020250274010267,0.7691437026011161
Ruprecht_98,29202,0.1372213916,0.1315085173,[    16     40    166 ... 533424 533431 533433],0.1340545585948745,0.9810074247264586
SAI_113,17220,0.10465010655555557,0.12124121344444444,[   167    196    198 ... 533374 533394 533399],0.13658406222170277,0.8876673564419699
Sher_1,13566,0.13791156089285714,0.12601682400000003,[     4     10     16 ... 533350 533355 533442],0.13024515709847626,0.9675355829523914
Stock_14,6203,0.11652103148545455,0.11838617851454546,[   167    253    270 ... 533191 533201 533355],0.12990337036085742,0.9113403153873648
Teutsch_103,22101,0.110637409,0.112839121,[    10     16     18 ... 533350 533371 533382],0.12551447767869817,0.8990127918856856
Teutsch_13,7979,0.23899795115384614,0.17055747615384614,[    29    191    194 ... 533297 533308 533327],0.12737129156743246,1.3390574442243934
Teutsch_38,2954,0.28570534393333336,0.24569884043333334,[    10     26    167 ... 532865 533189 533341],0.1195007930297104,2.0560435977378617
Teutsch_85,20707,0.11893355833076923,0.13269600233076922,[   171    224    253 ... 533290 533385 533424],0.14746429389881283,0.8998517459543304
Tombaugh_2,9138,0.218085414,0.1701159945,[    29    165    167 ... 533348 533355 533370],0.12785866002302682,1.3305003702476064
Trumpler_17,27673,0.09799516274999999,0.11126616725,[    16    166    171 ... 533403 533422 533431],0.12927799312160082,0.860673689027191
Trumpler_20,22547,0.14353817523285714,0.16889152123285714,[     8     19     40 ... 533425 533428 533431],0.15844918902229257,1.0659033490483527
UBC_210,16673,0.0654415309090909,0.1083330929090909,[     8     10     16 ... 533375 533382 533427],0.141818699805828,0.7638844035195349
UBC_229,14299,0.326017158,0.25139177799999995,[   171    191    194 ... 533353 533391 533422],0.12527922544821812,2.006651758107398
UBC_254,29925,0.016927144846153847,0.09804083515384615,[     8     16     40 ... 533424 533431 533433],0.13404190226742743,0.7314193061677428
UBC_264,20278,0.1988713483846154,0.1670882668846154,[   196    198    215 ... 533353 533355 533403],0.13993847339673368,1.1940123600670594
UBC_266,22507,0.2877342766666667,0.2438694826666667,[    40    166    171 ... 533393 533422 533424],0.12723189128898071,1.9167323553555295
UBC_277,12603,0.13162157766666668,0.12425628366666669,[   145    179    217 ... 533348 533350 533405],0.1302196755644,0.9542051393394532
UBC_286,15649,0.17116743799999998,0.17585248229999997,[     4      8     10 ... 533382 533385 533427],0.14268872705345473,1.232420289474734
UBC_289,30483,0.001035245000000003,0.10483024099999999,[   171    187    198 ... 533231 533371 533403],0.11491673258644741,0.9122278247960127
UBC_291,16897,0.04288220083333333,0.10517640883333332,[    19     96    132 ... 533385 533387 533399],0.15634880936827097,0.6727036122519878
UBC_292,17642,-0.008343571826086959,0.09031260182608696,[    16    165    167 ... 533336 533374 533431],0.13860192776730992,0.6515970108129168
UBC_301,12960,-0.008221446877272727,0.096358488,[    10     16     26 ... 533382 533427 533442],0.13766256523295958,0.699961444398027
UBC_302,5840,0.07183897260000001,0.105868467,[    10     26    122 ... 533243 533334 533341],0.13985495575237245,0.7569875978327931
UBC_315,8715,0.03828174775384615,0.10198099275384614,[   337    340    342 ... 533290 533336 533385],0.168455983340426,0.6053865866417865
UBC_354,21344,0.1969720872631579,0.1830610450131579,[     8     10     16 ... 533375 533428 533431],0.14092336707350836,1.299011291134349
UBC_443,12763,0.20311570195555556,0.14761053795555557,[    18     29    168 ... 533348 533350 533371],0.12392709430059648,1.1911078750665511
UBC_476,16792,0.0877951647,0.1076393325,[    18     26     27 ... 533341 533348 533350],0.13160002678078211,0.8179278920611804
UBC_479,24801,0.17534124381764707,0.13501674381764706,[    16     18     29 ... 533375 533403 533431],0.12530810677418885,1.0774781240686497
UBC_490,29049,0.3258331355,0.2761450855,[   166    171    186 ... 533422 533431 533433],0.1309698660089954,2.1084627625795505
UBC_491,15917,0.138439513125,0.122501417125,[   165    167    171 ... 533348 533353 533355],0.12711255335871283,0.9637239901813619
UBC_499,17190,0.1594078274117647,0.1332593629117647,[     8     10     16 ... 533355 533370 533375],0.12653176551892972,1.053169236714938
UBC_503,18235,0.06994555315517242,0.10623075684482758,[    16    167    171 ... 533348 533353 533371],0.1317620779904954,0.8062316446807288
UBC_508,15945,0.14157951894,0.12761698106,[    10     16    165 ... 533348 533355 533375],0.12613473319747484,1.0117513061228312
UBC_552,12006,-0.03314847788888889,0.0821923196111111,[    19     96    152 ... 533336 533385 533387],0.16083262068163254,0.5110425936154485
UBC_558,18008,0.007005753871428572,0.09077014,[    65     96    132 ... 533399 533420 533425],0.165469564363083,0.5485609413996332
UBC_559,17569,0.04810346966666667,0.10123758966666667,[   167    196    224 ... 533374 533385 533399],0.14553506607537434,0.6956233462953494
UBC_618,16563,0.15695433181818183,0.12202758818181816,[    18     29    145 ... 533341 533350 533398],0.12202455263659523,1.000024876511795
UBC_620,13524,0.07069617725555556,0.105508096,[    16     18    165 ... 533348 533355 533375],0.12691103593735714,0.8313547771533315
UBC_622,25905,0.030981662562499998,0.09819701256249999,[     8     16     18 ... 533382 533403 533428],0.1290555827771986,0.7608893040452747
UBC_627,23943,0.0935556433,0.1067654373,[    18     27     29 ... 533400 533403 533405],0.12245134888056868,0.8719008673733131
UBC_632,22410,0.08995175776923076,0.10872124350000001,[     4      8     16 ... 533355 533370 533428],0.13277254552488216,0.8188533485608678
UBC_651,19123,0.146259758,0.14325281539999998,[    40     65    166 ... 533399 533422 533425],0.1364321764136565,1.0499928914544587
UPK_436,16515,0.158290841125,0.123649551125,[    18     29    145 ... 533341 533350 533398],0.12426605403040193,0.9950388470108571
UPK_442,23860,0.16239272462142856,0.1285123175,[     8     16     18 ... 533371 533375 533431],0.1251298729044071,1.0270314715190105
UPK_457,12365,0.027947901833333334,0.09232395183333333,[    18     29    145 ... 533334 533341 533350],0.12292427110721395,0.7510636508294513
UPK_526,13448,-0.037050904911111106,0.09738112891111111,[     4     10     16 ... 533344 533427 533442],0.13558088944946622,0.7182511437012445
UPK_549,27548,0.0872737624,0.11485402189999999,[     4      8     16 ... 533403 533428 533431],0.14202002316422344,0.8087171043986501
UPK_560,25207,0.0764059808,0.10611371920000001,[     4      8     16 ... 533427 533428 533431],0.12697028855830925,0.8357366152733349
UPK_630,9980,0.005499541,0.0883769325,[    96    152    224 ... 533290 533336 533387],0.16490885430749494,0.5359138105174706
vdBergh_85,17287,0.1382340715,0.1197132915,[    18     29    145 ... 533348 533350 533371],0.1303116597095154,0.9186690720297725
