cluster,age_gyr,n_match,n_ba,cl_ba_fe,match_ba_median,rand_ba_median,delta_match,delta_rand,closer,mw_p
ASCC_21,0.0089125054671134,12934,12832,0.11272286623716354,0.03498969227075577,-0.004205871373414993,0.1183980405330658,0.1453467309474945,True,0.0
ASCC_41,0.2137961713919407,5205,4958,0.20579580962657928,0.03416234254837036,-0.005366304889321327,0.17981460690498352,0.2176719605922699,True,0.0
ASCC_67,0.0371535375952047,24844,24775,0.14724914729595184,0.03176920861005783,-0.004329178482294083,0.13643980026245117,0.1691458523273468,True,0.0
ASCC_71,0.1288248533293804,14648,14424,0.058362528681755066,0.0613078698515892,-0.007967531681060791,0.10503906011581421,0.1230664849281311,True,0.0
ASCC_97,0.1122018947073786,20744,20629,-0.005535942502319813,0.038439176976680756,-0.004528120160102844,0.09614601731300354,0.10816426575183868,True,3.9944334e-22
Alessi_5,0.0676082856622264,11025,10918,0.05488189682364464,0.03194636479020119,-0.008342090994119644,0.09815534204244614,0.12238841503858566,True,0.0
Alessi_59,,14773,14309,0.2902962267398834,0.06177924573421478,-0.0066678449511528015,0.2319265753030777,0.3000982403755188,True,0.0
Alessi_8,0.1174896729347291,12222,12202,-0.12252610921859741,-0.08047568053007126,-0.005877383053302765,0.07595668733119965,0.1358414888381958,True,0.0
BH_151,0.0158489249640271,28868,28841,0.05288724601268768,0.014848440885543823,-0.003121364861726761,0.1080242246389389,0.11869935691356659,True,0.0
BH_211,0.4265796312095559,23342,23304,-0.03318500146269798,-0.00348857045173645,-0.005636937916278839,0.09330525994300842,0.11089535802602768,True,0.0
BH_23,0.0288403175645028,16234,15955,0.1620362401008606,0.08503111451864243,-0.007227800786495209,0.1189044862985611,0.18332146108150482,True,0.0
BH_54,0.0087096370470987,4086,4038,0.1414758861064911,0.07670702785253525,-0.008269909769296646,0.1199086382985115,0.17034226655960083,True,0.0
BH_66,0.7244353873869618,27384,27244,0.18460911512374878,0.03258630633354187,-0.005861135199666023,0.16120386123657227,0.1995602697134018,True,0.0
BH_72,0.2238723104986867,11475,11267,0.1443399339914322,0.06723079830408096,-0.004022892564535141,0.12465275824069977,0.16644032299518585,True,0.0
BH_78,0.3388439477987164,18607,18563,0.10492084920406342,0.009579554200172424,-0.004511687904596329,0.12730669975280762,0.1428757756948471,True,0.0
Basel_18,0.0275422906622152,25231,25212,0.030501849949359894,0.022942058742046356,-0.005323104560375214,0.10074923187494278,0.11292369663715363,True,0.0
Berkeley_20,4.786304286528699,12083,11935,0.04481346160173416,0.013965122401714325,-0.006289537996053696,0.09415653347969055,0.11584525555372238,True,0.0
Berkeley_22,2.454710856206481,17006,16766,0.13064615428447723,0.08509256690740585,-0.006882103160023689,0.10424360632896423,0.15695476531982422,True,0.0
Berkeley_32,4.897783461428336,15287,14979,0.1425853967666626,0.06590903550386429,-0.006465960294008255,0.11559286713600159,0.16708451509475708,True,0.0
Berkeley_33,0.2344228197592381,5009,4867,0.09199070185422897,0.046608857810497284,-0.01200111210346222,0.10507102310657501,0.1406252682209015,True,0.0
Berkeley_39,5.62341325190349,24300,24011,0.19876931607723236,0.07202642410993576,-0.004698336124420166,0.14343206584453583,0.21141737699508667,True,0.0
Berkeley_73,1.4125363038976315,12916,12539,0.10544984042644501,0.04021131992340088,-0.004284132272005081,0.10806650668382645,0.1421782225370407,True,0.0
Berkeley_78,3.890452816839944,18347,18015,0.24846923351287842,0.049927107989788055,-0.006181478500366211,0.20235608518123627,0.2590699791908264,True,0.0
Bochum_11,0.0063095762158615,29387,29187,0.14734354615211487,0.0564398393034935,-0.0035618506371974945,0.12542620301246643,0.16833996772766113,True,0.0
Bochum_6,0.006456541439665,14259,13978,0.2600822150707245,0.0554928332567215,-0.007232418283820152,0.21007651090621948,0.26982125639915466,True,0.0
Collinder_115,0.0954992627963111,12073,11653,0.19125553965568542,0.0825984999537468,-0.0048022158443927765,0.1373523324728012,0.20488891005516052,True,0.0
Collinder_135,0.0263026845396328,17582,17226,0.04728865250945091,0.0461542122066021,-0.008648794144392014,0.09537792205810547,0.11772587895393372,True,0.0
Collinder_185,0.0616594947701844,17633,17294,0.19253583252429962,0.06106555089354515,-0.003740798681974411,0.14817321300506592,0.20488059520721436,True,0.0
Collinder_205,0.0045708802901852,26731,26706,0.2244955599308014,-0.01343979500234127,-0.007820717990398407,0.2386825680732727,0.23790675401687622,False,0.17444523
Collinder_220,0.2344228197592381,5437,5411,0.0663745328783989,-0.017395231872797012,-0.0024417750537395477,0.11924393475055695,0.12602746486663818,True,2.3553493e-08
Collinder_261,6.309576215861531,22783,22614,-0.0021320912055671215,0.032762184739112854,-0.0061113592237234116,0.09518544375896454,0.1114974245429039,True,0.0
Czernik_26,0.5248077829311784,19346,19086,0.16680864989757538,0.08020279556512833,-0.006455130875110626,0.12255248427391052,0.1858464777469635,True,0.0
Czernik_30,2.8840317564502844,8522,8216,0.05264733359217644,0.008530475199222565,-0.0057813506573438644,0.09352071583271027,0.1210036426782608,True,0.0
Czernik_39,0.1380385355838289,13830,13819,0.09258060902357101,-0.020899716764688492,-0.003955043852329254,0.12751474976539612,0.13455772399902344,True,5.65571e-17
DBSB_101,0.0112201894707378,6417,6408,-0.02382866106927395,-0.004937691614031792,0.00027921609580516815,0.0873614251613617,0.11028781533241272,True,0.0
DBSB_104,0.0269153374005781,13065,13050,0.015414496883749962,-0.03106975369155407,-0.0061000194400548935,0.08735552430152893,0.11082397401332855,True,0.0
DBSB_43,0.0245470816103821,13986,13814,0.0648297518491745,0.05717724934220314,-0.005133176222443581,0.10555924475193024,0.12470778822898865,True,0.0
DBSB_60,,26940,26745,-0.06659357249736786,0.07172995060682297,-0.003935601562261581,0.14593252539634705,0.11570778489112854,False,1.0
DC_5,,22804,22612,0.14766444265842438,0.05758406221866608,-0.006917078047990799,0.12478023767471313,0.1707049310207367,True,0.0
Danks_1,,26029,25944,0.26101183891296387,0.02683349698781967,-0.006880471482872963,0.23570336401462555,0.271860808134079,True,0.0
Dolidze_32,0.102329353157667,16865,16847,0.032859526574611664,-0.0202663391828537,-0.005958769470453262,0.09831977635622025,0.11380638927221298,True,0.0
ESO_130_08,0.1778279410038923,18245,18046,0.039916738867759705,0.05023052170872688,-0.007114944979548454,0.099093496799469,0.11557276546955109,True,0.0
ESO_166_04,0.1995263191254866,6205,6078,0.05544067546725273,0.03199825808405876,-0.007487405091524124,0.09501314163208008,0.11952823400497437,True,0.0
ESO_211_03,1.288248533293805,26617,26426,0.25202906131744385,0.055873531848192215,-0.006405197083950043,0.19985580444335938,0.26220011711120605,True,0.0
ESO_226_06,0.0323593827469971,26392,26209,0.027607131749391556,0.05082317441701889,-0.005392115563154221,0.09777332842350006,0.1124802678823471,True,0.0
ESO_312_04,0.044668369023895,16390,16288,0.2247069627046585,0.039296675473451614,-0.004095073789358139,0.1910126954317093,0.23514370620250702,True,0.0
ESO_371_25,2.041739917404129,17606,17421,0.12046653777360916,0.052126914262771606,-0.004678327590227127,0.11826290935277939,0.15065598487854004,True,0.0
FSR_0088,0.1659587927845761,25553,25512,0.18090854585170746,0.0066318027675151825,-0.005339210852980614,0.179048553109169,0.19692017138004303,True,0.0
FSR_1032,,13240,13124,0.20034074783325195,0.030678272247314453,-0.0044071730226278305,0.1742658019065857,0.21219384670257568,True,0.0
FSR_1171,,9899,9623,0.0766133964061737,0.06760021299123764,-0.0049006156623363495,0.10658645629882812,0.1281372457742691,True,0.0
FSR_1252,0.8511386362915022,6295,6160,0.2923564314842224,0.12229612469673157,-0.00728459469974041,0.1787014901638031,0.30255594849586487,True,0.0
FSR_1260,0.1412536303897631,17735,17392,0.17708203196525574,0.06907235085964203,-0.004316931590437889,0.13456422090530396,0.19192546606063843,True,0.0
FSR_1297,,18801,18456,0.1198635995388031,0.06172599643468857,-0.004060693085193634,0.11482596397399902,0.1504250466823578,True,0.0
FSR_1335,0.0112201894707378,14332,13926,0.15411290526390076,0.05787373706698418,-0.003998814150691032,0.127557635307312,0.1748407781124115,True,0.0
FSR_1361,0.2884031756450284,16202,16067,0.09689151495695114,0.02383796125650406,-0.00566771999001503,0.1119467094540596,0.1385829597711563,True,0.0
FSR_1363,0.2238723104986867,15306,14967,0.27126237750053406,0.0627536028623581,-0.006785493344068527,0.2134200781583786,0.2816925644874573,True,0.0
FSR_1419,1.621810239813303,16608,16447,0.04608076438307762,0.04504933953285217,-0.006756417453289032,0.10102999210357666,0.11635975539684296,True,0.0
FSR_1586,,28655,28507,0.12813623249530792,0.04995817691087723,-0.006814967840909958,0.11990277469158173,0.15684069693088531,True,0.0
FSR_1591,,15984,15749,0.10033389180898666,0.04917027801275253,-0.00475812703371048,0.11335373669862747,0.13986274600028992,True,0.0
FSR_1595,0.6918312139914402,16678,16608,0.1324731409549713,0.003924332559108734,-0.002220451831817627,0.14641119539737701,0.1582871675491333,True,6.5340314e-37
FSR_1750,,9070,9055,-0.10002849996089935,-0.09809507429599762,-0.009165048599243164,0.06844618916511536,0.12296503782272339,True,0.0
Ferrero_11,0.2818381693478142,19686,19419,0.08710504323244095,0.05798695981502533,-0.005955945700407028,0.10697754472494125,0.1336863934993744,True,0.0
Gulliver_1,1.380385355838289,18708,18494,0.07371566444635391,0.06221636012196541,-0.005605790764093399,0.1065705344080925,0.12773139774799347,True,0.0
Gulliver_27,0.602559215586761,26818,26672,0.18286298215389252,0.060091640800237656,-0.00584372878074646,0.14015662670135498,0.19841910898685455,True,0.0
Gulliver_39,0.6165949477018448,28911,28865,0.10541900992393494,0.02325589209794998,-0.003837406635284424,0.1219988539814949,0.14236265420913696,True,0.0
Gulliver_46,0.0117489801933541,16811,16791,0.11575470864772797,0.003527112305164337,-0.002886250615119934,0.13085344433784485,0.14654992520809174,True,5.783e-41
Gulliver_50,0.0407380403044348,33807,33680,0.16936525702476501,0.04384482651948929,-0.005815178155899048,0.14447250962257385,0.18753018975257874,True,0.0
Gulliver_52,0.4786304286528699,21240,21145,0.06821232289075851,0.0372203066945076,-0.0038125962018966675,0.10667970776557922,0.12513652443885803,True,0.0
Gulliver_7,0.4786304286528699,16917,16662,0.2843574583530426,0.0679430142045021,-0.0037115439772605896,0.21992476284503937,0.29118412733078003,True,0.0
Haffner_26,0.5370312303176601,22555,22293,0.17266079783439636,0.07077508419752121,-0.006005704402923584,0.12914469838142395,0.18946295976638794,True,0.0
Haffner_9,0.3801893295314407,18347,17998,0.14995433390140533,0.06981296092271805,-0.005644563585519791,0.122111976146698,0.1726667881011963,True,0.0
Hogg_4,1.4791086480080835,26633,26441,0.20606575906276703,0.0515420064330101,-0.0044883862137794495,0.16298596560955048,0.2180282473564148,True,0.0
IC_2391,0.0288403175645028,23310,23283,0.07865011692047119,0.025401674211025238,-0.005365762859582901,0.10942623764276505,0.12965236604213715,True,0.0
IC_2581,0.0102329353157667,22186,22121,0.07243664562702179,0.015731610357761383,-0.006142757833003998,0.11390814185142517,0.12825535237789154,True,0.0
IC_2602,0.0363078006932764,20216,20007,0.16187722980976105,0.05553407967090607,-0.004766520112752914,0.1332428753376007,0.18102918565273285,True,0.0
IC_2714,0.5248077829311784,10031,9862,0.10675079375505447,0.06143322214484215,-0.0057570356875658035,0.11419007927179337,0.14342668652534485,True,0.0
Juchert_13,2.290865841769215,5598,5589,0.19639338552951813,0.0320725217461586,-0.006682556122541428,0.17209690809249878,0.21118667721748352,True,0.0
LP_2059,0.2691536695250797,24883,24717,0.15613538026809692,0.03985752910375595,-0.0054345279932022095,0.13664975762367249,0.17659367620944977,True,0.0
LP_2068,0.2238723104986867,15921,15901,-0.0185120590031147,-0.02729067951440811,-0.005653340369462967,0.08168542385101318,0.10885141789913177,True,0.0
LP_2094,0.1479108648008083,2423,2413,0.1165899708867073,0.029444143176078796,-0.004774127155542374,0.12346455454826355,0.14860549569129944,True,2.9974755e-14
LP_2117,0.6309576215861531,21063,20991,0.20064835250377655,0.011310480535030365,-0.0047961995005607605,0.1924009472131729,0.21401748061180115,True,0.0
LP_2210,0.1288248533293804,6140,6038,0.03287886455655098,0.05268465727567673,-0.009973617270588875,0.09329265356063843,0.11394689977169037,True,3.2749738e-25
LP_2220,0.4570880290185208,12673,12401,0.22965049743652344,0.09011586755514145,-0.003665681928396225,0.15533438324928284,0.23886096477508545,True,0.0
LP_597,0.5370312303176601,18954,18935,-0.016841968521475792,-0.03339531645178795,-0.005172118544578552,0.0848977193236351,0.10905302315950394,True,0.0
LP_930,2.290865841769215,5907,5822,0.10622060298919678,0.05956847220659256,-0.002706903964281082,0.11310797929763794,0.14086563885211945,True,0.0
Lynga_14,,20812,20767,0.17484919726848602,0.02515590190887451,-0.0053023360669612885,0.15984869003295898,0.1906542181968689,True,0.0
Melotte_101,0.1659587927845761,23052,22935,0.08816620707511902,0.031661465764045715,-0.007286377251148224,0.11161347478628159,0.13621312379837036,True,0.0
Muzzio_1,0.0077624687798841,24212,24052,0.06926560401916504,0.04425616189837456,-0.007927685976028442,0.10566823184490204,0.12736859917640686,True,0.0
NGC_2112,2.089294662720361,19821,19553,0.13168863952159882,0.06749226897954941,-0.004416812211275101,0.11710944026708603,0.1593226194381714,True,0.0
NGC_2232,0.0177827941003892,17956,17608,0.14155671000480652,0.05359375476837158,-0.005536027252674103,0.12323959171772003,0.16575995087623596,True,0.0
NGC_2254,0.3467368199963294,24991,24763,0.04400632157921791,0.06197086721658707,-0.004850059747695923,0.10055661201477051,0.1164330542087555,True,0.0
NGC_2287,0.1698241862446276,13195,12890,0.07908493280410767,0.03840301185846329,-0.006951838731765747,0.10483059287071228,0.13116353750228882,True,0.0
NGC_2318,0.4365161773191,16692,16517,0.06047715246677399,0.03620155155658722,-0.007211662828922272,0.10027437657117844,0.1208035796880722,True,0.0
NGC_2516,0.239883355113592,19507,19199,0.0668259784579277,0.04952661693096161,-0.00572841614484787,0.10012520104646683,0.1255498081445694,True,0.0
NGC_2527,0.6918312139914402,15140,14796,0.3408203721046448,0.09328516572713852,-0.006092915311455727,0.25024253129959106,0.3492840528488159,True,0.0
NGC_2533,1.047129651766654,18348,17932,0.1911250501871109,0.07800658047199249,-0.006501480937004089,0.13592006266117096,0.20647701621055603,True,0.0
NGC_2539,0.6918312139914402,16726,16641,0.04422324150800705,0.005294986069202423,-0.004392050206661224,0.10310398787260056,0.11594047397375107,True,3.17254e-40
NGC_2547,0.0323593827469971,28129,27999,0.11278211325407028,0.030667386949062347,-0.005730021744966507,0.12228504568338394,0.14641132950782776,True,0.0
NGC_2548,0.3890452816839944,17891,17742,0.14389526844024658,0.04247530549764633,-0.00547686405479908,0.12885716557502747,0.1668454110622406,True,0.0
NGC_2587,0.3162277660168379,11990,11925,-0.03653871268033981,0.008996814489364624,-0.006872065365314484,0.09111340343952179,0.11091223359107971,True,1.15e-43
NGC_2588,0.5495405842387225,25087,24782,0.19569902122020721,0.06806164979934692,-0.006491461768746376,0.14481613039970398,0.21091055870056152,True,0.0
NGC_2632,0.6760828566222641,21595,21390,0.011391034349799156,0.048506367951631546,-0.0038891229778528214,0.09524945914745331,0.11142081022262573,True,1e-44
NGC_2660,0.9332548746146908,19685,19581,0.1622745245695114,0.04013527184724808,-0.006680388003587723,0.1401941180229187,0.18195469677448273,True,0.0
NGC_2670,0.102329353157667,18288,18135,0.21702440083026886,0.03676935285329819,-0.006650563329458237,0.1842319816350937,0.22969964146614075,True,0.0
NGC_2682,4.265796312095559,25264,25100,0.005105328280478716,0.03506183251738548,-0.006948815658688545,0.09541481733322144,0.10866035521030426,True,1.6357417e-38
NGC_2910,0.1288248533293804,11420,11193,0.1408393532037735,0.0751190260052681,-0.0016501471400260925,0.12335625290870667,0.16207100450992584,True,0.0
NGC_2925,0.1288248533293804,16948,16778,0.11695844680070877,0.049818992614746094,-0.006258765235543251,0.11716625094413757,0.15181052684783936,True,0.0
NGC_2972,0.4897783461428336,10023,10011,0.03558462858200073,0.05753839761018753,-0.003800995647907257,0.09837958216667175,0.11426910758018494,True,7.171757e-35
NGC_3105,0.021877623926123,27627,27542,0.16593174636363983,0.02530042827129364,-0.006990743800997734,0.15208739042282104,0.18431887030601501,True,0.0
NGC_3228,0.0301995185303324,13006,12962,0.09196843206882477,0.015038244426250458,-0.007169211283326149,0.10958270728588104,0.13486993312835693,True,0.0
NGC_3255,0.2238723104986867,22211,22065,0.06536214798688889,0.030569523572921753,-0.006964825093746185,0.10571877658367157,0.12465843558311462,True,0.0
NGC_3766,0.0229086835704537,20310,20286,0.004925839602947235,-0.039293646812438965,-0.008392604067921638,0.09339670091867447,0.11074166744947433,True,0.0
NGC_4349,0.3162277660168379,19947,19923,0.08196885138750076,0.007135555148124695,-0.0059143416583538055,0.1146274134516716,0.13086366653442383,True,0.0
NGC_5168,0.602559215586761,24030,24003,-0.014219727367162704,0.012769974768161774,-0.0044506266713142395,0.09842775762081146,0.1096271425485611,True,1.8381845e-35
NGC_5381,0.3548135450617081,24317,24239,-0.0009683683747425675,0.03257396072149277,-0.004855398088693619,0.09541668742895126,0.10931257903575897,True,4.5386456e-37
NGC_5460,0.1584892496402718,23164,23146,0.05939310044050217,-0.005425434559583664,-0.004898034036159515,0.11203832924365997,0.12210796028375626,True,4.084756e-39
NGC_5617,0.1047129651766653,27856,27764,0.07565925270318985,0.05157763883471489,-0.006604935973882675,0.10408416390419006,0.12851537764072418,True,0.0
NGC_5662,0.1995263191254866,22951,22925,0.07568370550870895,0.008695892989635468,-0.006019193679094315,0.11393938213586807,0.1273164600133896,True,0.0
NGC_5749,0.0524807206714521,5463,5454,0.02288152277469635,0.0032999590039253235,-0.008580794557929039,0.0820271447300911,0.11071880161762238,True,0.0
NGC_5822,0.9120109194638908,19309,19289,-0.0895841121673584,-0.024907492101192474,-0.003029998391866684,0.09563127905130386,0.12265101075172424,True,0.0
NGC_6124,0.1905459546378596,20473,20296,0.07998514175415039,0.033517539501190186,-0.005895886570215225,0.10840025544166565,0.12981972098350525,True,0.0
NGC_6152,0.2238723104986867,21104,21077,0.09112894535064697,-0.03553435951471329,-0.00447753444314003,0.13793793320655823,0.1353658139705658,False,0.5415273
NGC_6167,0.1548815122441698,18151,18132,0.03278573602437973,-0.03341422230005264,-0.0058127511292696,0.10077166557312012,0.11280076205730438,True,0.0
NGC_6178,0.016595861056887,20895,20874,-0.013133231550455093,-0.029630301520228386,-0.0064786095172166824,0.08983290195465088,0.1071130558848381,True,0.0
NGC_6204,0.0933253849940474,21483,21443,0.11412332206964493,-0.003557492047548294,-0.006478499621152878,0.13811272382736206,0.14805084466934204,True,3.207942e-28
NGC_6250,0.0239883355113592,6385,6377,0.13784080743789673,-0.04855351895093918,-0.002079758793115616,0.18757779896259308,0.16225624084472656,False,1.0
NGC_6318,0.0097723670593248,18608,18578,0.0638885647058487,0.001562751829624176,-0.003350706771016121,0.10661859065294266,0.12354019284248352,True,0.0
NGC_6645,0.512861429039393,9065,9057,0.010012696497142315,-0.01052599772810936,-0.005454283207654953,0.08142097294330597,0.11136308312416077,True,0.0
NGC_6694,0.1412536303897631,21308,21285,0.15853701531887054,-0.008977800607681274,-0.0074502937495708466,0.17233243584632874,0.1794867366552353,True,8.337112e-13
NGC_6756,0.0478629903136986,15745,15728,-0.05786728486418724,-0.005997423082590103,-0.005805768072605133,0.0959295928478241,0.11320501565933228,True,0.0
Patchick_90,1.096478099832217,22997,22692,0.16128018498420715,0.07081230729818344,-0.006400149315595627,0.12500663101673126,0.18058714270591736,True,0.0
Pismis_15,0.8709627484287175,11069,10679,0.20401179790496826,0.05304349213838577,-0.005680829286575317,0.1635150909423828,0.21674665808677673,True,0.0
Pismis_20,,6406,6398,0.03473704680800438,-0.004152126610279083,-0.004683217033743858,0.09294496476650238,0.11624952405691147,True,0.0
Pismis_21,,9270,9260,0.06146848201751709,0.02035525068640709,-0.006371043622493744,0.10059098899364471,0.12363770604133606,True,0.0
Pismis_23,,15793,15753,0.08329874277114868,0.014294415712356567,-0.006067056208848953,0.10856027901172638,0.13206294178962708,True,0.0
Pozzo_1,0.0095499262796311,12141,11761,0.14542578160762787,0.05723021924495697,-0.0030728094279766083,0.1265648603439331,0.16747735440731049,True,0.0
Ruprecht_1,0.2884031756450284,17139,16799,0.1655343621969223,0.058196134865283966,-0.0041503384709358215,0.13270901143550873,0.18179701268672943,True,0.0
Ruprecht_105,0.3890452816839944,12610,12536,0.13586170971393585,0.020223598927259445,-0.00904497504234314,0.13267114758491516,0.16209420561790466,True,0.0
Ruprecht_119,0.0478629903136986,18576,18557,0.033209893852472305,0.0033105015754699707,-0.007218256592750549,0.09622380137443542,0.11339786648750305,True,0.0
Ruprecht_121,0.1778279410038923,10339,10324,0.06835807859897614,-0.06444644182920456,-0.0036474131047725677,0.13753238320350647,0.1253546178340912,False,1.0
Ruprecht_161,0.1047129651766653,20179,19928,0.09946910291910172,0.058549914509058,-0.006566019728779793,0.11258967220783234,0.14155447483062744,True,0.0
Ruprecht_18,0.1288248533293804,18374,18040,0.13482266664505005,0.06875329464673996,-0.001637415960431099,0.11726169288158417,0.15855270624160767,True,0.0
Ruprecht_54,0.2754226042194985,12912,12557,0.26326966285705566,0.0671611800789833,-0.0062650516629219055,0.2018405795097351,0.2738654911518097,True,0.0
Ruprecht_58,0.3311314705081584,22094,21752,0.20558775961399078,0.07564301043748856,-0.003168415278196335,0.14684553444385529,0.216091126203537,True,0.0
Ruprecht_61,,17826,17465,0.15362250804901123,0.05586806684732437,-0.004713229835033417,0.1274985373020172,0.17439325153827667,True,0.0
Ruprecht_77,0.0123026920306321,16917,16662,0.2843574583530426,0.0679430142045021,-0.005891082808375359,0.21992476284503937,0.29285645484924316,True,0.0
Ruprecht_78,,17048,16857,0.023705217987298965,0.04023557901382446,-0.005525704473257065,0.0932244211435318,0.11050525307655334,True,0.0
Ruprecht_82,0.4570880290185208,28150,27976,0.18725430965423584,0.06906639039516449,-0.007004622370004654,0.1373979151248932,0.20283089578151703,True,0.0
Ruprecht_91,0.1380385355838289,16105,15949,0.05184079334139824,0.04766739159822464,-0.005401946604251862,0.10172054171562195,0.11776427924633026,True,0.0
Ruprecht_97,0.1778279410038923,21854,21763,0.15212243795394897,0.03276238590478897,-0.0063563138246536255,0.13897529244422913,0.17455261945724487,True,0.0
Ruprecht_98,0.4897783461428336,27907,27829,0.13722138106822968,0.03208678960800171,-0.005687035620212555,0.13187584280967712,0.16232603788375854,True,0.0
SAI_113,0.0089125054671134,15762,15709,0.08020756393671036,0.009683758020401001,-0.004719693213701248,0.11495175957679749,0.13062837719917297,True,0.0
Stock_14,0.0363078006932764,5791,5739,0.11652102321386337,0.039055101573467255,-0.0048757754266262054,0.11833751946687698,0.14776559174060822,True,0.0
Stock_16,,20719,20705,0.10612271726131439,-0.01983669400215149,-0.008294321596622467,0.1380149871110916,0.14450399577617645,True,6.652592e-20
Teutsch_103,0.3630784055774333,21451,21212,0.11063740402460098,0.0529463104903698,-0.005324607715010643,0.11295518279075623,0.14610055088996887,True,0.0
Teutsch_13,0.0079432840915212,7802,7513,0.23899796605110168,0.07904136925935745,-0.00850728154182434,0.17249643802642822,0.25291013717651367,True,0.0
Teutsch_38,0.0371535375952047,2797,2792,0.2857053577899933,0.03836696967482567,0.0050048790872097015,0.2483064830303192,0.2860110402107239,True,6.0876105e-20
Teutsch_44,2.5703948796691973,20070,19855,0.16520912945270538,0.0463440865278244,-0.006071895360946655,0.13875697553157806,0.18440046906471252,True,0.0
Teutsch_61,0.045708802901852,25276,25091,0.13790737092494965,0.050817444920539856,-0.005852557718753815,0.12453986704349518,0.16372165083885193,True,0.0
Teutsch_85,,19672,19639,0.11893355846405029,0.007184281945228577,-0.00683831050992012,0.13337263464927673,0.15243962407112122,True,0.0
Tombaugh_2,1.621810239813303,8933,8599,0.2180854082107544,0.056622497737407684,-0.0033857524394989014,0.1722162961959839,0.22657765448093414,True,0.0
Trumpler_14,0.0630957621586153,24073,23933,0.07761310786008835,0.025132864713668823,-0.00489744171500206,0.11079714447259903,0.1292416751384735,True,0.0
Trumpler_17,0.0199526319125486,25961,25755,0.10894220322370529,0.05949089676141739,-0.008020319044589996,0.11276639252901077,0.14689433574676514,True,0.0
Trumpler_19,4.897783461428336,20850,20650,0.11293122917413712,0.05876701697707176,-0.0044752806425094604,0.11454471945762634,0.14610016345977783,True,0.0
Trumpler_20,1.862089099377868,18675,18652,0.19623613357543945,-0.022095022723078728,-0.005551634356379509,0.21987633407115936,0.21024945378303528,False,0.99739444
Trumpler_25,0.2290865841769215,5963,5956,0.024292247369885445,-0.035790033638477325,-0.004092598333954811,0.08925999701023102,0.11248569190502167,True,0.0
Trumpler_35,0.0389045281683994,8363,8349,0.02222537435591221,0.0025191232562065125,-0.0022798702120780945,0.09126397967338562,0.10793285071849823,True,4.2627928e-35
UBC_102,0.3311314705081584,6386,6365,0.09068391472101212,-0.00228755921125412,-0.005409102886915207,0.12418171018362045,0.13492615520954132,True,1.4055329e-17
UBC_199,1.148154730847072,28866,28693,0.14022518694400787,0.0580519437789917,-0.006439242511987686,0.1204877570271492,0.16502833366394043,True,0.0
UBC_210,1.288248533293805,16220,16208,0.06544152647256851,0.007505647838115692,-0.0032158587127923965,0.10811546444892883,0.12516304850578308,True,0.0
UBC_216,0.0616594947701844,16845,16486,0.14209862053394318,0.06227798014879227,-0.003825720399618149,0.12257172912359238,0.16590070724487305,True,0.0
UBC_228,0.8128302305789092,14558,14221,0.181341752409935,0.0634751096367836,-0.006659667938947678,0.14101725816726685,0.19821546971797943,True,0.0
UBC_229,0.1122018947073786,13593,13442,0.3260171711444855,0.07332486659288406,-0.008299699053168297,0.25452667474746704,0.3361299932003021,True,0.0
UBC_239,0.2754226042194985,18232,17899,0.24889825284481049,0.06549382954835892,-0.00401277095079422,0.18915250897407532,0.25769075751304626,True,0.0
UBC_250,0.3311314705081584,18838,18563,0.10801113396883011,0.04537070542573929,-0.004836238920688629,0.11489802598953247,0.14376166462898254,True,0.0
UBC_254,0.1096478099832217,28757,28674,0.016927143558859825,0.02569912001490593,-0.0058677345514297485,0.09717866778373718,0.11249885708093643,True,0.0
UBC_258,0.0407380403044348,25479,25324,0.15888544917106628,0.04125121235847473,-0.004716271534562111,0.13741816580295563,0.17782281339168549,True,0.0
UBC_259,0.102329353157667,18701,18481,0.08687698096036911,0.05441995710134506,-0.007667716592550278,0.10990116000175476,0.13511842489242554,True,0.0
UBC_260,0.2344228197592381,8573,8369,0.10781388729810715,0.023943088948726654,-0.007667988538742065,0.11785832792520523,0.14671730995178223,True,0.0
UBC_264,0.2951211041237279,19272,19147,0.19887137413024902,0.03902972489595413,-0.00584779679775238,0.1680549681186676,0.21264711022377014,True,0.0
UBC_266,0.0128824994773753,21469,21326,0.2877342402935028,0.04830973595380783,-0.0069330837577581406,0.2411734014749527,0.2974409759044647,True,0.0
UBC_270,0.1621810239813303,19942,19786,0.1425560861825943,0.05279766023159027,-0.004738055169582367,0.12431445717811584,0.16636444628238678,True,0.0
UBC_277,0.102329353157667,18926,18714,0.16439203917980194,0.05172780528664589,-0.005576085299253464,0.13578084111213684,0.18243806064128876,True,0.0
UBC_285,0.0616594947701844,17891,17669,0.1363614946603775,0.05492238700389862,-0.005471661686897278,0.12307553738355637,0.16191232204437256,True,0.0
UBC_286,0.0575440240605537,15072,15055,0.17116744816303253,-0.002620343118906021,-0.005013875663280487,0.17678770422935486,0.18864688277244568,True,1.2608344e-12
UBC_289,0.1380385355838289,29120,29098,0.0010352457175031304,0.07018556445837021,-0.004413969814777374,0.10332868248224258,0.11027222871780396,True,8.03433e-10
UBC_291,0.0251188698309886,16095,16076,0.042882200330495834,-0.03467460721731186,-0.003575606271624565,0.10554356873035431,0.1140744537115097,True,2.0343905e-30
UBC_292,0.069183121399144,18498,18450,0.008620734326541424,0.013131875544786453,-0.007237214595079422,0.09062357246875763,0.10982359945774078,True,0.0
UBC_301,0.2344228197592381,21150,21128,0.001192749827168882,0.01844821125268936,-0.0055349841713905334,0.09669698029756546,0.1095624715089798,True,2.829e-42
UBC_302,0.5754402406055371,5639,5629,0.07183897495269775,0.019550323486328125,-0.004199225455522537,0.10561569035053253,0.12663798034191132,True,5.7496485e-26
UBC_303,0.7079464062202759,13623,13579,0.021208016201853752,0.024148061871528625,-0.0059482865035533905,0.09312298148870468,0.11048425734043121,True,0.0
UBC_312,0.794327537013272,13009,13003,-0.005464102141559124,-0.005666866898536682,-0.009545806795358658,0.08670629560947418,0.10896742343902588,True,0.0
UBC_324,0.794327537013272,12976,12957,0.01720898225903511,-0.05480121448636055,-0.005551785230636597,0.09660793840885162,0.110280841588974,True,6e-45
UBC_326,0.2630268453963283,9767,9714,0.22948065400123596,-0.049385733902454376,-0.006329700350761414,0.2792605757713318,0.24209699034690857,False,1.0
UBC_344,0.0034673681999632,16466,16450,0.019895756617188454,-0.029578331857919693,-0.00503220409154892,0.09283378720283508,0.11196566373109818,True,0.0
UBC_345,0.0144543926289566,9886,9870,-0.02484002523124218,-0.045908372849226,-0.0069723427295684814,0.07900703698396683,0.10815788805484772,True,0.0
UBC_354,0.1995263191254866,21366,21273,0.1935308277606964,0.013661712408065796,-0.003477439284324646,0.18364685773849487,0.2055424451828003,True,0.0
UBC_441,0.1737799912893991,7250,6974,0.16967733204364777,0.05056242644786835,-0.002506168559193611,0.1417105495929718,0.1859675645828247,True,0.0
UBC_443,0.8912505467113453,12448,12054,0.20311570167541504,0.07409217953681946,-0.0033857151865959167,0.14864298701286316,0.21493199467658997,True,0.0
UBC_461,0.0478629903136986,16126,15862,0.24001960456371307,0.04730755835771561,-0.002147119492292404,0.1967918872833252,0.24814096093177795,True,0.0
UBC_470,0.0323593827469971,14765,14387,0.10857079923152924,0.051178015768527985,-0.0035713128745555878,0.11572332680225372,0.14362011849880219,True,0.0
UBC_476,0.0870963704709874,16398,16077,0.08779516816139221,0.043683841824531555,-0.0051420144736766815,0.10739347338676453,0.13174328207969666,True,0.0
UBC_479,0.0204173767566041,20456,20182,0.17165391147136688,0.06689523160457611,-0.007168108597397804,0.1313493847846985,0.18989530205726624,True,0.0
UBC_482,0.0269153374005781,2808,2776,0.1621817648410797,0.03253895416855812,-0.007339293137192726,0.16100962460041046,0.18338161706924438,True,4.4384216e-19
UBC_490,0.0398107083132505,27788,27641,0.32583314180374146,0.04766160249710083,-0.004735562950372696,0.27901691198349,0.3326924443244934,True,0.0
UBC_491,0.1819701817628807,13884,13692,0.1355534791946411,0.0628763735294342,-0.006851868703961372,0.12176966667175293,0.16308888792991638,True,0.0
UBC_497,,21938,21866,0.11663234978914261,0.015486333519220352,-0.00739162415266037,0.1277576982975006,0.15021464228630066,True,0.0
UBC_499,0.0524807206714521,16629,16347,0.159407839179039,0.05192050337791443,-0.0053444840013980865,0.13424456119537354,0.17859122157096863,True,0.0
UBC_503,1.5488151224416984,17438,17280,0.06994554400444031,0.049214135855436325,-0.00588214211165905,0.10556966066360474,0.1251066029071808,True,0.0
UBC_504,0.0112201894707378,13023,12975,0.0976673811674118,-0.01052076742053032,-0.00920179858803749,0.13369454443454742,0.139853373169899,True,1.3748157e-19
UBC_509,0.5888442760205689,14479,14194,0.14756529033184052,0.0675884485244751,-0.005360813811421394,0.12309297919273376,0.16921274363994598,True,0.0
UBC_512,0.2951211041237279,29012,28938,0.10091704875230789,0.025508783757686615,-0.004305785521864891,0.11898397654294968,0.14060932397842407,True,0.0
UBC_518,0.0301995185303324,13598,13573,-0.04390935227274895,-0.06644009798765182,-0.004075009375810623,0.07948282361030579,0.1125839352607727,True,0.0
UBC_528,2.691536695250797,19489,19467,-0.039214231073856354,-0.011019941419363022,-0.006316598504781723,0.09732721000909805,0.11310731619596481,True,1e-45
UBC_529,0.1659587927845761,25842,25804,-0.008825776167213917,0.01169658824801445,-0.005249803885817528,0.09439536929130554,0.10866287350654602,True,0.0
UBC_533,0.0891250546711345,13167,13153,-0.005067435093224049,-0.03881906718015671,-0.0023129619657993317,0.08232852071523666,0.10800086706876755,True,0.0
UBC_541,0.021877623926123,10418,10414,-0.012010501697659492,-0.011852489784359932,-0.009260466322302818,0.08246715366840363,0.10975147783756256,True,0.0
UBC_550,0.0467735223455781,4768,4753,0.021145273000001907,-0.02282116189599037,-0.0018217600882053375,0.08679382503032684,0.11320306360721588,True,6.0764556e-38
UBC_552,0.0112201894707378,11366,11355,-0.03314848244190216,-0.0328567698597908,-0.009291525930166245,0.08159323036670685,0.10810504853725433,True,0.0
UBC_553,0.0131825639118268,16181,16153,-0.07581502199172974,-0.0674353688955307,-0.0038747265934944153,0.07547818869352341,0.11963535100221634,True,0.0
UBC_554,0.0602559877171915,11697,11564,-0.04867946729063988,0.03544338420033455,-0.007322611287236214,0.10848655551671982,0.11180287599563599,True,0.02303215
UBC_557,0.1445439262895664,14180,14153,-0.07534705847501755,-0.07567950338125229,-0.004267342388629913,0.07255841046571732,0.11793457716703415,True,0.0
UBC_558,0.0072443618278712,17173,17148,0.007005755323916674,-0.03917161375284195,-0.006145017221570015,0.09083203971385956,0.10950541496276855,True,0.0
UBC_559,0.0114815347022194,16660,16631,0.04810347035527229,0.007621392607688904,-0.005848649889230728,0.10083197057247162,0.1166059672832489,True,0.0
UBC_562,0.0117489801933541,17254,17232,-0.01979876309633255,0.013363294303417206,-0.005801573395729065,0.0953822135925293,0.10759830474853516,True,1.090491e-30
UBC_618,0.7244353873869618,16224,15810,0.1569543480873108,0.07270877808332443,-0.006432726979255676,0.12259627878665924,0.177548348903656,True,0.0
UBC_622,0.7585777749219503,25145,24910,0.03098165988922119,0.0539594404399395,-0.004423912614583969,0.0973675400018692,0.11407377570867538,True,0.0
UBC_627,2.089294662720361,23236,23161,0.09355564415454865,0.058368220925331116,-0.005041699856519699,0.10635367035865784,0.1364229917526245,True,0.0
UBC_632,,21338,21052,0.08995175361633301,0.05233626067638397,-0.006221389397978783,0.10827697068452835,0.13579580187797546,True,0.0
UBC_646,0.0229086835704537,14174,13800,0.12465709447860718,0.07763214409351349,-0.005778118968009949,0.1145191639661789,0.15551280975341797,True,0.0
UBC_650,0.0776246877988414,8542,8230,0.1285581886768341,0.06018126383423805,-0.005851268768310547,0.12113054096698761,0.15559327602386475,True,0.0
UBC_651,0.1584892496402718,18311,18205,0.14625975489616394,0.022796466946601868,-0.004076916724443436,0.143578439950943,0.16793379187583923,True,0.0
UBC_652,0.01,14929,14747,0.04666503146290779,0.029850132763385773,-0.0037889592349529266,0.10136015713214874,0.11720171570777893,True,0.0
UBC_654,0.0089125054671134,15593,15355,0.24035823345184326,0.040089234709739685,-0.003047514706850052,0.20352499186992645,0.2479405552148819,True,0.0
UBC_656,,12057,11957,0.04511348158121109,0.026886798441410065,-0.00695907324552536,0.096969835460186,0.11746104806661606,True,0.0
UBC_660,1.0,18855,18724,-0.006666712462902069,0.024644076824188232,-0.005767194554209709,0.0906083956360817,0.10790593922138214,True,1.0405e-41
UBC_664,0.0407380403044348,27006,26987,0.0730191096663475,0.014735095202922821,-0.004547011107206345,0.11386844515800476,0.12801000475883484,True,0.0
UBC_93,0.8128302305789092,26330,26286,0.11882559955120087,0.019553281366825104,-0.004497762769460678,0.12772205471992493,0.14984562993049622,True,0.0
UPK_12,0.1995263191254866,7549,7331,0.13869798183441162,0.031374454498291016,-0.005410145968198776,0.1322634369134903,0.16638536751270294,True,0.0
UPK_18,0.7244353873869618,7753,7746,-0.017648231238126755,0.007053028792142868,-0.0060505736619234085,0.08995791524648666,0.11038945615291595,True,2.463492e-35
UPK_33,0.2818381693478142,13413,13400,0.022839877754449844,-0.022182928398251534,-0.004538394510746002,0.0914439782500267,0.11013704538345337,True,0.0
UPK_398,0.0107151982289039,23915,23899,0.252685010433197,0.0931706354022026,-0.004855398088693619,0.16706985235214233,0.2617950141429901,True,0.0
UPK_4,0.2754226042194985,26063,26035,0.19555824995040894,0.015494301915168762,-0.005004502832889557,0.1842333972454071,0.20881317555904388,True,0.0
UPK_436,0.0257039487966919,16219,15769,0.15829084813594818,0.07056183367967606,-0.007161945104598999,0.12417382746934891,0.18034571409225464,True,0.0
UPK_442,0.1698241862446276,24652,24378,0.17074593901634216,0.06280088424682617,-0.004478070884943008,0.1323627233505249,0.18649475276470184,True,0.0
UPK_457,,13026,12561,0.06021054461598396,0.05900467187166214,-0.009854234755039215,0.10205236822366714,0.12296469509601593,True,0.0
UPK_508,0.1,12418,12152,0.06845664232969284,0.08623770624399185,-0.004052989184856415,0.10795266926288605,0.12631675601005554,True,0.0
UPK_526,0.0309029380386681,13026,13000,-0.03705090284347534,0.016492635011672974,-0.003526965156197548,0.09619322419166565,0.1102360188961029,True,2.8705625e-30
UPK_549,0.9332548746146908,26516,26468,0.08727376163005829,0.019766613841056824,-0.006968185305595398,0.11496603488922119,0.13424527645111084,True,0.0
UPK_560,0.323593827469971,24450,24257,0.07640598714351654,0.04857105016708374,-0.0046622976660728455,0.10567426681518555,0.12962423264980316,True,0.0
UPK_630,0.1122018947073786,9413,9403,0.005499541759490967,-0.036350347101688385,-0.0050680190324783325,0.08848457783460617,0.11026375740766525,True,0.0
vdBergh_80,0.006456541439665,22975,22723,0.062102727591991425,0.06212848424911499,-0.0064939409494400024,0.10430580377578735,0.12404817342758179,True,0.0
vdBergh_85,0.0043651569804287,16894,16477,0.13823406398296356,0.06481900066137314,-0.0077589042484760284,0.12006332725286484,0.16432566940784454,True,0.0
