cluster,age_gyr,n_match,n_rv,cl_rv,med_drv_match,med_drv_rand,ratio,frac_in10_match,frac_in10_rand,mw_p
ASCC_21,0.0089125054671134,12934,12934,30.95350310434782,29.64459228515625,31.106740951538086,0.9529957616370114,0.17542910159270142,0.16885727539817535,4.8831058e-05
ASCC_41,0.2137961713919407,5205,5205,39.758067,36.86600112915039,37.06715774536133,0.9945731847693094,0.14466858789625361,0.13429394812680115,0.64113516
ASCC_67,0.0371535375952047,24844,24844,-10.58696658333333,25.43829345703125,27.129310607910156,0.9376682594217542,0.20596522299146675,0.19199806794397037,9.700713e-25
ASCC_71,0.1288248533293804,14648,14648,-13.825556072307693,28.606056213378906,28.63219451904297,0.9990871008630974,0.17674767886400874,0.18835335882031676,0.031226082
ASCC_97,0.1122018947073786,20744,20744,17.4605644,23.06842803955078,25.131160736083984,0.9179213121831067,0.23279020439645198,0.21297724643270344,1.1092548e-25
Alessi_5,0.0676082856622264,11025,11025,13.730241899999998,23.96046257019043,23.893774032592773,1.0027910424492459,0.22793650793650794,0.22839002267573696,0.1913617
Alessi_59,,14773,14773,42.113421333333335,36.76613235473633,39.21683883666992,0.9375088213473737,0.13314831110810263,0.12644689636499018,3.0157263e-10
Alessi_8,0.1174896729347291,12222,12222,-35.836195527,41.441951751708984,43.53992462158203,0.9518149632065942,0.10996563573883161,0.09810178366879398,5.454256e-13
BH_151,0.0158489249640271,28868,28868,-39.53173591666667,46.334136962890625,46.955841064453125,0.9867598133167473,0.09373700983788277,0.08926839406955799,1.0948093e-08
BH_211,0.4265796312095559,23342,23342,-28.87780255833334,36.644615173339844,38.5960578918457,0.9494393255400794,0.12835232627881074,0.12561048753320195,3.7921863e-19
BH_23,0.0288403175645028,16234,16234,29.827598033333334,27.863746643066406,30.729259490966797,0.906749694090652,0.1872613034372305,0.16927436244918073,9.022079e-28
BH_54,0.0087096370470987,4086,4086,23.548576059999995,27.061735153198242,27.160076141357422,0.9963792079356717,0.19040626529613314,0.19211943220753794,0.35901687
BH_66,0.7244353873869618,27384,27384,23.8477525,25.250865936279297,27.178993225097656,0.9290581783935291,0.210268770084721,0.18992842535787322,4.432719e-28
BH_72,0.2238723104986867,11475,11475,21.53439392333333,24.520767211914062,26.875507354736328,0.9123834161810797,0.21986928104575162,0.20148148148148148,1.44964344e-11
BH_78,0.3388439477987164,18607,18607,16.816628249999997,21.414134979248047,25.103206634521484,0.8530438079492088,0.24281184500456818,0.21916483044015694,0.0
Basel_18,0.0275422906622152,25231,25231,-21.9224014,32.31291961669922,32.88679122924805,0.9825500880110659,0.14862668939003607,0.1476358447941025,2.8217712e-06
Berkeley_20,4.786304286528699,12083,12083,14.161676,23.13096809387207,24.06203842163086,0.9613054259392342,0.23015807332616073,0.22213026566250105,0.00016174036
Berkeley_22,2.454710856206481,17006,17006,29.647579853333333,28.176517486572266,30.53384780883789,0.9227961592975745,0.185169940021169,0.1703516405974362,3.055021e-20
Berkeley_32,4.897783461428336,15287,15287,56.09384671666666,48.631591796875,51.29084396362305,0.9481534722135969,0.0847779158762347,0.06979786746909139,1.3403531e-18
Berkeley_33,0.2344228197592381,5009,5009,53.01152277777777,49.65947341918945,47.763519287109375,1.0396946071055482,0.08804152525454183,0.08544619684567778,0.982286
Berkeley_39,5.62341325190349,24300,24300,13.436161514285715,21.785249710083008,24.128297805786133,0.9028921097309548,0.24662551440329217,0.22563786008230452,1.6707054e-35
Berkeley_73,1.4125363038976315,12916,12916,62.77417976923077,54.59917068481445,57.406768798828125,0.9510929081577052,0.07301021988231651,0.056209352740786624,4.5597366e-14
Berkeley_78,3.890452816839944,18347,18347,45.914704500000006,40.1859130859375,42.09382629394531,0.9546747498152183,0.11805744808415544,0.10410421322287022,4.4212403e-10
Bochum_11,0.0063095762158615,29387,29387,11.73479122,21.248123168945312,23.603897094726562,0.9001955517630366,0.25392180215741655,0.23221152210160956,0.0
Bochum_6,0.006456541439665,14259,14259,48.0731488,41.160369873046875,44.06142044067383,0.9341589413456824,0.10814222596254996,0.10105898029314819,3.6673006e-14
Collinder_115,0.0954992627963111,12073,12073,33.86742274705882,30.847841262817383,32.736000061035156,0.942321639946928,0.1643336370413319,0.15687898616748117,2.7086766e-09
Collinder_135,0.0263026845396328,17582,17582,38.016670854838715,34.331085205078125,36.22365951538086,0.9477530891239984,0.15328176544192926,0.13559322033898305,4.2170798e-11
Collinder_185,0.0616594947701844,17633,17633,35.90340398181818,32.1315803527832,34.11650848388672,0.9418191304060027,0.1556173084557364,0.15136391992287188,2.2961336e-11
Collinder_205,0.0045708802901852,26731,26731,37.97112713333333,34.27957534790039,35.48748016357422,0.9659625081829938,0.14649657700796828,0.1359096180464629,2.6234703e-14
Collinder_220,0.2344228197592381,5437,5437,13.648997283333332,19.02865982055664,23.746135711669922,0.8013371123456141,0.27147323891852126,0.22714732389185213,1.1896881e-32
Collinder_261,6.309576215861531,22783,22783,-23.634427477049183,33.89677047729492,34.391841888427734,0.985604975367737,0.1379537374358074,0.139753324847474,0.00013952833
Czernik_26,0.5248077829311784,19346,19346,45.155418255,38.7894287109375,41.77574157714844,0.9285156228598354,0.11315000516902719,0.10555153520107516,8.4555034e-24
Czernik_30,2.8840317564502844,8522,8522,54.204556000000004,47.422271728515625,49.1684684753418,0.9644854354635451,0.09598685754517719,0.08249237268246891,0.0014836222
Czernik_39,0.1380385355838289,13830,13830,-1.697972316666666,23.641279220581055,24.940990447998047,0.9478885479657718,0.232176428054953,0.22263195950831527,3.8606454e-10
DBSB_101,0.0112201894707378,6417,6417,10.786243166666665,25.31574249267578,23.05884552001953,1.0978755406768663,0.2095995013246065,0.2354682873616955,0.9999948
DBSB_104,0.0269153374005781,13065,13065,-36.85619064,42.76036834716797,44.98735046386719,0.9504975933515383,0.10516647531572905,0.09781859931113662,4.352456e-09
DBSB_43,0.0245470816103821,13986,13986,22.7375834,24.914295196533203,26.546829223632812,0.938503615126801,0.2147147147147147,0.19977119977119978,4.2385357e-09
DBSB_60,,26940,26940,3.6605589875000004,20.476417541503906,23.8682804107666,0.8578924492720188,0.26688938381588717,0.23233110616184113,0.0
DC_5,,22804,22804,9.191914152941175,21.418630599975586,23.614337921142578,0.9070180443551156,0.25504297491668126,0.2317137344325557,1.1869226e-29
Danks_1,,26029,26029,-33.170374800000005,40.37362289428711,41.370208740234375,0.975910543449155,0.1077259979253909,0.11099158630758,1.4535178e-07
Dolidze_32,0.102329353157667,16865,16865,8.331725819999999,22.061626434326172,23.36515998840332,0.9442103732769592,0.24494515268307146,0.23427216128075898,8.29514e-14
ESO_130_08,0.1778279410038923,18245,18245,-7.8595852444444425,25.79644203186035,25.847049713134766,0.9980420325787241,0.20295971499040832,0.20783776377089613,0.013934143
ESO_166_04,0.1995263191254866,6205,6205,13.937624719999999,26.68927764892578,24.980575561523438,1.0684012297152268,0.19661563255439163,0.21514907332796132,0.9996865
ESO_211_03,1.288248533293805,26617,26617,19.784851288888888,23.07253646850586,26.045106887817383,0.8858683731990386,0.23345981891272494,0.20761167674794304,0.0
ESO_226_06,0.0323593827469971,26392,26392,-18.527146188,29.86054801940918,30.99658203125,0.963349700599392,0.16364807517429525,0.16516368596544406,1.3882902e-11
ESO_312_04,0.044668369023895,16390,16390,37.26089984615384,32.532447814941406,35.0819091796875,0.9273283175186419,0.1490543014032947,0.13978035387431362,1.1237501e-25
ESO_371_25,2.041739917404129,17606,17606,46.6978931875,40.75151062011719,43.74555206298828,0.9315578086988127,0.1073497671248438,0.09939793252300352,4.1815214e-17
FSR_0088,0.1659587927845761,25553,25553,11.736245215789474,21.412670135498047,23.800350189208984,0.8996787847771456,0.2478769616092044,0.2265487418307048,6.09663e-40
FSR_1032,,13240,13240,37.690620833333334,33.79944610595703,35.89344787597656,0.94166061234198,0.15,0.13919939577039275,4.6111786e-09
FSR_1171,,9899,9899,39.27934155333333,34.4605712890625,36.35525894165039,0.9478840831355696,0.13890291948681685,0.13476108697848269,1.2750515e-05
FSR_1252,0.8511386362915022,6295,6295,55.0437992,44.816776275634766,49.7634162902832,0.900596856417707,0.09833200953137411,0.07466243050039714,2.0669442e-23
FSR_1260,0.1412536303897631,17735,17735,44.943129279285706,38.061439514160156,41.269065856933594,0.9222752859516319,0.12252607837609247,0.11119255709049901,4.085743e-23
FSR_1297,,18801,18801,59.64711943478261,52.111934661865234,54.7257194519043,0.9522384572333272,0.07175150257965002,0.0627094303494495,1.3892509e-14
FSR_1335,0.0112201894707378,14332,14332,54.098780999999995,46.659629821777344,49.19786834716797,0.9484075507605456,0.09503209600893106,0.08058889198995256,4.4710712e-14
FSR_1361,0.2884031756450284,16202,16202,43.9515152,38.900596618652344,40.70873260498047,0.9555835843902714,0.12239229724725342,0.1077027527465745,3.7248669e-09
FSR_1363,0.2238723104986867,15306,15306,51.146285285714285,43.686824798583984,47.15602111816406,0.9264315301138972,0.10041813667842676,0.08401933882137724,7.170483e-17
FSR_1419,1.621810239813303,16608,16608,34.988662294499996,32.157073974609375,33.43541717529297,0.9617667937570038,0.1580563583815029,0.14836223506743737,2.0011971e-07
FSR_1586,,28655,28655,8.753816010526316,20.414588928222656,23.510696411132812,0.8683106859631736,0.2660268714011516,0.2305007852032804,0.0
FSR_1591,,15984,15984,0.39070249999999856,23.8742733001709,24.452342987060547,0.9763593334513774,0.2287912912912913,0.22422422422422422,0.0010187458
FSR_1595,0.6918312139914402,16678,16678,-12.369109142500001,24.86115837097168,28.202646255493164,0.8815186399797272,0.20554023264180357,0.19115001798776832,7.420559e-39
FSR_1750,,9070,9070,-39.06964582285715,43.95381164550781,47.39299774169922,0.9274326111436204,0.09955898566703418,0.08941565600882029,7.850935e-18
Ferrero_11,0.2818381693478142,19686,19686,52.15769691666667,45.542198181152344,47.74736785888672,0.9538158902444305,0.09179112059331504,0.08523824037386976,1.3839972e-13
Gulliver_1,1.380385355838289,18708,18708,9.355534305,21.802654266357422,23.8062686920166,0.9158366877405241,0.24941201624973272,0.23059653624118023,4.5575504e-17
Gulliver_27,0.602559215586761,26818,26818,9.421761905263157,20.014488220214844,23.57692527770996,0.8489015418451061,0.2706391229771049,0.23331344619285554,0.0
Gulliver_39,0.6165949477018448,28911,28911,3.292379488888889,22.291324615478516,23.585603713989258,0.9451241904084452,0.2454774999135277,0.2355850714261008,7.278622e-19
Gulliver_46,0.0117489801933541,16811,16811,-22.0324556,31.95757293701172,32.90956115722656,0.971072594506299,0.15442269942299686,0.1528166081732199,3.8033522e-07
Gulliver_50,0.0407380403044348,33807,33807,3.4818043508,20.436702728271484,23.715744018554688,0.8617356770372563,0.2657142012009347,0.23214127251752595,0.0
Gulliver_52,0.4786304286528699,21240,21240,7.816805700000001,20.772672653198242,23.605676651000977,0.8799863253365964,0.26228813559322034,0.23286252354048964,0.0
Gulliver_7,0.4786304286528699,16917,16917,14.299440271428569,22.47370147705078,24.576135635375977,0.9144522072339616,0.23958148607909205,0.22255719099131052,6.240642e-17
Haffner_26,0.5370312303176601,22555,22555,62.1477253125,54.46814727783203,56.826263427734375,0.9585030581343581,0.06131678120150743,0.05728219906894259,5.82343e-18
Haffner_9,0.3801893295314407,18347,18347,57.04325533333333,49.4088134765625,52.241695404052734,0.9457735453342414,0.07810541232899111,0.06960265983539543,2.3201404e-17
Hogg_4,1.4791086480080835,26633,26633,18.681741409090908,23.406721115112305,25.69495964050293,0.9109460159733554,0.229301993767131,0.2112792400405512,3.8348174e-33
IC_2391,0.0288403175645028,23310,23310,22.07345491111111,25.334362030029297,26.73120880126953,0.9477447211001586,0.21184041184041183,0.20004290004290004,1.7629388e-11
IC_2581,0.0102329353157667,22186,22186,13.909519354545456,20.644309997558594,23.951833724975586,0.8619093733951527,0.25439466330118093,0.2260885242946002,0.0
IC_2602,0.0363078006932764,20216,20216,3.645117252372881,22.28949737548828,23.79031753540039,0.9369146646454439,0.24564701226751087,0.22912544519192718,7.0856027e-17
IC_2714,0.5248077829311784,10031,10031,-3.9977066000000003,24.643861770629883,24.495376586914062,1.0060617636633986,0.22071578107865616,0.2258000199381916,0.39460015
Juchert_13,2.290865841769215,5598,5598,-4.352086672727273,23.661399841308594,25.03614616394043,0.945089539195458,0.22704537334762415,0.22132904608788853,4.6111025e-05
LP_2059,0.2691536695250797,24883,24883,9.085856019047618,21.884647369384766,23.658103942871094,0.925038093594955,0.247759514527991,0.23413575533496764,1.4067929e-18
LP_2068,0.2238723104986867,15921,15921,-6.592465000000001,24.552215576171875,25.63960838317871,0.9575893363597457,0.2175742729728032,0.21242384272344703,7.8319795e-10
LP_2094,0.1479108648008083,2423,2423,-0.5394003999999997,23.468826293945312,24.293527603149414,0.9660526325087021,0.23937267849773008,0.2352455633512175,0.014998977
LP_2117,0.6309576215861531,21063,21063,-2.0164044947368414,23.270742416381836,24.735864639282227,0.9407693143431227,0.2333000997008973,0.22019655319755022,1.2663176e-17
LP_2210,0.1288248533293804,6140,6140,-41.89137658571428,48.88410186767578,48.933441162109375,0.9989917060140908,0.09332247557003258,0.08273615635179153,0.12896122
LP_2220,0.4570880290185208,12673,12673,46.33569388888888,38.91727828979492,42.465816497802734,0.9164377727626779,0.11054998816381283,0.1062889607827665,5.2157236e-22
LP_597,0.5370312303176601,18954,18954,-32.323740571428566,39.20246124267578,41.00370788574219,0.9560711278090844,0.1205022686504168,0.11121662973514826,1.4448809e-12
LP_930,2.290865841769215,5907,5907,14.788280466666668,24.15899658203125,24.700958251953125,0.9780590831985629,0.22752666328085322,0.2149991535466396,0.003991337
Lynga_14,,20812,20812,-35.98286625714286,42.7936897277832,43.76871109008789,0.9777233247673702,0.09864501249279262,0.1012396694214876,2.04788e-06
Melotte_101,0.1659587927845761,23052,23052,-2.4731972033333336,23.71556282043457,24.37941551208496,0.9727699504805061,0.22913413152871767,0.22106541731736942,1.1482062e-08
Muzzio_1,0.0077624687798841,24212,24212,20.578744811764707,24.045658111572266,26.33045196533203,0.9132261817317819,0.22526020155294896,0.20440277548323146,1.9674738e-28
NGC_2112,2.089294662720361,19821,19821,25.33164914206897,25.678070068359375,28.26960563659668,0.9083278485893553,0.20654861006003733,0.18475354422077594,9.309558e-29
NGC_2232,0.0177827941003892,17956,17956,34.20635532666667,31.664377212524414,33.317596435546875,0.9503799973620358,0.16145021162842504,0.15175985742927156,1.2880306e-09
NGC_2254,0.3467368199963294,24991,24991,41.236652666666664,35.80386734008789,38.73495864868164,0.92432956143885,0.1325277099755912,0.1236044976191429,1.2182899e-26
NGC_2287,0.1698241862446276,13195,13195,77.29973688888889,69.80976104736328,71.49371337890625,0.9764461481722418,0.034482758620689655,0.031678666161424784,8.688066e-05
NGC_2318,0.4365161773191,16692,16692,59.93404233333334,53.05470657348633,54.360267639160156,0.9759831744328402,0.06643901270069494,0.06314402108794633,0.0001371218
NGC_2516,0.239883355113592,19507,19507,11.678441041666666,23.506061553955078,23.819717407226562,0.9868320917536861,0.2291485107909981,0.22335571846004,0.00046360548
NGC_2527,0.6918312139914402,15140,15140,50.37482911111111,42.63974380493164,46.279273986816406,0.92135723255033,0.10231175693527081,0.09207397622192867,1.7057704e-26
NGC_2533,1.047129651766654,18348,18348,50.167997041666666,42.842594146728516,45.871307373046875,0.933973688569906,0.10186396337475474,0.0908000872029649,5.9038853e-21
NGC_2539,0.6918312139914402,16726,16726,33.2137629,29.845661163330078,33.0056266784668,0.9042597934612673,0.1696759536051656,0.15604448164534257,2.8537759e-34
NGC_2547,0.0323593827469971,28129,28129,31.280639914285718,28.951112747192383,31.423606872558594,0.9213173034084329,0.17583277045042484,0.16530982260300758,5.8076807e-27
NGC_2548,0.3890452816839944,17891,17891,37.544810621052626,33.88693618774414,35.37502670288086,0.9579338687816303,0.14823095411100554,0.13666089095075737,9.675987e-09
NGC_2587,0.3162277660168379,11990,11990,61.503780857142864,55.55695343017578,56.182743072509766,0.9888615327748178,0.07105921601334446,0.06121768140116764,0.043900456
NGC_2588,0.5495405842387225,25087,25087,61.584773,54.293739318847656,56.48832702636719,0.9611497131700296,0.06027025949695061,0.058077888946466295,3.376252e-19
NGC_2632,0.6760828566222641,21595,21595,19.27398813333333,24.42154884338379,25.682727813720703,0.9508938855917344,0.21528131511924056,0.2129196573280852,1.27800055e-08
NGC_2660,0.9332548746146908,19685,19685,28.677646000000006,28.464754104614258,29.739601135253906,0.9571330151725398,0.18313436626873253,0.1746507493014986,2.7861924e-10
NGC_2670,0.102329353157667,18288,18288,28.339791416666667,28.134899139404297,29.983436584472656,0.9383480462667961,0.18771872265966755,0.17268153980752407,3.9518467e-12
NGC_2682,4.265796312095559,25264,25264,34.64872795948718,31.10521125793457,33.53981018066406,0.9274116666249633,0.1625237492083597,0.15072830905636478,3.9528293e-23
NGC_2910,0.1288248533293804,11420,11420,17.549734489285715,22.690223693847656,25.057565689086914,0.9055238635463188,0.23353765323992995,0.2135726795096322,7.139025e-16
NGC_2925,0.1288248533293804,16948,16948,32.927080749999995,29.839818954467773,32.22749328613281,0.925911881806444,0.17252773188576823,0.15854378097710645,2.3897005e-17
NGC_2972,0.4897783461428336,10023,10023,16.844440956666666,19.890522003173828,25.291980743408203,0.7864359144096634,0.2643918986331438,0.2180983737403971,0.0
NGC_3105,0.021877623926123,27627,27627,18.44593878181818,23.54629898071289,25.480409622192383,0.9240942092314339,0.227965396170413,0.20679045860933146,3.4444426e-30
NGC_3228,0.0301995185303324,13006,13006,14.215998333333335,23.065677642822266,24.495737075805664,0.9416200692978591,0.22774104259572506,0.2229740119944641,2.2233375e-05
NGC_3255,0.2238723104986867,22211,22211,14.980123700000002,22.79055404663086,24.434911727905273,0.9327045786133732,0.23546891180045923,0.21714465805231642,1.6878809e-14
NGC_3766,0.0229086835704537,20310,20310,11.475575725,22.049705505371094,23.855213165283203,0.9243139163166361,0.24037419990152634,0.22890201870999508,1.7039252e-24
NGC_4349,0.3162277660168379,19947,19947,-23.9403245,33.14986801147461,34.73084259033203,0.9544792334149268,0.1443826139269063,0.14322955832957338,1.530049e-09
NGC_5168,0.602559215586761,24030,24030,-22.74800415625,32.79798889160156,33.79606246948242,0.9704677555622904,0.1463171036204744,0.14173949230129004,3.0442548e-10
NGC_5381,0.3548135450617081,24317,24317,-27.9379504,36.20262145996094,37.24965286254883,0.9718915124806281,0.12448081589011803,0.12797631286754121,3.279075e-09
NGC_5460,0.1584892496402718,23164,23164,1.8634922999999999,22.526180267333984,23.86626434326172,0.943850279346039,0.23994128820583666,0.23130720082887238,7.301023e-15
NGC_5617,0.1047129651766653,27856,27856,-31.89313275,39.533390045166016,40.64052200317383,0.9727579296860077,0.10697874784606548,0.11293796668581275,1.2782987e-10
NGC_5662,0.1995263191254866,22951,22951,-28.71242841666667,36.63333511352539,38.026676177978516,0.9633588521402242,0.12705328743845584,0.12308831859178249,2.676987e-15
NGC_5749,0.0524807206714521,5463,5463,-20.381487612500003,31.22895050048828,32.4278678894043,0.9630281770912309,0.15888705839282447,0.16090060406370127,0.0060629463
NGC_5822,0.9120109194638908,19309,19309,-37.02391443333334,42.8353271484375,45.333011627197266,0.944903627861748,0.10689315863069035,0.09384224972810606,3.552642e-21
NGC_6124,0.1905459546378596,20473,20473,1.3496565571428583,23.1807861328125,23.970428466796875,0.9670576462545021,0.23704391149318615,0.2263957407316954,3.2382843e-09
NGC_6152,0.2238723104986867,21104,21104,-50.883262941176476,56.27060317993164,57.838348388671875,0.9728943641646709,0.06373199393479909,0.05960955269143291,1.152101e-12
NGC_6167,0.1548815122441698,18151,18151,-29.425097210526317,36.422664642333984,38.91936492919922,0.9358494083496186,0.13189355958349402,0.12004848217729051,2.1153234e-22
NGC_6178,0.016595861056887,20895,20895,-31.46593264736842,38.607662200927734,40.681644439697266,0.9490192132758101,0.12404881550610194,0.11155778894472362,8.308733e-20
NGC_6204,0.0933253849940474,21483,21483,-19.190744672999998,29.16238021850586,31.450292587280273,0.9272530656932668,0.16990178280500862,0.16138341944793558,3.138488e-26
NGC_6250,0.0239883355113592,6385,6385,-33.839092,38.62977600097656,42.71220397949219,0.9044201048375832,0.12341425215348473,0.10133124510571652,8.550208e-15
NGC_6318,0.0097723670593248,18608,18608,-9.13641285,25.659156799316406,26.78635597229004,0.957918905649589,0.20786758383490972,0.2002901977644024,6.3355263e-09
NGC_6645,0.512861429039393,9065,9065,-13.495001,28.59377098083496,28.24575424194336,1.0123210283538762,0.18113623827909542,0.18411472697186984,0.028180504
NGC_6694,0.1412536303897631,21308,21308,14.811910599285714,23.63683319091797,24.344467163085938,0.9709324518204707,0.22775483386521495,0.22033977848695327,4.459845e-09
NGC_6756,0.0478629903136986,15745,15745,-24.515759616666667,33.76683044433594,34.53980255126953,0.9776208301774099,0.14925373134328357,0.14582407113369322,0.00030101373
Patchick_90,1.096478099832217,22997,22997,39.53250945344828,34.30856704711914,37.1875,0.9225833155527836,0.13932252032873854,0.12753837457059616,5.0481493e-28
Pismis_15,0.8709627484287175,11069,11069,28.107349152941172,28.56683349609375,29.197107315063477,0.9784131416798076,0.1860149968380161,0.1847502032703948,0.08560207
Pismis_20,,6406,6406,-32.301144,40.161949157714844,41.04229736328125,0.9785502210616013,0.1195753980643147,0.10817983140805496,0.0033404953
Pismis_21,,9270,9270,-21.078302872727274,33.4230842590332,32.47319030761719,1.029251636270342,0.15026968716289105,0.15674217907227617,0.4245222
Pismis_23,,15793,15793,-45.32605216666667,51.82261657714844,52.1735954284668,0.9932728643974791,0.08396124865446716,0.07427341227125941,0.0014131385
Pozzo_1,0.0095499262796311,12141,12141,36.973267549999996,33.20144271850586,35.104984283447266,0.9457757465557686,0.1475990445597562,0.14043324273124125,1.1253416e-08
Ruprecht_1,0.2884031756450284,17139,17139,45.98979407407407,39.890724182128906,42.29949188232422,0.9430544530677478,0.11529260750335492,0.1081159927650388,4.978594e-13
Ruprecht_105,0.3890452816839944,12610,12610,-15.963168085714285,30.068681716918945,30.077404022216797,0.9997100047167831,0.16613798572561458,0.1710547184773989,0.044232063
Ruprecht_119,0.0478629903136986,18576,18576,-26.55159775923077,35.21135711669922,36.38175964355469,0.9678299637422069,0.13824289405684753,0.12763781223083548,8.771864e-09
Ruprecht_121,0.1778279410038923,10339,10339,-38.42280565,43.040348052978516,46.38795852661133,0.9278344945550386,0.10242770093819518,0.09623754715156205,4.083716e-13
Ruprecht_161,0.1047129651766653,20179,20179,15.301628347619049,22.825956344604492,24.296592712402344,0.9394714977031674,0.23692948114376333,0.22072451558550968,1.5674586e-15
Ruprecht_18,0.1288248533293804,18374,18374,61.730461,54.020912170410156,56.541099548339844,0.9554273369626451,0.0638402089909655,0.05763578970284097,1.2645742e-13
Ruprecht_54,0.2754226042194985,12912,12912,53.40640133714286,45.42860412597656,48.825706481933594,0.9304238975586759,0.09781598513011153,0.07783457249070631,2.5636521e-17
Ruprecht_58,0.3311314705081584,22094,22094,48.288742633333335,41.270042419433594,44.48291778564453,0.9277728277247184,0.10355752693038835,0.09699465918348874,3.275633e-29
Ruprecht_61,,17826,17826,51.77447552941176,44.848876953125,47.316864013671875,0.9478412800173366,0.09766633007965893,0.08201503421967912,2.2057077e-15
Ruprecht_77,0.0123026920306321,16917,16917,14.299440271428569,22.47370147705078,24.208162307739258,0.9283522305972818,0.23958148607909205,0.22001536915528758,1.642613e-16
Ruprecht_78,,17048,17048,29.61370747368421,28.781414031982422,30.603853225708008,0.9404506621997948,0.1798451431252933,0.17280619427498828,5.5067325e-08
Ruprecht_82,0.4570880290185208,28150,28150,1.3274417856249991,20.802326202392578,23.752769470214844,0.875785294362326,0.26120781527531084,0.22923623445825933,0.0
Ruprecht_91,0.1380385355838289,16105,16105,13.173315368260868,22.215967178344727,24.21969985961914,0.9172684759560054,0.24048432163924247,0.22663769015833593,1.9085221e-15
Ruprecht_97,0.1778279410038923,21854,21854,-10.03042756,25.064743041992188,26.837650299072266,0.9339395499485525,0.21099112290656172,0.19996339342912053,3.4235736e-20
Ruprecht_98,0.4897783461428336,27907,27907,-26.59042096,35.04176330566406,36.477561950683594,0.9606388539080358,0.13093489088759092,0.12914322571397857,1.4286258e-15
SAI_113,0.0089125054671134,15762,15762,10.443492800000001,21.603519439697266,23.790416717529297,0.9080765459555536,0.24489278010404772,0.23245780992259865,2.5572007e-24
Stock_14,0.0363078006932764,5791,5791,-14.343368294545456,27.76769256591797,28.978679656982422,0.9582111019066852,0.17440856501467794,0.19046796753583145,0.0018512201
Stock_16,,20719,20719,-21.418599649999997,31.196853637695312,32.72294616699219,0.9533632295359684,0.1574400308895217,0.15246874849172257,1.7597435e-13
Teutsch_103,0.3630784055774333,21451,21451,27.641780899999997,27.780784606933594,29.3096866607666,0.9478362879982758,0.18870915108852734,0.1785464547107361,7.696234e-13
Teutsch_13,0.0079432840915212,7802,7802,42.117139169230775,35.19768524169922,38.954872131347656,0.9035502702465563,0.1399641117662138,0.12612150730581903,4.6234107e-11
Teutsch_38,0.0371535375952047,2797,2797,39.00003213333333,39.10720443725586,37.253334045410156,1.0497638785722083,0.1322845906328209,0.13049696102967465,0.9919435
Teutsch_44,2.5703948796691973,20070,20070,19.36566626666667,24.33272933959961,25.66707420349121,0.9480133632172963,0.22122571001494767,0.21395117090184354,3.6144676e-09
Teutsch_61,0.045708802901852,25276,25276,42.0270697,36.23585891723633,38.76865005493164,0.9346690912862177,0.128896977369837,0.12474283905681278,7.754604e-25
Teutsch_85,,19672,19672,-22.301856338461544,31.488906860351562,33.38404083251953,0.9432323372213854,0.15011183407889386,0.1477734851565677,1.4760475e-18
Tombaugh_2,1.621810239813303,8933,8933,86.7326948,78.07083892822266,80.98267364501953,0.9640437320017285,0.02473972909436919,0.02261278405910668,3.3309107e-07
Trumpler_14,0.0630957621586153,24073,24073,3.8512365714285717,22.10335350036621,23.54863166809082,0.938625811125875,0.24762181697337265,0.23474431936194076,5.618765e-19
Trumpler_17,0.0199526319125486,25961,25961,3.9296665461538463,21.211257934570312,23.8271427154541,0.8902140801302564,0.2589268518161858,0.2289973421670968,0.0
Trumpler_19,4.897783461428336,20850,20850,-15.915707641666666,28.963054656982422,29.50405502319336,0.9816635250379768,0.16940047961630694,0.17237410071942447,2.6720878e-05
Trumpler_20,1.862089099377868,18675,18675,-33.26443990909092,39.74725341796875,41.62295150756836,0.9549359662959378,0.11159303882195448,0.10484605087014726,1.3299299e-17
Trumpler_25,0.2290865841769215,5963,5963,-22.652296666666672,31.47930335998535,33.73722839355469,0.9330731912168369,0.16233439543853764,0.15009223545195371,5.7059197e-09
Trumpler_35,0.0389045281683994,8363,8363,15.72267705,25.815309524536133,23.655807495117188,1.0912884512551384,0.21176611263900513,0.22073418629678346,0.9996657
UBC_102,0.3311314705081584,6386,6386,32.48505583333333,30.745006561279297,32.44239044189453,0.9476800612564198,0.16426558095834637,0.15831506420294394,7.804236e-06
UBC_199,1.148154730847072,28866,28866,19.046327053846156,23.083171844482422,25.609989166259766,0.9013346977473019,0.23342340469756806,0.20667913808632993,0.0
UBC_210,1.288248533293805,16220,16220,32.31523072727273,30.75450897216797,32.01890563964844,0.9605109343301605,0.16935881627620222,0.1598643649815043,2.4157043e-05
UBC_216,0.0616594947701844,16845,16845,54.9952122631579,47.50621032714844,49.918941497802734,0.9516670206085901,0.0875630750964678,0.07658058771148708,3.0645113e-13
UBC_228,0.8128302305789092,14558,14558,53.187578388461546,45.47926330566406,48.875511169433594,0.9305122794113401,0.09513669460090672,0.07837615057013327,1.1424657e-19
UBC_229,0.1122018947073786,13593,13593,61.29521960000001,54.021827697753906,55.92768478393555,0.9659228324300477,0.05171779592437284,0.05885382182005444,3.992582e-11
UBC_239,0.2754226042194985,18232,18232,53.55776700000001,46.063720703125,48.43877029418945,0.9509680040050613,0.09137779727950855,0.0863317244405441,1.7044455e-13
UBC_250,0.3311314705081584,18838,18838,21.14963234,25.12349510192871,26.30780792236328,0.954982459050576,0.21228368191952438,0.1961460876950844,6.4303673e-10
UBC_254,0.1096478099832217,28757,28757,25.20832339230769,25.9984130859375,27.90277671813965,0.9317500314954634,0.2017595715825712,0.1909100392947804,3.5536963e-27
UBC_258,0.0407380403044348,25479,25479,10.175563335945947,22.003185272216797,23.973129272460938,0.9178269979753078,0.24498606695710193,0.2286588955610503,2.2900903e-25
UBC_259,0.102329353157667,18701,18701,2.2077434166666667,23.181772232055664,23.681472778320312,0.9788990933569761,0.23180578578685632,0.22736752045345168,2.685402e-05
UBC_260,0.2344228197592381,8573,8573,23.311623323076926,28.027904510498047,26.88275718688965,1.0425978375524245,0.19036509973171586,0.1938644581826665,0.99368125
UBC_264,0.2951211041237279,19272,19272,-1.9120846759230772,22.391611099243164,24.638465881347656,0.9088070339718085,0.24678289746782897,0.2180365296803653,5.0481333e-33
UBC_266,0.0128824994773753,21469,21469,-4.675984137894737,22.221494674682617,25.50721549987793,0.8711846526246255,0.24547021286506124,0.21221295821882716,0.0
UBC_270,0.1621810239813303,19942,19942,0.42187538461538393,22.03777313232422,23.720523834228516,0.9290592942354796,0.2501253635543075,0.22986661317821683,1.932152e-18
UBC_277,0.102329353157667,18926,18926,-19.508800964285715,31.253198623657227,31.7137508392334,0.9854778383701489,0.15830075029060553,0.15771953925816337,0.0017922749
UBC_285,0.0616594947701844,17891,17891,-10.382080389473684,26.699127197265625,27.030467987060547,0.9877419514174326,0.1930579621038511,0.1947906768766419,0.009028514
UBC_286,0.0575440240605537,15072,15072,-5.3227694,25.88121795654297,24.876346588134766,1.0403946521989484,0.20435244161358812,0.21689225053078556,0.50285625
UBC_289,0.1380385355838289,29120,29120,-9.721283316666666,22.70220184326172,26.896337509155273,0.8440629448352993,0.2298076923076923,0.19553571428571428,0.0
UBC_291,0.0251188698309886,16095,16095,-8.135967599999999,24.670230865478516,26.318035125732422,0.9373887810248126,0.21547064305684996,0.2059645852749301,4.9155802e-14
UBC_292,0.069183121399144,18498,18498,-19.807345092400002,30.778888702392578,31.79563331604004,0.9680225078852404,0.15947670018380367,0.15990917937074278,1.247499e-06
UBC_301,0.2344228197592381,21150,21150,-33.44389085,40.934913635253906,42.341407775878906,0.9667820647799469,0.1097872340425532,0.10619385342789599,1.8451298e-07
UBC_302,0.5754402406055371,5639,5639,-26.958754614285716,36.69779586791992,36.6901969909668,1.0002071091892746,0.13158361411597802,0.13016492285866288,0.2824285
UBC_303,0.7079464062202759,13623,13623,-22.874638666666666,32.606468200683594,34.13069152832031,0.9553415632855848,0.14372751963590985,0.14269984584893194,4.826866e-07
UBC_312,0.794327537013272,13009,13009,-43.0571014,48.30562973022461,50.560733795166016,0.9553981143929321,0.09032208471058498,0.07417941425167192,5.215794e-13
UBC_324,0.794327537013272,12976,12976,-29.228754180499998,35.545867919921875,38.48897171020508,0.9235338420459058,0.13817817509247843,0.12746609124537608,2.8270084e-19
UBC_326,0.2630268453963283,9767,9767,-27.699996219999996,35.07331848144531,37.01318359375,0.947589887603393,0.13125831882870892,0.1317702467492577,7.154355e-08
UBC_344,0.0034673681999632,16466,16466,6.494188925,23.316253662109375,23.41207504272461,0.995907181211389,0.23478683347503948,0.23108223004979958,0.0005114279
UBC_345,0.0144543926289566,9886,9886,-14.602151361538462,27.72871208190918,28.760074615478516,0.964139087003124,0.18268258142828242,0.18065951851102569,1.1424006e-06
UBC_354,0.1995263191254866,21366,21366,-4.46466017,23.983768463134766,24.954639434814453,0.9610945702415072,0.22512402883085275,0.22236263221941402,1.733571e-09
UBC_441,0.1737799912893991,7250,7250,32.342636,31.52716827392578,32.33646011352539,0.9749727757225626,0.16579310344827586,0.15751724137931034,0.04328772
UBC_443,0.8912505467113453,12448,12448,53.47484062352941,45.669010162353516,48.929359436035156,0.9333661974883636,0.09254498714652956,0.07993251928020566,6.2347316e-16
UBC_461,0.0478629903136986,16126,16126,85.15484666666667,77.98946380615234,79.93057250976562,0.9757150656793291,0.023502418454669476,0.02362644177105296,7.789107e-06
UBC_470,0.0323593827469971,14765,14765,51.122258957142854,44.072689056396484,47.26797866821289,0.9324005446849116,0.10125296308838469,0.08140873687775144,1.3872826e-16
UBC_476,0.0870963704709874,16398,16398,52.745308625,46.29298782348633,48.60076904296875,0.9525155411133088,0.09330406147091108,0.08409562141724601,1.2046707e-10
UBC_479,0.0204173767566041,20456,20456,38.1230498,33.31182098388672,35.849212646484375,0.9292204353936769,0.14665623777864686,0.14093664450527962,8.817323e-20
UBC_482,0.0269153374005781,2808,2808,40.278920600000006,35.3780517578125,36.49787139892578,0.9693182205374793,0.13532763532763534,0.14316239316239315,0.005003121
UBC_490,0.0398107083132505,27788,27788,33.64175535,30.016300201416016,32.998023986816406,0.9096393230518388,0.1690657837915647,0.15431121347344176,1e-45
UBC_491,0.1819701817628807,13884,13884,24.11709805,25.189800262451172,27.40119171142578,0.9192957929617163,0.21297896859694612,0.1961970613656007,4.8816325e-14
UBC_497,,21938,21938,7.731382761538462,21.65245246887207,23.875083923339844,0.9069058160547461,0.25088886862977483,0.23151609080134924,1.1847219e-27
UBC_499,0.0524807206714521,16629,16629,-2.5633408176470587,24.996366500854492,25.200437545776367,0.9919020832653727,0.2182933429550785,0.2213602742197366,0.036741227
UBC_503,1.5488151224416984,17438,17438,11.218170571428573,21.968576431274414,23.398359298706055,0.9388938835762425,0.2452116068356463,0.22754903085216194,6.3475536e-12
UBC_504,0.0112201894707378,13023,13023,7.104206242857141,19.166337966918945,23.58714485168457,0.8125755824808998,0.2788911925055671,0.22598479612992398,0.0
UBC_509,0.5888442760205689,14479,14479,-6.388392850000002,25.65984344482422,25.69479751586914,0.998639644035983,0.2081635472062988,0.21182402099592512,0.15259573
UBC_512,0.2951211041237279,29012,29012,-4.573715561538461,22.915355682373047,25.109575271606445,0.9126142292134033,0.23393768095960293,0.21349786295326073,7.358e-42
UBC_518,0.0301995185303324,13598,13598,-1.1167695200000005,23.935375213623047,24.449188232421875,0.9789844548655622,0.21929695543462274,0.21951757611413444,0.00013830973
UBC_528,2.691536695250797,19489,19489,-40.142516666666666,46.67462921142578,48.0,0.9723881085713705,0.09538714146441582,0.08851146800759403,2.5320814e-08
UBC_529,0.1659587927845761,25842,25842,-39.87394173999999,46.382240295410156,47.49976348876953,0.9764730787844114,0.08610014704744215,0.0862162371333488,1.2178854e-08
UBC_533,0.0891250546711345,13167,13167,-36.0746549,41.69123077392578,43.77849578857422,0.9523221395104855,0.11042758411179464,0.101465785676312,2.5182372e-09
UBC_541,0.021877623926123,10418,10418,-13.236936022222222,26.992847442626953,28.64165687561035,0.9424331685787551,0.19082357458245344,0.18794394317527358,5.4015046e-09
UBC_550,0.0467735223455781,4768,4768,-3.4652624285714286,22.857311248779297,24.824499130249023,0.920756190441213,0.24853187919463088,0.21854026845637584,9.603408e-07
UBC_552,0.0112201894707378,11366,11366,-14.556283077777778,27.098358154296875,29.328126907348633,0.9239716617397392,0.1864332218898469,0.1793946859053317,2.1722202e-14
UBC_553,0.0131825639118268,16181,16181,-18.423149067142855,28.805072784423828,30.956567764282227,0.9304995632512982,0.17712131512267473,0.16556455101662443,2.305072e-16
UBC_554,0.0602559877171915,11697,11697,-30.7724824625,39.2071418762207,39.69013977050781,0.9878307837392398,0.11447379670000855,0.10977173634265196,0.011308031
UBC_557,0.1445439262895664,14180,14180,-29.922455523636362,36.687904357910156,38.94291687011719,0.9420944116813855,0.1294781382228491,0.12165021156558534,2.9351894e-15
UBC_558,0.0072443618278712,17173,17173,-19.700294328571427,29.795082092285156,31.39466094970703,0.9490493348539634,0.16706457811681127,0.15937809351889595,2.2186901e-15
UBC_559,0.0114815347022194,16660,16660,-11.364420483333333,25.635543823242188,27.66598892211914,0.9266086202595998,0.19795918367346937,0.19213685474189676,4.3607494e-18
UBC_562,0.0117489801933541,17254,17254,-12.36186235,27.763566970825195,28.02060317993164,0.9908268852224232,0.18517445230091573,0.1901008461805958,0.0042133695
UBC_618,0.7244353873869618,16224,16224,43.02105439636364,36.98040008544922,39.51789093017578,0.935788808942004,0.12900641025641027,0.11717209072978303,4.4676084e-15
UBC_622,0.7585777749219503,25145,25145,38.281940343749994,33.91044616699219,36.25382995605469,0.9353617592430084,0.14368661761781668,0.1357725193875522,4.3802768e-21
UBC_627,2.089294662720361,23236,23236,39.642202555555556,35.12392807006836,36.7440185546875,0.9559087288667706,0.13367188844895853,0.13298330177311068,5.162501e-10
UBC_632,,21338,21338,46.50786895185186,40.25321960449219,42.90824508666992,0.9381231864222161,0.11327209672884056,0.10291498734651795,3.703278e-18
UBC_646,0.0229086835704537,14174,14174,50.01640691071429,42.44829559326172,45.90838623046875,0.9246305322117679,0.10039508960067729,0.09214053901509807,2.2483245e-18
UBC_650,0.0776246877988414,8542,8542,28.031715299999995,28.581571578979492,29.19137191772461,0.9791102542058033,0.18824631233903066,0.18485132287520487,0.050487146
UBC_651,0.1584892496402718,18311,18311,4.122129240000001,21.263280868530273,23.850601196289062,0.8915197018949211,0.25891540604008517,0.2318824750150183,7.4800765e-36
UBC_652,0.01,14929,14929,6.7010925457142845,21.52618408203125,23.518333435058594,0.9152937703460883,0.25239466809565275,0.22828052783173688,2.4417286e-19
UBC_654,0.0089125054671134,15593,15593,-0.5103786250000001,24.493989944458008,24.375070571899414,1.004878729364406,0.22478035015712178,0.2263836336817803,0.24387504
UBC_656,,12057,12057,13.72596989090909,23.573604583740234,23.8900146484375,0.9867555516665218,0.2299079372978353,0.22443393879074397,0.0075808084
UBC_660,1.0,18855,18855,-6.977406970999999,24.567604064941406,25.744211196899414,0.9542962445825601,0.21824449748077432,0.2062582869265447,1.9731732e-11
UBC_664,0.0407380403044348,27006,27006,-28.825722999999993,37.103355407714844,38.54131317138672,0.9626904833969325,0.12615715026290453,0.12215803895430645,2.6569326e-14
UBC_93,0.8128302305789092,26330,26330,-10.329725831428572,25.484474182128906,26.99335479736328,0.9441017751753568,0.2058108621344474,0.19779718951766045,1.6398304e-19
UPK_12,0.1995263191254866,7549,7549,7.328656775862068,26.27275848388672,24.04102897644043,1.0928300327591354,0.206517419525765,0.22188369320439794,0.9999965
UPK_18,0.7244353873869618,7753,7753,-2.9714100799999996,23.34918975830078,24.563777923583984,0.9505536905169192,0.23784341545208307,0.2187540306977944,7.9735905e-08
UPK_33,0.2818381693478142,13413,13413,8.974120646153846,23.42046356201172,23.483488082885742,0.9973162197774208,0.23395213598747483,0.2308953999850891,0.01812215
UPK_398,0.0107151982289039,23915,23915,34.809424666666665,30.301145553588867,33.62141036987305,0.9012455224287869,0.15479824378005436,0.14568262596696635,0.0
UPK_4,0.2754226042194985,26063,26063,-2.5313704,23.750202178955078,24.67551612854004,0.9625007256275896,0.22783255956720255,0.2246479683842996,5.963641e-11
UPK_436,0.0257039487966919,16219,16219,48.18135223125,41.226688385009766,44.29167938232422,0.9307998468322333,0.11196744558850731,0.09686170540723843,5.434625e-18
UPK_442,0.1698241862446276,24652,24652,40.59101515333334,35.30433654785156,38.06098937988281,0.9275727489761924,0.13491805938666235,0.12185623884471848,2.0538955e-27
UPK_457,,13026,13026,38.896566783333334,34.31075668334961,36.508094787597656,0.9398123041744014,0.14870259481037923,0.13434669123291879,3.233854e-10
UPK_508,0.1,12418,12418,47.07287929090909,39.83934783935547,43.64080810546875,0.9128920743876667,0.10702206474472539,0.09945240779513609,7.655408e-20
UPK_526,0.0309029380386681,13026,13026,43.18410155555555,38.460227966308594,39.76478576660156,0.9671931389760267,0.12713035467526485,0.1226009519422693,0.017208878
UPK_549,0.9332548746146908,26516,26516,3.4243642000000016,22.654617309570312,23.47765350341797,0.9649438478284111,0.2420425403529944,0.23570674309850656,3.7567473e-11
UPK_560,0.323593827469971,24450,24450,25.138134899166662,26.23990249633789,28.245336532592773,0.9289994638958974,0.2010633946830266,0.18572597137014316,4.4626423e-20
UPK_630,0.1122018947073786,9413,9413,-20.93421572727273,30.324329376220703,31.705039978027344,0.9564513842984106,0.16275363858493572,0.16190375013279507,3.696268e-08
vdBergh_80,0.006456541439665,22975,22975,32.569589766666674,29.490062713623047,32.069419860839844,0.9195695725582343,0.17362350380848748,0.16326441784548423,4.873069e-23
vdBergh_85,0.0043651569804287,16894,16894,31.57899014166666,29.610599517822266,31.819482803344727,0.9305807923034415,0.175091748549781,0.15875458742748905,2.7315747e-15
