cluster,alpha_raw,alpha_int,sproc_raw,sproc_int
ASCC_16,0.07715932191674714,0.07553145232961302,0.1634553438068893,0.15770901462612574
ASCC_21,0.08825013880198887,0.08636109679985737,0.19697136638931168,0.1910761547193537
ASCC_29,0.08065824514289456,0.07626837793077226,0.23662939238057,0.23089982017284744
ASCC_32,0.07024382000222713,0.06641526963568627,0.14368498965944262,0.13116181677347474
ASCC_41,0.08720297340997363,0.08383841244266577,0.20969286824980596,0.20303920005151682
ASCC_58,0.06723758793636354,0.06297320375801405,0.19971571167250307,0.19152097724292386
ASCC_66,0.099945954717377,0.09668747171703126,0.19593870080895917,0.18735085132592486
ASCC_67,0.06486630649816502,0.05969978049718979,0.19834003882837176,0.189266873527774
ASCC_71,0.08830583474862705,0.08531365407957117,0.1552763922362928,0.14704415324340175
ASCC_77,0.05691118014305058,0.051459290010817435,0.20943943172391571,0.20128960922584352
ASCC_79,0.040632439736333514,0.034532662074301515,0.1846352117395706,0.17699936495242777
ASCC_87,0.10894531339364141,0.10753426094317908,0.1439720152137642,0.13631788049863125
ASCC_97,0.056118975452074005,0.050120308398483,0.15989479477879445,0.1508914031494276
ASCC_99,0.10491140441826916,0.10319480138587217,0.21360299628335733,0.20847657282499746
Alessi_24,0.11189977162599207,0.10945716820583118,0.17221678006547175,0.16339145419324427
Alessi_43,0.10123003176964865,0.09794476362262469,0.2239421586526973,0.21607352276790823
Alessi_5,0.0979178534325246,0.0963669264995689,0.20173675656447745,0.19780791464984693
Alessi_59,0.06230301696771817,0.05789149812728262,0.22310483084333582,0.2171945259846867
Alessi_8,0.06482457746558822,0.056249033925086886,0.15530023785645203,0.1389357968884586
Alessi_9,0.11262091158228275,0.10953722431758076,0.09088912195699637,0.07157616976045818
Alessi_Teutsch_12,0.09705061883928469,0.09477852165647362,0.1294118629761078,0.1172613820050838
Alessi_Teutsch_8,0.04916428850547175,0.04165489044078017,0.18479168470316082,0.17729538093484631
BH_111,0.06002391063955945,0.05529129830894743,0.1891289099077175,0.1810990553459752
BH_118,0.09007043359745387,0.08639950225829941,0.19365899453070545,0.18358518714023497
BH_121,0.08902435171401378,0.08549558570548266,0.3041125932258475,0.29868585870922354
BH_144,0.06677646110189868,0.0608067169844998,0.15827110645095685,0.14781628088670867
BH_150,0.062445295490984244,0.05653816107183242,0.18615407543362972,0.17538353825191885
BH_151,0.11997034818393978,0.11662578626463639,0.3436875386432705,0.33619076021097744
BH_19,0.09521416151125506,0.09340283032968962,0.20679779400949302,0.2029333669041409
BH_211,0.03737424697868868,0.03162676331237029,0.11887891828344205,0.11004564807270445
BH_23,0.06430931711250212,0.06012317891849901,0.14811665555449896,0.13844734776913112
BH_54,0.13481194703550012,0.1310795840531147,0.23247809498666525,0.222499479026517
BH_66,0.05309206264415513,0.04722432843447264,0.227170378180665,0.2189718936472314
BH_72,0.0692917975805151,0.06371635048703916,0.16268266865288533,0.1498897048193994
BH_78,0.037716680032420374,0.025370413285863903,0.2775721508838674,0.2682943534937185
BH_84,0.05210533009820273,0.047559629607471676,0.20614289280976184,0.1990717076555511
BH_85,0.04728412693193926,0.03853142260345285,0.15614831079593008,0.14790194918916777
BH_90,0.10707800364186197,0.10518585090041821,0.1711358770221453,0.16286760404570408
BH_92,0.064023587452245,0.05960979394753923,0.18193917764878295,0.17125549262908396
BH_99,0.036520020463302556,0.032380916205948886,0.23064467350825188,0.22686686743674908
Basel_17,0.06396809923201993,0.05888964233541516,0.2952470974791193,0.289783067614521
Basel_18,0.063190885107006,0.055520118958686616,0.34347675665366767,0.3334922881817937
Basel_8,0.0937907708585522,0.08949389528163733,0.26963220748683614,0.26042886334303234
Berkeley_20,0.058808320459898276,0.04808758470539411,0.11196256262215509,0.07994888034287821
Berkeley_22,0.0872408054003885,0.08339363686030098,0.2281597536605689,0.22008646431887208
Berkeley_24,0.06446322091632786,0.06061828043516654,0.20440887245067285,0.1977709495701225
Berkeley_25,0.06391911314883045,0.059659544777419485,0.20515674400324763,0.196499844585919
Berkeley_32,0.08597950795302817,0.08379291504785488,0.24522904950349225,0.24018524364767788
Berkeley_33,0.07524322008398734,0.06912547297975144,0.27861692761249895,0.26807637958064456
Berkeley_39,0.07717166108593623,0.0731294884084468,0.163783812453596,0.15258365087306958
Berkeley_73,0.04982817386020963,0.04091948005612975,0.2455124119104877,0.23511324074617482
Berkeley_75,0.07333693272992739,0.06828973399393062,0.1764868699399472,0.16553166027430777
Berkeley_78,0.08167610074313475,0.08021257522634756,0.2852609319095462,0.28227443275776315
Bica_3,0.03840374357324793,0.029272974968512718,0.24148963631390555,0.23353164839624155
Blanco_1,0.10018301428568964,0.09811662856668302,0.11773049274328892,0.10471048781056533
Bochum_11,0.043605808837497956,0.03971029307300859,0.1616397053151888,0.15504547877771402
Bochum_13,0.14749175190122826,0.14648529205010552,0.22433309794755363,0.22067079455225067
Bochum_6,0.0398486853337494,0.029246357542757326,0.14323537981469128,0.1311715786799873
Collinder_115,0.0772834427046255,0.07382605456274567,0.30079965239656,0.2958856454464917
Collinder_135,0.069919847383203,0.06593146144868905,0.14960013368383754,0.1379584636813386
Collinder_140,0.08501383224685188,0.08013227041609086,0.16777011263410124,0.15748943733748214
Collinder_185,0.05346366077009413,0.049626968539328034,0.24501669668637271,0.23990641167185045
Collinder_205,0.034378257537789045,0.02528197081691432,0.09670543141255185,0.08641692839220132
Collinder_220,0.07466592236469158,0.07227075445689177,0.2472440206478694,0.24166808505551152
Collinder_261,0.06386584724216209,0.0567454538094265,0.1248669481690582,0.10732122749813139
Collinder_269,0.09750252115023059,0.09485966020900974,0.15568770798743248,0.14582261985986716
Collinder_271,0.06688996014768535,0.06153696416619649,0.15131920179377006,0.1391557245646203
Collinder_272,0.11765053698778781,0.1141589023333903,0.22091832344837128,0.21176038651412782
Collinder_277,0.0821599017054327,0.07906838755915707,0.12394576915571115,0.11247297972599242
Collinder_338,0.07355914344899037,0.06875441850549219,0.14727579472061997,0.13559809020553618
Collinder_359,0.09869072156401362,0.09734787542223006,0.13900498133595948,0.13172225996173592
Collinder_74,0.0548333870085737,0.048238707710125055,0.17387213060244447,0.16246387934961076
Czernik_26,0.06316433902160798,0.05956920847473734,0.2462755076280123,0.24091639805971862
Czernik_30,0.08344402621512387,0.07933875634807391,0.1516074881027482,0.13929549583497888
Czernik_39,0.0856217428994675,0.082448085836968,0.1976809645435914,0.19055109069699944
DBSB_101,0.05875755825199662,0.05203002346974642,0.10268063774837868,0.08737765230598846
DBSB_104,0.03972917953322449,0.02601099029504441,0.10408332891001801,0.0826854970021132
DBSB_43,0.07891423557419776,0.07561495174014062,0.16834423359487907,0.15938828145984268
DBSB_60,0.13688642049972874,0.1340211763441646,0.14197700754096448,0.12334492748850794
DC_5,0.041298735931101,0.0377417497182654,0.21880708904924462,0.2149575738031575
Danks_1,0.06125123431462878,0.05701789511984338,0.21375292837898321,0.20479890335976092
Dias_2,0.06700719507121457,0.06076557083031232,0.1945072507079747,0.18438162319509363
Dias_6,0.07221987510299768,0.0690448095189331,0.17643757321370362,0.16874021388795835
Dolidze_32,0.06928220068694012,0.06555045073631521,0.14089501981094102,0.131098413366465
ESO_092_05,0.09905996543860657,0.09419050114078367,0.18889966455452342,0.17457559430696162
ESO_130_08,0.06359824580555587,0.060825508110085226,0.12555370609878877,0.11826934039143078
ESO_130_13,0.11450988244001829,0.1122363594685486,0.2779631349461811,0.2729774476162012
ESO_166_04,0.1058571961067131,0.10313021030579159,0.24103226867643937,0.23456142633437835
ESO_211_03,0.06836887145260442,0.0640830074969371,0.2841410045206383,0.27713652623112756
ESO_226_06,0.049876598060910146,0.04243325676325353,0.1087230984662057,0.08932799674662507
ESO_312_03,0.07735215735070222,0.07277022801791092,0.24164816973299866,0.23502271686101214
ESO_312_04,0.07690746549703317,0.07157285626397906,0.36096964957564337,0.35630765348302895
ESO_371_25,0.05628305012629144,0.047050342780118964,0.163810181990738,0.1499498428679626
ESO_518_03,0.04807696903140497,0.03723381906578814,0.18437672642290995,0.17810434240379625
ESO_559_13,0.06719930278745444,0.06243552454506841,0.20182579583471105,0.19305859874722459
FSR_0088,0.06574510321602003,0.06215328020412217,0.2052767417059981,0.19741297754020654
FSR_0985,0.04623539035402636,0.040694456657623196,0.1642935927636136,0.15714268968592637
FSR_1032,0.07317232909656782,0.06835365148765876,0.5600986908345484,0.5568721621208557
FSR_1063,0.0454744542751488,0.03919008359110533,0.1739979132633882,0.16347741956704226
FSR_1171,0.07464285002350482,0.07100737591048177,0.21426211053721286,0.2062215426315789
FSR_1211,0.07651197099084112,0.06899070570412973,0.17355143948270077,0.15873857213983736
FSR_1252,0.07917588909809843,0.07668254784060768,0.19494553578477636,0.18999609250258503
FSR_1253,0.06918129667972804,0.06665127515461085,0.17985468395235576,0.17363727234907556
FSR_1260,0.06521087015491762,0.06047169539536196,0.21946128555741296,0.211954539057846
FSR_1297,0.07134724526690747,0.06872668122452116,0.1817608711082318,0.17612156981775942
FSR_1335,0.08371876744766617,0.07958999245118303,0.2316549295956253,0.22375093514964436
FSR_1361,0.07635225022287848,0.0734017690018122,0.18392842091493763,0.17744601264368418
FSR_1363,0.07136472501964321,0.06599291445140289,0.30281905151288707,0.29629017232406646
FSR_1380,0.07004649346657923,0.06774214860627475,0.3308708215062661,0.3277858042949845
FSR_1402,0.09015679667057074,0.08769876594362105,0.15941450450307387,0.15184139904572996
FSR_1407,0.07575316805611859,0.07244470971787903,0.19220729449724946,0.1845448680905839
FSR_1419,0.08061706644495728,0.07768729645204793,0.2147852414498096,0.20906193323819375
FSR_1435,0.06824607886612759,0.05995731813041845,0.21652881531161447,0.20912042338922227
FSR_1452,0.05037545552417126,0.04777014889863014,0.19302277853524394,0.18903215246372287
FSR_1580,0.055797865645675564,0.050409236681610944,0.1535900111750122,0.14209853743233913
FSR_1586,0.10316390734952624,0.10052878801482998,0.24914699694585124,0.24151543422351196
FSR_1591,0.10273880004982483,0.09771530256259495,0.10921077175707122,0.07622769453946883
FSR_1595,0.07761386319508645,0.0711599731468366,0.20171119935357665,0.188831777249506
FSR_1663,0.06520828302937383,0.06006538434201657,0.1554536886993928,0.14454402070162625
FSR_1750,0.04789233239815627,0.04246331312568373,0.1195515197689824,0.11066927002017363
Ferrero_1,0.08193842381860772,0.0776215109073902,0.1470685906628617,0.13067389264736276
Ferrero_11,0.04005845045553433,0.030819219272838698,0.1619657418939763,0.1513154536158699
Graham_1,0.06607370005029774,0.06280276684898153,0.21652557675612596,0.21218895896059373
Gulliver_1,0.09742980136977794,0.09446600585984274,0.17491116337438412,0.16502729386844597
Gulliver_13,0.065423108320215,0.05800176548741488,0.28196280872290236,0.2716424806136917
Gulliver_14,0.051233730968807914,0.044903267162038046,0.16163803025608428,0.14932934301035003
Gulliver_27,0.05828354497546881,0.04825812785686742,0.17553620256394714,0.15669349464278318
Gulliver_32,0.10114657734483415,0.09636099835551701,0.170229493473329,0.15132413807412154
Gulliver_34,0.06359344683889112,0.058558238532046544,0.2881328295592742,0.28262987585555877
Gulliver_35,0.05453952011981883,0.05031929612241832,0.20422696160199172,0.1974294682886413
Gulliver_36,0.058484949732551056,0.047013127098748955,0.17954269716839283,0.1649390752613474
Gulliver_39,0.05545679283160143,0.04843957133747645,0.12823326296732204,0.10942898789286394
Gulliver_40,0.060032772283954455,0.052990482514922284,0.24688075198959264,0.23678034632355963
Gulliver_41,0.07296231738138134,0.06991195289368929,0.17132616219201244,0.1636270344305486
Gulliver_46,0.04595106400172841,0.03427971973992275,0.16248925738854217,0.1471986221436487
Gulliver_50,0.04312678808371181,0.026831019312023106,0.21109400936674858,0.197259415178354
Gulliver_52,0.04933605321956451,0.04237897537706865,0.2748264755208895,0.26743899217850337
Gulliver_58,0.05451979096464351,0.04928433642626025,0.20957482497390595,0.20155098546790792
Gulliver_7,0.05126792376183177,0.04646231798852378,0.10531688671904892,0.09457642637748345
Gulliver_9,0.13284867467978603,0.1306769329392764,0.17433520075332887,0.16658106425057917
Haffner_21,0.04935296034035786,0.037726352045145,0.24240889957761536,0.23287550984151864
Haffner_26,0.05492130040832696,0.04890957769961442,0.21692791747715234,0.2085875577992502
Haffner_9,0.08431902893303514,0.08118378500829397,0.23134197333630793,0.22489015446747848
Harvard_13,0.07923714911328744,0.07670489662409574,0.1592165637267769,0.1526056913431758
Hogg_10,0.09687226154609543,0.0946223190170272,0.16368542085713877,0.15591193553567886
Hogg_17,0.042982554188133446,0.03759526628209856,0.20849374962703215,0.2023293002858343
Hogg_18,0.0964073091370592,0.09382512151225908,0.1466707595082614,0.13680453747306404
Hogg_21,0.05917551014968299,0.04784178539866596,0.12601880732700027,0.10231727627046705
Hogg_4,0.0704796555920138,0.06745810382172215,0.2570468136924751,0.2520499987063865
IC_2391,0.052757953736064275,0.045483860935828194,0.24061153962205045,0.23201423115150496
IC_2395,0.08289694629606442,0.07717778710265658,0.27506006909268366,0.26659517720500403
IC_2581,0.08799327517936978,0.08558175308751388,0.19698699444847895,0.1904535786965827
IC_2602,0.064298590323114,0.06145765759782835,0.20811786164659027,0.20258463340816407
IC_2714,0.15983249134609817,0.1581331676809256,0.23845362570324266,0.2328893966304681
IC_2948,0.08990730749189155,0.08687691693187047,0.33521065508326586,0.33070639542172425
IC_4651,0.08037965696558279,0.075337318963263,0.18318060216080684,0.17195561872503032
IC_4665,0.10234300594179581,0.10063711228371508,0.10542131930468703,0.09432271798695732
IC_4756,0.09761232432570352,0.09545493816004255,0.1422074114873012,0.13379633580299302
Ivanov_8,0.07830415394045649,0.07527273870427814,0.16900890808474642,0.16211275190230887
Juchert_10,0.07322516652803898,0.06926244357232186,0.32852404160925935,0.32258884319331665
Juchert_13,0.08268303356032669,0.07842409901903502,0.38210708042228897,0.3769795097344864
Kronberger_25,0.06676115880081053,0.06290685466381467,0.13324064229606278,0.12016625217998478
LP_1540,0.05413186303038571,0.046154918873491046,0.2167350763770117,0.20627059014562804
LP_198,0.06420632951677346,0.059741219684208716,0.270396514219648,0.2647675812934604
LP_1994,0.08552413598610775,0.08315668067857121,0.20355518044642468,0.19821744836428962
LP_2059,0.058487553810247186,0.052591057767400515,0.20859914830483495,0.1998087239914417
LP_2068,0.056850361178036116,0.052373368014944424,0.08897949764381764,0.07486286011004978
LP_2094,0.09229176314144057,0.08547076007070205,0.12851824445145194,0.11090898567625217
LP_2100,0.095775246677132,0.09362156592843307,0.16772437522271524,0.15939235558185513
LP_2117,0.07976583851227853,0.0769189549518892,0.16454334197079692,0.15547992865041316
LP_2210,0.1135435643595186,0.11063253971248452,0.1255083139334006,0.1081980221032003
LP_2220,0.07515798239073021,0.06985267301163561,0.3646690154021865,0.36091382054883764
LP_2238,0.05899070636182216,0.053492731832329776,0.1533178973486902,0.14175413001932835
LP_403,0.06857768376481987,0.06391523135936372,0.1632579198216491,0.1505751997667835
LP_5,0.09314818974465634,0.0906171150432987,0.1525569680457029,0.1421486081236579
LP_597,0.04019023084495929,0.033663214657588016,0.1450519342931377,0.13400004514712482
LP_658,0.0805672357273504,0.07649807197713354,0.42952311015845934,0.4256387287964883
LP_866,0.038898309094147335,0.026121670046246936,0.13758410988245134,0.12070222105884267
LP_930,0.09086206906739193,0.08506632844930291,0.12355762267261527,0.11181779827906319
Loden_372,0.09442161605330643,0.09194889726705668,0.1694271132108215,0.16296729246734548
Loden_46,0.08351348337881592,0.08047534268064252,0.20293303676015584,0.19572553432563153
Lynga_1,0.06892287300070378,0.06475151357803821,0.21344687743695512,0.2061910955810776
Lynga_14,0.05417906082261324,0.04667881196238134,0.20035595709331575,0.1894548034623524
Lynga_2,0.0553475753846521,0.05251680988883046,0.2616474757570295,0.25883789135590307
Lynga_3,0.048065632829161486,0.0441146448494512,0.16830254226841074,0.1602088151847967
Lynga_6,0.11793600520033956,0.11198388116510197,0.2928955728350362,0.2811294027686381
Lynga_9,0.03821136676068129,0.030778152708952837,0.14448659695941607,0.13276032494550222
Mamajek_4,0.09948181800385977,0.09601982992426025,0.12731578531932083,0.10260911306144199
Mayer_3,0.06539373969930318,0.06215613796012133,0.17441997557942998,0.1686074086476996
Melotte_101,0.050152487807401794,0.04563955480578094,0.17655779990216883,0.16760623655004936
Melotte_105,0.05538576673191575,0.04700153234387794,0.250203554605982,0.24178996241688197
Melotte_22,0.07445503677721907,0.0701517552523282,0.2807142238122854,0.27482878635357116
Muzzio_1,0.048584126380402576,0.04584408714744806,0.16462635849476515,0.15971830040025997
NGC_1817,0.08064723081699199,0.07702578622489174,0.21125987646705072,0.20339622431244464
NGC_1901,0.09186296867340353,0.08903498114210578,0.13826862563315764,0.1246119895982129
NGC_2112,0.097346807863366,0.09522803692927953,0.1977035024398262,0.1912399803351444
NGC_2184,0.10340536203135253,0.10111571625553939,0.14882118284453513,0.13922696941070362
NGC_2186,0.04073091975352246,0.03370756517468382,0.24844040930950745,0.24259827007715706
NGC_2204,0.07581218137712137,0.07310648369653033,0.20454782097328345,0.1985673916131251
NGC_2215,0.08868100392344008,0.08286811861652707,0.2872110573109916,0.277269682658032
NGC_2225,0.05849083086998972,0.052975350784253195,0.16425794141214603,0.15265988796229263
NGC_2232,0.07576522676410377,0.0730447984985315,0.20256569000018781,0.1964907887333798
NGC_2243,0.060106896841700334,0.05136981388432639,0.14568635267770383,0.12378801327079123
NGC_2251,0.10303540305187264,0.09988769722123769,0.20711926164691977,0.19920360178921526
NGC_2254,0.038067492058596275,0.029701863352348687,0.2245131820479558,0.21594813661620257
NGC_2262,0.06998366266587489,0.06651920299769001,0.15585151501314523,0.14939088341951573
NGC_2287,0.10370125664055105,0.0990513051468116,0.18785373542566242,0.1722553075019549
NGC_2318,0.060155303509975486,0.051965391726622644,0.21855297636957796,0.20461913513838778
NGC_2354,0.06254485916267548,0.05390212193863432,0.17860420351001433,0.16513269399741506
NGC_2360,0.09971292187174083,0.09657862914088138,0.17722790784529066,0.16942556098809122
NGC_2506,0.09631389531455686,0.09275310453935828,0.1798838459927799,0.1705511797182164
NGC_2516,0.07345593061129471,0.06954559046235748,0.19609040646751788,0.18631301764668995
NGC_2527,0.06428952716115699,0.044701418987093615,0.2326776626622577,0.22298563194699458
NGC_2533,0.1070365298386666,0.10453056006652864,0.21413152011263742,0.20756154595992432
NGC_2539,0.055077959830759936,0.047806516917406575,0.2043647134557442,0.19322607472057962
NGC_2547,0.05324673674689849,0.04737316305735274,0.253547131991965,0.24558999545312488
NGC_2548,0.07776747092271383,0.07545081612770363,0.17561951755744276,0.16882408155558476
NGC_2567,0.08434022720029583,0.08119488025764257,0.2703766528925395,0.26459126002670846
NGC_2571,0.08484074669664575,0.08171855767328176,0.22265030351318155,0.2171413958959943
NGC_2580,0.08561795630082254,0.08267620729427454,0.1905925123868287,0.18466478188410254
NGC_2587,0.0606180548297955,0.05572929446104032,0.1314922391169214,0.11819473046368102
NGC_2588,0.044515807437694524,0.035218588206077636,0.1942975254975756,0.1852341782360658
NGC_2632,0.07733416340913556,0.07368953528554067,0.17512965799093277,0.16268341702612008
NGC_2660,0.07199918890283934,0.06645488483210654,0.08525232910092759,0.06329660466924002
NGC_2670,0.07943602014295058,0.07542402584624716,0.2381792928650973,0.22943753053859525
NGC_2671,0.10759669138793673,0.10523886675636451,0.2287419453749872,0.22177900172800424
NGC_2682,0.046622050816778116,0.04277089722989175,0.12042681690796858,0.10967178782865818
NGC_2849,0.08567066613291309,0.08312551567067267,0.22526839119196504,0.21885286107772814
NGC_2910,0.06654904902062296,0.060609561314256516,0.15986736900487472,0.14689777792039452
NGC_2925,0.08422092541891102,0.08003120999929395,0.17870176989455655,0.16788948795877312
NGC_2972,0.079917464548976,0.0764238171216313,0.2570452572277181,0.25059678920827205
NGC_3033,0.09618380607356128,0.09083686692991758,0.2630374965721288,0.24998021420403702
NGC_3105,0.047096611848140846,0.04292450262524536,0.2533072164430356,0.2487533822791105
NGC_3114,0.0856118083812529,0.0827485337531864,0.20051995720781587,0.1925398079050219
NGC_3228,0.055937208045141684,0.05157521627639749,0.1766446928982109,0.1701833054060568
NGC_3255,0.07058382416373682,0.06348706950544344,0.20956595452032406,0.19482949314522663
NGC_3293,0.08673990656996933,0.08481893627062592,0.18482985048556738,0.17905842548422976
NGC_3324,0.0588385847751177,0.05645945750942606,0.19610592646496805,0.19152003339758958
NGC_3330,0.08171062351118229,0.07862283796554499,0.14033728570481555,0.130531691884163
NGC_3496,0.10000688677065217,0.09651985290839424,0.1584511280275572,0.1453270681623005
NGC_3572,0.0972200025511115,0.0950774153005525,0.16935709327518447,0.16225600990637437
NGC_3590,0.08996315350904877,0.08784475268918866,0.1816527019838042,0.17546065662806043
NGC_3603,0.08281777626062564,0.07953473030060682,0.1769297701373623,0.16798865394964987
NGC_3680,0.13041169574531844,0.12824416404141292,0.17726434878177935,0.16905907061020492
NGC_3766,0.03797089660614114,0.01823296139404776,0.16787447408404416,0.14818966895496388
NGC_3960,0.12032646655877957,0.1178066393374703,0.21735420932935204,0.21042200283538254
NGC_4052,0.050751261268197706,0.04349554140670632,0.19638104861367625,0.18578794076707128
NGC_4337,0.05876648866807188,0.05287948306538742,0.10677866361953584,0.08990564353721821
NGC_4349,0.040393095608134436,0.02733854656340317,0.16469938626919936,0.14894279446096562
NGC_4463,0.07089487548672979,0.0641909677278886,0.35067171235371647,0.3405622100977157
NGC_4755,0.07107073624335564,0.06462292915921672,0.1830253546805879,0.16731730105622097
NGC_4852,0.08300851579049218,0.07905984200962014,0.1336811976766977,0.12257692385735423
NGC_5168,0.08299596108086656,0.07952394471943508,0.2227063968358903,0.21568826394426668
NGC_5288,0.08225433832569157,0.07749742494248305,0.0955587604840092,0.06285142973435456
NGC_5316,0.05973185178799108,0.055981883611067214,0.285323842660817,0.28119121804658725
NGC_5381,0.03529667090023089,0.019512987118533134,0.08211703476920248,0.052170584948208865
NGC_5460,0.03668840881950973,0.028992631198103774,0.12729904767497846,0.11214492684887513
NGC_5593,0.08136585835671839,0.07803293718643615,0.19069342928118468,0.18461642998718186
NGC_5617,0.05776384450540678,0.053571120023569174,0.1391471379394925,0.1291955223379465
NGC_5662,0.06639324280582401,0.06371652787748594,0.16021532744863792,0.15387748356660255
NGC_5715,0.06545736639946517,0.06174318296392443,0.1641741291802776,0.15595224944831487
NGC_5749,0.07612007518878681,0.07176599382683108,0.1422705620888593,0.1273087089166714
NGC_5764,0.0958035630749968,0.09324216610416554,0.12447499311284597,0.11298054843824057
NGC_5822,0.06738979965140482,0.06364652555742172,0.06304160612619149,0.026621375391105696
NGC_6025,0.12150432741182515,0.1188449860524702,0.3017897616924439,0.2949526975738053
NGC_6087,0.08715621879310187,0.08385911465755479,0.2075126863220174,0.19676607820804737
NGC_6124,0.08957437144277014,0.08627884038869611,0.12164243710883331,0.10561335350187145
NGC_6152,0.06161816425254636,0.05657886421575535,0.15518807259174447,0.14195869653769386
NGC_6167,0.07565657467847188,0.07262747127937932,0.11340135216755286,0.10070677413526768
NGC_6178,0.05902576926867857,0.0544550353206323,0.10036841955558075,0.08208459179733557
NGC_6204,0.07236247336713916,0.06699820803940804,0.07751610764077159,0.04229850643030356
NGC_6208,0.08621107214189623,0.08185871445744389,0.17612024780003602,0.1660052782069394
NGC_6231,0.07002919432369739,0.06608556383890689,0.1261550857185671,0.11588778003648056
NGC_6250,0.04901109311955458,0.04458186919201199,0.1870438034840417,0.18005511367226645
NGC_6253,0.09068382474924658,0.08896634951907971,0.15996025054283727,0.15294178305856965
NGC_6281,0.04902809382108016,0.04527481504784332,0.13846174233312564,0.1318448169759375
NGC_6318,0.10682196896133855,0.10419893866365539,0.12325948979069383,0.10982722809852742
NGC_6469,0.07979878810372978,0.07753142143167943,0.20407673576879082,0.19825993846791662
NGC_6583,0.06987834549872382,0.06684834890868127,0.18973466952618012,0.18310094500891608
NGC_6631,0.07201156465498856,0.06711395623524316,0.3161689056563642,0.30920578849474034
NGC_6645,0.027920503981781024,0.0155944212342283,0.1142284754038657,0.09882718349010114
NGC_6694,0.06255596470438092,0.05864744653785728,0.21626026479047325,0.20937339238349217
NGC_6704,0.07757091750303065,0.07399410625184336,0.10400797313283508,0.08749601223001852
NGC_6705,0.06382711067149274,0.059410073940607204,0.128237734025677,0.11725798739274533
NGC_6728,0.07094777219907267,0.06033491991568329,0.14230710198362587,0.1267824526075781
NGC_6755,0.0815151686008729,0.0775212311104437,0.16952035056666465,0.15954614602502695
NGC_6756,0.060002304766075897,0.054660033492516136,0.07395042990863125,0.05011410185715073
Patchick_90,0.06954880285365064,0.06476987050227931,0.2251505227620258,0.2167783165974984
Pismis_15,0.09485007866540507,0.09254049844768741,0.22221790416134787,0.2178108980588734
Pismis_17,0.059908151167292964,0.051851175111117184,0.15486801257859242,0.139689381416043
Pismis_18,0.10278140741216088,0.09815160683491862,0.3005299325275357,0.29157311361629795
Pismis_19,0.04967136233122178,0.04568126299903112,0.1780142932018574,0.17166468690442688
Pismis_2,0.17032306651905732,0.16937249051887873,0.2005292779504672,0.19522611537940124
Pismis_20,0.14279119893726006,0.1419076566667384,0.13889829821622846,0.13229550876067098
Pismis_21,0.11566684268323357,0.1140362685529655,0.11473368749167989,0.10455062625867938
Pismis_23,0.07714881652625455,0.07312129629618845,0.10881050779614969,0.09105787553695738
Platais_10,0.03815307744310084,0.02384172437098611,0.11001744675576544,0.08982706969909739
Platais_9,0.07303105691235263,0.0701242774855971,0.17492199674874143,0.1687809980737279
Pozzo_1,0.050212523373749256,0.04388845673225608,0.15704910933805377,0.1478765832591055
Ruprecht_1,0.07263244328048116,0.07049048519260948,0.22787132293128132,0.2236984302131565
Ruprecht_101,0.05089191733563865,0.041594227495736075,0.1726807541615574,0.15920663510019045
Ruprecht_102,0.04755825269137764,0.020832211557357788,0.16322819590822932,0.1420851707914178
Ruprecht_105,0.06015746557932155,0.050872802075027354,0.13335808227289936,0.11441229152863443
Ruprecht_107,0.1028346509879117,0.09953487086527851,0.23305153365747464,0.22540984048641943
Ruprecht_108,0.06058742622900821,0.054901426861157676,0.1480226969652782,0.1358976788868516
Ruprecht_111,0.06951167708229262,0.06648545291701555,0.14202915670775854,0.13335215779918064
Ruprecht_117,0.05298338340359358,0.04817618123170905,0.12774320474343395,0.11588624924059501
Ruprecht_119,0.05383896265663178,0.0483382249759437,0.12077222961781822,0.11034320475539765
Ruprecht_121,0.08360362158144558,0.08132365574589556,0.1355290597848613,0.12686311695840982
Ruprecht_135,0.05655391501830326,0.048805644599063946,0.12309326174396375,0.10435765000905026
Ruprecht_143,0.05566598010003669,0.05189131310687319,0.16493841691819283,0.1572374078300627
Ruprecht_144,0.03916718717056642,0.027988100212116528,0.1169720169460077,0.10185921154490772
Ruprecht_145,0.08326220683829708,0.08118910636654822,0.1745116546692936,0.16822495913759986
Ruprecht_147,0.08363548915230049,0.0812342332784013,0.14550951073804513,0.13567530207340242
Ruprecht_161,0.07196938635318012,0.06577698350063431,0.19328061636186328,0.18165816089559336
Ruprecht_164,0.08781383407863577,0.08296853288164446,0.283016276272773,0.2755730793346598
Ruprecht_167,0.06964205095394763,0.06748423140672831,0.13704040608760942,0.13047093960418124
Ruprecht_171,0.07022424965755106,0.06451469533226264,0.14968347482439315,0.1345330981357819
Ruprecht_18,0.068343542820341,0.06552677259735534,0.15752921858118357,0.1507410587325685
Ruprecht_43,0.06120823232401254,0.05290127419731268,0.26400848444850394,0.25629552272196704
Ruprecht_44,0.05810444370212642,0.050514780099797874,0.274368409754833,0.2673401781525022
Ruprecht_45,0.08681225638175287,0.08275799740588419,0.19068509097914577,0.1808061464645274
Ruprecht_54,0.08223079524822603,0.07830396517764122,0.2675033137235859,0.2614740068108968
Ruprecht_58,0.07229540093951488,0.06740198229349392,0.2798278996894805,0.2734727707943
Ruprecht_60,0.04679487765517926,0.03871510279398492,0.18437329665591534,0.1750548310251271
Ruprecht_61,0.0660258166749455,0.061402607385233066,0.16629186882309094,0.15603577243886155
Ruprecht_71,0.07086993181357329,0.06347163495022357,0.33420236921842367,0.3263273196525253
Ruprecht_77,0.05126792376183177,0.04646231798852378,0.10531688671904892,0.09457642637748345
Ruprecht_78,0.08544740411888943,0.0827901494361189,0.14431009431169,0.13460714214832986
Ruprecht_79,0.042829789995809664,0.028759961897999203,0.23553204552761814,0.2238481516724037
Ruprecht_8,0.06250358647614943,0.05322098778667233,0.2417338638756562,0.22710527737056102
Ruprecht_82,0.06226192639625705,0.05237222967897939,0.18302616250033257,0.16421486515023984
Ruprecht_91,0.05940788466910163,0.05197904106317125,0.20253076779419502,0.19125148232216985
Ruprecht_94,0.10522509373515652,0.1032958989390021,0.43787015924792044,0.43466524522960986
Ruprecht_96,0.09220647674052129,0.08931810582693983,0.15442401772188413,0.14562934762536625
Ruprecht_97,0.07337537211237388,0.06974554573437854,0.16821500392342467,0.15881132944974902
Ruprecht_98,0.08074313963578184,0.07687227842940014,0.32589966771120876,0.31872479401348175
SAI_109,0.07010825991253727,0.06551724834223457,0.22225666760500415,0.21468645107984555
SAI_113,0.04989177555974798,0.03953462234662175,0.16455398163545074,0.1487620692319394
SAI_116,0.0949291352736368,0.09185826212059751,0.15033759264799887,0.14023297348993075
SAI_118,0.04193936103598235,0.032427105826110296,0.3308064598352414,0.32377282574643684
SAI_94,0.07013347661114283,0.06407770776000868,0.2129641176666003,0.20044917634130183
Saurer_2,0.04422586084896952,0.03189983089868145,0.1066834141147239,0.08870224292341773
Sher_1,0.10595630087106132,0.10252520063782226,0.17806319403873647,0.16604427202914185
Stock_14,0.06879722391081017,0.05165451612005637,0.10033106946249845,0.07217922386154074
Stock_16,0.07251516581886763,0.06901960588755708,0.42164457459762567,0.4150507254025628
Teutsch_103,0.06738179083662386,0.06349688611697155,0.11022195096281709,0.09304959961581323
Teutsch_106,0.06069380291894205,0.05140014856072134,0.1639907242706417,0.1472532578624476
Teutsch_13,0.07542039724500066,0.07148288057594862,0.19225618110290663,0.18545113196469173
Teutsch_143a,0.0656304432075937,0.06233200041521675,0.17567742348237073,0.16837350137223867
Teutsch_31,0.03679470047621826,0.024717777310948826,0.18332093314477263,0.17054489718676727
Teutsch_38,0.06873316115180048,0.06245902670181659,0.1748603093198341,0.1607948928954192
Teutsch_44,0.07156480761196927,0.06794126179124074,0.24487275937287598,0.2392795546921926
Teutsch_61,0.0508467796367998,0.04553846420737434,0.19148307482401195,0.18552008366372372
Teutsch_66,0.048304374722776995,0.040654621023239634,0.16655074018108537,0.15473931759437673
Teutsch_80,0.06995879407406139,0.0659365549725758,0.16003154912839743,0.14641190147364044
Teutsch_84,0.09844388198806692,0.09689889456050467,0.14743235653156797,0.14243427063102498
Teutsch_85,0.09661180460615722,0.09449781435789106,0.1826435132588834,0.17705326378642175
Tombaugh_2,0.07059830945168732,0.05814985183859211,0.13011992123322597,0.11275676632218411
Trumpler_10,0.09908731704447832,0.09627182768317005,0.1805542074469548,0.17115639830299667
Trumpler_11,0.08242132440557925,0.07776289420024432,0.09225322943099386,0.07305522403361488
Trumpler_12,0.07816822705320656,0.07529962672182194,0.2054837760921608,0.198841260545662
Trumpler_13,0.08573610769205217,0.08065070074029287,0.20227517801161748,0.19028592007557812
Trumpler_14,0.07238845821271182,0.07037080305458679,0.13820525411241702,0.1315760213641925
Trumpler_16,0.07693480056517862,0.07483449442950643,0.14651682109777245,0.1395427733280933
Trumpler_17,0.05004874754989596,0.03850803532002493,0.21991993340800095,0.20670790531053002
Trumpler_18,0.08353559575293637,0.08122716740454783,0.18415623248620194,0.17788379881335772
Trumpler_19,0.0697982661048018,0.06412053167115829,0.1524003260656081,0.14021006774602557
Trumpler_20,0.0559288723267652,0.04635405390522651,0.21315147667797082,0.20202545964281707
Trumpler_21,0.07022106885475454,0.06443302800582588,0.2459855951482587,0.2349674157010607
Trumpler_22,0.0876645258167087,0.08531897198873947,0.22922470244119186,0.22388730324440015
Trumpler_25,0.07852461548801444,0.0757060317913904,0.16724031748138543,0.16018976775972404
Trumpler_26,0.059629008123399385,0.056802511707111425,0.20311120079981326,0.19697769051622172
Trumpler_29,0.08840989467292412,0.0846607136090862,0.20246202170215882,0.19418373000014627
Trumpler_34,0.1059387594417374,0.10381101383497104,0.13663300828617134,0.1296790811453969
Trumpler_35,0.10380323078315179,0.10043036984214464,0.2445495563462844,0.23408463388905082
Trumpler_7,0.0803631384381793,0.07016435304148111,0.30372109269306263,0.29166306297469563
Turner_5,0.07354455950640991,0.07016463501281586,0.14994624873500859,0.13980720907618685
UBC_102,0.03316244316714279,0.0,0.19917594518235368,0.18041525389921353
UBC_11,0.08437012616053047,0.08095864807320906,0.12712072757194895,0.11291518557592149
UBC_14,0.08868117673020813,0.08469738800531734,0.13732861430037,0.1223718867673917
UBC_199,0.0755976142495163,0.07179532202272014,0.21291805748514953,0.20615438958603002
UBC_206,0.0508786974516324,0.046140539976253656,0.14332363190076228,0.134386184332503
UBC_210,0.10419341282699293,0.10107853467155115,0.1568506173761294,0.14696648923735542
UBC_212,0.06465206704348317,0.06021261455968309,0.19154074474355448,0.18321960643414198
UBC_215,0.08475230897479191,0.08097164618089493,0.18026035405163104,0.1709528865167285
UBC_216,0.06191655457918242,0.05687069213278416,0.22341940190587647,0.21650591539283173
UBC_228,0.0913543827772759,0.08863138677671388,0.21789667397362364,0.21131062338996598
UBC_229,0.07929683648194988,0.07135012790503321,0.14642721110890256,0.12182812177542082
UBC_232,0.059205351139603055,0.05538645705001874,0.19401300358962978,0.1872931445603521
UBC_239,0.0772777532905993,0.07443613097109462,0.2282042041126594,0.22328251222511666
UBC_250,0.06044497858155373,0.05544101191947273,0.22662537477970937,0.21932649819162314
UBC_252,0.0840232699912581,0.08122162701904753,0.21002199386798426,0.20373809600751444
UBC_254,0.07013291145339276,0.06568688052002675,0.1100707014783414,0.09157333553146409
UBC_258,0.0856858730671942,0.08235696774653664,0.19662368407641428,0.1880594595941588
UBC_259,0.04960693132547572,0.04181591706803672,0.18382353254939435,0.17436196583447164
UBC_260,0.1124039413974755,0.11075221463063789,0.20408999183280402,0.19848612749207178
UBC_261,0.06119325727921064,0.05819695539169241,0.19161412149391355,0.18524960422582618
UBC_262,0.08677624364869517,0.0851181667183683,0.23241940777050335,0.22875982657167704
UBC_263,0.06394100957241772,0.059598043013218194,0.22709208879755288,0.22026279138013244
UBC_264,0.050527363144452164,0.04405136554876546,0.18334574873684148,0.17383748850894118
UBC_266,0.08049512981524248,0.0760951307047288,0.14272764824611325,0.13074488946574497
UBC_267,0.06688168173504304,0.058933933139048225,0.1292428306336201,0.10855602037252235
UBC_268,0.11686665800482596,0.11431152410691708,0.2157842123067794,0.21027731711659442
UBC_270,0.04899855183003572,0.03950388057264036,0.20575296596291887,0.19469502618697945
UBC_272,0.17583671898464764,0.17468320700243228,0.22428016832955602,0.21955136129564468
UBC_273,0.06016763068536368,0.05368461912647839,0.2091566447793732,0.19801275159771592
UBC_276,0.09055901003058356,0.08590730957010193,0.2682877988251735,0.2610148123919922
UBC_277,0.08021455852935276,0.07639557433335603,0.20249595598703107,0.19422036982575247
UBC_280,0.07724373585833863,0.07437878572199597,0.2013767061172232,0.19543819488428646
UBC_281,0.07427828074263698,0.06974590459678276,0.30669964321601195,0.2972960079495434
UBC_282,0.056703831974592146,0.05100482790885045,0.2021663689260646,0.19358360582781023
UBC_283,0.08241706942778268,0.07875490137846997,0.19146520458838684,0.1800626177748755
UBC_285,0.08921118344334751,0.08524405886164417,0.2114983016647518,0.20407409325761947
UBC_286,0.04673366924375479,0.033939898372333306,0.1546039355001304,0.13496428014051187
UBC_289,0.04557525693929474,0.030987264364448434,0.22382044788426572,0.2137145569282614
UBC_290,0.08894844290738117,0.08405216891176913,0.15833974702729353,0.14170243358005222
UBC_291,0.06379161253268831,0.05790360056957454,0.02740760015346447,0.0
UBC_292,0.06221885394608091,0.05632327301888555,0.2548801341429043,0.24641634013587274
UBC_293,0.09291911631093744,0.08811695542793643,0.27196194922332745,0.26504666819688366
UBC_294,0.08529043978794593,0.08043038513217113,0.15319020330331146,0.13841257355226574
UBC_295,0.06646660720362185,0.06407150110836284,0.1858818259792222,0.18027959696332418
UBC_297,0.0657293442621089,0.062718773556916,0.20727335921666168,0.20262816347301946
UBC_299,0.0676861337040036,0.062018396531351556,0.24255475061230197,0.23493488759264072
UBC_301,0.1189824491743176,0.11709124461152577,0.25303150204033675,0.24694200765426538
UBC_302,0.11860335146157105,0.11591291648860111,0.18660844561982592,0.17712734771305902
UBC_303,0.09286879459899922,0.08880505925863563,0.2003133329165134,0.1909557698741099
UBC_312,0.03072747274591755,0.0,0.1017956847842617,0.0662594536610119
UBC_313,0.05249630228207504,0.04788233236292849,0.12873443178030303,0.11786219066960887
UBC_314,0.048220375089732696,0.03972571262220093,0.1620990312356623,0.1454188397005038
UBC_315,0.05961386184817988,0.05468742071175073,0.18701646691572288,0.178953619141588
UBC_317,0.03668090669586032,0.015235142322075734,0.15032690039077873,0.13346557484473875
UBC_318,0.06504764042613934,0.05512784697118494,0.16035004349378096,0.1424635995159896
UBC_32,0.04869315846132307,0.04074090973989264,0.14376050188381131,0.1315751420950966
UBC_324,0.055048097015160696,0.05173223809513747,0.15017344764195462,0.14319471565558603
UBC_326,0.10978883204820222,0.10448632577046618,0.18033067131661934,0.16421286967738222
UBC_337,0.18448527581009505,0.18314461207070365,0.22886446598326707,0.22605322951901263
UBC_338,0.07339327333519101,0.07187043702575636,0.19877709913020722,0.19611178023808853
UBC_343,0.07684380949634516,0.07214948709546415,0.17740350807002583,0.16480582845647365
UBC_344,0.07339257304866931,0.07025362724541537,0.15007407135527948,0.14072329694474728
UBC_345,0.05132458019309138,0.046742190623854145,0.19730502589855536,0.18914869787889013
UBC_350,0.08579945472891835,0.07891735995792674,0.0966849077625997,0.06735111672738223
UBC_353,0.10013704513131944,0.09706604018676787,0.16684216918866532,0.15548396805504042
UBC_354,0.07893101421500401,0.07597505482668954,0.16328723296479888,0.15417080542242328
UBC_355,0.07791125249248267,0.07548482467515275,0.12458630964992125,0.11549447385099634
UBC_441,0.08382638260202252,0.08054201054654267,0.21800573224026087,0.2107132663612098
UBC_442,0.07992335330172329,0.07506007298350965,0.1575827670968137,0.14276760654990248
UBC_443,0.07467407757935213,0.07144603171840658,0.17060754038776949,0.16290344546710517
UBC_461,0.0414794540689994,0.024316312924401732,0.28025648665046826,0.2716985208472462
UBC_467,0.06198989453063797,0.055926397031386646,0.19485213207390256,0.18651855876556228
UBC_470,0.045812618706139105,0.03916129883853484,0.2264285479999354,0.21949630775930903
UBC_473,0.07844544695425928,0.07400987222473446,0.2821144911331027,0.2758397873302357
UBC_474,0.06484144210674359,0.06093685152979601,0.20571357645814575,0.19830508025372057
UBC_475,0.07538799796603401,0.06922358751195798,0.22868262473537784,0.2183820238738726
UBC_476,0.07590179949230513,0.0705442011649578,0.1934794937751268,0.18156961761375204
UBC_479,0.05200636361342032,0.04795189642855818,0.23185981689947896,0.2270456762416688
UBC_483,0.047264478206275946,0.04456727780544039,0.18787204115117104,0.18397148623317358
UBC_488,0.06958071120443646,0.06453271516684214,0.23724609298140337,0.23097773674891714
UBC_490,0.06381430324281667,0.0585930957003681,0.3118378117985761,0.30741437233622343
UBC_491,0.06605725391833722,0.05976905005024122,0.16495005511920952,0.15168875225174633
UBC_492,0.053056256410228764,0.04666642602397675,0.18217281436752158,0.1746044179926167
UBC_494,0.08524736664754903,0.08216694312949807,0.15543719537749956,0.14597504538071224
UBC_496,0.10044473492074427,0.0979372494026011,0.14293089253441346,0.13280423609842615
UBC_497,0.044064788891085296,0.03625809014620244,0.17907361328250845,0.16986436059630056
UBC_498,0.10680356287174722,0.10247588647595163,0.18289707769588695,0.16892881275754087
UBC_499,0.06907990650850765,0.06674018845612723,0.20102594215163505,0.19700467192522217
UBC_5,0.12037090914707652,0.11891926820565353,0.2001670080253172,0.19560454852524337
UBC_500,0.08772336347495767,0.08532808544758763,0.1607747023503995,0.1553346549310948
UBC_502,0.05254313760678785,0.05015443909726993,0.2698491826165879,0.2674467929811587
UBC_503,0.058704066735856465,0.05268372978983752,0.18796313846135507,0.1787356716295851
UBC_504,0.059431155874937136,0.05608716450885534,0.14701158445921592,0.13610229972939436
UBC_505,0.05978710657728716,0.057610826650212665,0.240590665275355,0.23717683194807923
UBC_506,0.08204282386848365,0.07776021548377719,0.1802489811856341,0.17321682279091893
UBC_507,0.07178900383630854,0.06882304596206824,0.23004007901263132,0.22532038007251545
UBC_508,0.09828341611864486,0.09518094333622071,0.18450351561368522,0.17503053092358037
UBC_509,0.06059874401604935,0.05516360328312113,0.2000179785253908,0.19220076770202138
UBC_510,0.06476788013642021,0.0609658698393246,0.23101291983854577,0.22503508897097357
UBC_511,0.07955353773419535,0.07756054719359429,0.18625536909313492,0.18042143517569073
UBC_512,0.06357411354369537,0.05998452393063042,0.12769786287812773,0.11596051521156496
UBC_513,0.053754910829505294,0.048018362470259646,0.1919622751247123,0.1846430372974479
UBC_514,0.07662889147375315,0.074142707369186,0.12987619009487658,0.11900410530564268
UBC_515,0.0856528107075974,0.08229424560876926,0.2417543734447381,0.23425564375657454
UBC_517,0.054379440527489414,0.04621536421311719,0.17422507490482952,0.16166297100986046
UBC_518,0.027883744836744162,0.0,0.08300783540603453,0.0
UBC_519,0.08474142948067657,0.0825371637674103,0.2516666106993058,0.24647441862962371
UBC_520,0.09198566775186978,0.0886444405085996,0.22623243739095328,0.21816702201186844
UBC_522,0.058627795767797225,0.05421005650756022,0.2311962317373847,0.22461079202811932
UBC_523,0.0826503525032467,0.07537798276373611,0.1690736364747147,0.153823649968537
UBC_524,0.09638937442244455,0.09155480142486583,0.08797582435615146,0.04989257513647836
UBC_526,0.09539610604063953,0.09274008195177051,0.4396483770991257,0.4330874059235298
UBC_527,0.03655801998513225,0.025982828809929224,0.10800975642773668,0.09009905196015769
UBC_528,0.09508384684557836,0.09016423348690163,0.29693322989789844,0.2892866423473842
UBC_529,0.09430517233299884,0.09013865228674359,0.31547292537119104,0.3057604701952957
UBC_533,0.06507172265454925,0.05999571865281356,0.18424042791725231,0.1741081532224241
UBC_541,0.061509775884615064,0.055548739081448986,0.15609489400609766,0.14140198694442394
UBC_545,0.05118839989115634,0.046084371029703246,0.16226906205829866,0.15299594677110667
UBC_546,0.05656853226873798,0.05298686596474449,0.1814629914812964,0.1747785377519344
UBC_548,0.08351572099435711,0.0811908301277711,0.14579483756635414,0.13781746822624638
UBC_550,0.055493056398446594,0.05135327706422322,0.07940736629797471,0.061568276364345344
UBC_552,0.05843818680741049,0.05522673180596798,0.13582118539495816,0.12779150952520307
UBC_553,0.06237068897359189,0.0550634244780288,0.14184990524921967,0.12211112325930373
UBC_554,0.0958904636897445,0.09403989044820443,0.14504480769108452,0.139368410592779
UBC_557,0.03513765961581969,0.029235427114566878,0.14224107025137,0.13439748377018773
UBC_558,0.062064597431946325,0.05596747227203145,0.26245523296953066,0.2544128799760833
UBC_559,0.09943963470545508,0.09678135479199013,0.1436339522443056,0.13543969314292587
UBC_560,0.07302924082063234,0.06985258445348069,0.15074391532305115,0.14173611929209426
UBC_561,0.05109619010089421,0.04693615734156876,0.15235184284770198,0.14509769644707043
UBC_562,0.062376217517576854,0.057945873215677,0.17899341394117013,0.16922170969642403
UBC_572,0.05820127269240456,0.05580412354305064,0.15931799458723891,0.1535325196914547
UBC_618,0.07423738335297761,0.06965881632233434,0.22808201803465092,0.2188502494154285
UBC_620,0.10926680795992111,0.1052898923429618,0.22510739023346496,0.21715184527072082
UBC_622,0.06365316358000125,0.059797705812418486,0.1743842995920611,0.1653555687438115
UBC_627,0.04332050296422178,0.03167542057139619,0.1369239392991861,0.11086910829167108
UBC_632,0.10522961612699294,0.10203871913888743,0.21957666291602243,0.21011326778057696
UBC_637,0.09996662933856199,0.09667026571407036,0.17168496892378024,0.162500175988067
UBC_638,0.09996662933856199,0.09667026571407036,0.17168496892378024,0.162500175988067
UBC_640,0.06455714351367678,0.056833170432284974,0.2617220329801863,0.25387078830976423
UBC_642,0.09229567326769261,0.08998265776003406,0.1563252729595532,0.14711101101027935
UBC_644,0.08699277846798677,0.08259389234394515,0.26431952937557546,0.2572390932983418
UBC_645,0.07695772286187982,0.07130569303067544,0.23845271734110332,0.22963516887745106
UBC_646,0.07592193561021637,0.06996318209109395,0.20953488336438955,0.19774488775239327
UBC_648,0.07869099562329204,0.07590831881295645,0.1739961866860538,0.16716524320072262
UBC_649,0.08730136195992949,0.08294502489193567,0.08199542177548161,0.04414343712265463
UBC_650,0.0944750153224804,0.08909222531899372,0.2288015297957112,0.216256883902957
UBC_651,0.05347398508986588,0.041240456646926514,0.20452759188032035,0.19478375472401596
UBC_652,0.10863423285816484,0.10624683557840153,0.19778234322870744,0.19002432808467917
UBC_653,0.039947895250866096,0.03655508453692692,0.25294438377452805,0.24967091671214886
UBC_654,0.06736597093018928,0.06504882742258414,0.23637782070393581,0.23269374086536654
UBC_655,0.07204399980282436,0.06685084031495034,0.21584518298981367,0.206298470865862
UBC_656,0.10194027281517135,0.10043337253470677,0.2085855264396221,0.20468275990882492
UBC_657,0.05320032206637946,0.048827576741772766,0.24243568908618943,0.23710171703107574
UBC_659,0.07227178777154175,0.06939016046403185,0.16574097805779303,0.1582343076035223
UBC_660,0.057004531190783234,0.05182515842965975,0.14875661842039925,0.13874815201118218
UBC_662,0.06257500828617302,0.05726320756438748,0.1800635903323363,0.16975303988412055
UBC_663,0.06401272407322814,0.05560323403174357,0.18185432764960513,0.16746696992522514
UBC_664,0.05907203420769047,0.05199253973837905,0.28143360626829417,0.27466087639617237
UBC_668,0.02904272596125542,0.008920474590718926,0.15001334175996311,0.13403988321435067
UBC_669,0.04835658352984322,0.042634899396883946,0.14455028445976112,0.13151419213194646
UBC_672,0.05580564298864407,0.04821334687862172,0.14153949737328694,0.1228669020638119
UBC_82,0.0712499079094209,0.06337064790786145,0.34601530055878643,0.33882534937825814
UBC_93,0.06009580135124555,0.05606548586839259,0.20698511464871297,0.19960603703076613
UBC_95,0.07436876818317315,0.0721751256363759,0.1734391215946149,0.1667547756947178
UPK_12,0.08942185548411619,0.08750307707680911,0.1932366966039801,0.1883310514227828
UPK_13,0.11868656321934515,0.11690129889793292,0.2180597640448345,0.21261221361938468
UPK_17,0.06372335615035966,0.058445270712289416,0.13631915735945271,0.12085310478782303
UPK_20,0.1433177950514784,0.14093616025629951,0.14139871706378412,0.13044993959075551
UPK_23,0.06982296289190264,0.06635016474438415,0.16191305585434723,0.15303668248962335
UPK_24,0.09068604569310798,0.08838499766869101,0.15290761594061217,0.14415850265836638
UPK_26,0.06432574500309637,0.0592466342297559,0.13872932112627498,0.12722817893192
UPK_31,0.06931962576036207,0.06500562105757278,0.10673473152837966,0.09310445714428245
UPK_33,0.05300465684269093,0.047736795564124634,0.21134635855547879,0.20478246727648722
UPK_38,0.0675758551309841,0.06078951160088215,0.216023998472633,0.20409930543266966
UPK_398,0.10185474021919962,0.09804016813187261,0.3137925425253638,0.30557033291174807
UPK_4,0.06599982223757955,0.06438649962004447,0.133759017403493,0.1280604924521077
UPK_40,0.08932898509791244,0.08516905065921877,0.16343836495071948,0.1447575427328062
UPK_436,0.06347819381900432,0.05631754115939474,0.20209062921356533,0.19117889342803776
UPK_442,0.08547918050044111,0.08105648286312264,0.20015927012626103,0.19037400120115167
UPK_45,0.08430648414288468,0.08072647966262492,0.12370392563853634,0.10747502242600876
UPK_457,0.05584002190222569,0.046848826296911235,0.15685277381124435,0.1420063328333658
UPK_46,0.08378514752508498,0.08132053727837465,0.15933878665043072,0.15180874875638503
UPK_50,0.16220516601159984,0.15969171364143261,0.2019342062225907,0.19137715048447093
UPK_508,0.06202153718640456,0.056181358034794904,0.1633014539294468,0.153969757708744
UPK_526,0.07962006873295382,0.07623133131314766,0.12628241405917442,0.11103790977136972
UPK_533,0.08782411076659265,0.08474936275394646,0.15929775080948874,0.14923808589045734
UPK_540,0.08163159951241575,0.07710399038628613,0.17170606541879713,0.15951180549275773
UPK_542,0.07600236563260672,0.07058000037295753,0.17307144200712546,0.16024098750807
UPK_545,0.0797455572721854,0.0748139320188037,0.20307923382801032,0.1917880216490297
UPK_549,0.06449908365001952,0.05922011178907357,0.14385987876497094,0.13137723354265776
UPK_552,0.08124776058712194,0.07677841356696949,0.1375510951760143,0.12269951057334968
UPK_560,0.08550149514442448,0.083311342556019,0.14054088242893245,0.1324334175825119
UPK_567,0.08201695019044153,0.07622800109416669,0.10992830402028483,0.0928457663076656
UPK_578,0.07548473973532417,0.0711227435713048,0.19609540541374376,0.1892653731971569
UPK_579,0.08621714160289122,0.08441935611088858,0.14756772560859457,0.13932591720306348
UPK_585,0.08642004998343944,0.08300112650445893,0.15898383713515624,0.14745874732573688
UPK_587,0.07834604546904869,0.075385982747359,0.1268397984441619,0.11566271612809167
UPK_599,0.0804476131781678,0.07480691143483043,0.11609139467455643,0.0936363014772453
UPK_604,0.05277189551081214,0.04569281782084337,0.33564795780213424,0.329660065082001
UPK_606,0.0876736810363739,0.08344022662535316,0.15033455386416514,0.1348341179229987
UPK_607,0.09994011018710694,0.09745791105291696,0.15810217455146044,0.14874362363726912
UPK_612,0.0887952478824617,0.08606142475822694,0.14774040360737908,0.13684357199524874
UPK_613,0.1363165496643322,0.13429580198235247,0.1273009413303293,0.11891433354867845
UPK_614,0.05876419896697621,0.05112657506770328,0.16980444600298925,0.15622030281003474
UPK_624,0.08321297774396069,0.07995562287037544,0.16383086593869253,0.15354146428358725
UPK_629,0.09289700990083048,0.09012670943667143,0.10598183877947043,0.09290490143533515
UPK_630,0.058425749639233346,0.05444544889690208,0.11900247489761513,0.10863048977752301
UPK_642,0.06268541464280716,0.05625360974121546,0.11919352951846644,0.09997954328329298
UPK_645,0.13024007436078694,0.1290359726962758,0.16085780189454968,0.1530424846370407
UPK_654,0.11590533265137448,0.11346939412188022,0.1385091542806563,0.12418643096129343
Westerlund_1,0.0907946141113623,0.08796920539027323,0.08025309968919458,0.06674778193103097
vdBergh_80,0.044381284758446604,0.037402603924812795,0.19575759064764287,0.1880357986330865
vdBergh_85,0.09175149460109369,0.08934740462663172,0.2747193995350391,0.26988022026843284
