cluster,N,C_O_mean,C_O_std,intrinsic_scatter,feh_mean,feh_std,rv_mean,rv_std,age_gyr,age_bin,R_gal,Z_gal,abs_Z
NGC_2362,3,0.4903,0.003,0.0,-0.001,0.177,50.19,20.12,0.0057544024060553,<0.1,8.90285848374642,-0.10767849107429918,0.10767849107429918
Alessi_15,4,0.4456,0.0122,0.0,-0.117,0.115,31.43,37.01,0.0338844319835388,<0.1,18.22217811533348,-0.16170289798740162,0.16170289798740162
Melotte_25,3,0.4542,0.0229,0.0,-0.159,0.164,56.61,19.86,0.794327537013272,0.5-1,8.166310724089486,0.0037999426933571813,0.0037999426933571813
Trumpler_35,6,0.4146,0.0249,0.0,-0.085,0.155,15.72,22.33,0.0389045281683994,<0.1,5.560827271861065,0.01152456053609555,0.01152456053609555
Collinder_268,3,0.5135,0.0262,0.0,0.014,0.238,-38.04,37.67,0.239883355113592,0.1-0.3,6.885052948520525,-0.1954586262812408,0.1954586262812408
FSR_1085,3,0.4045,0.0291,0.0,-0.205,0.168,67.2,39.88,0.0575440240605537,<0.1,9.568744926744355,0.03304448566946454,0.03304448566946454
UBC_80,4,0.3686,0.0298,0.0,-0.183,0.117,56.97,16.15,0.0295120780093289,<0.1,10.195564293167282,-0.19766207437361363,0.19766207437361363
UBC_291,6,0.4917,0.0305,0.0,0.102,0.112,-8.14,22.24,0.0251188698309886,<0.1,6.759559517169079,-0.023808059820846255,0.023808059820846255
Tombaugh_2,5,0.4527,0.0309,0.0,-0.141,0.135,86.73,23.25,1.621810239813303,1-2,18.63704257238776,-1.476092696916126,1.476092696916126
NGC_5460,16,0.4138,0.0318,0.0,0.057,0.13,1.86,28.84,0.1584892496402718,0.1-0.3,7.616977130980759,0.18336118978037177,0.18336118978037177
Pismis_21,11,0.2142,0.0329,0.0,-0.046,0.285,-21.08,27.76,,,5.893766737921736,-0.09423555897540574,0.09423555897540574
NGC_2660,6,0.399,0.0336,0.0,-0.154,0.198,28.68,27.19,0.9332548746146908,0.5-1,8.95663408095191,-0.14903102109816382,0.14903102109816382
NGC_2547,7,0.4762,0.0347,0.0,-0.022,0.091,31.28,27.91,0.0323593827469971,<0.1,8.168708281698768,-0.037645544656048316,0.037645544656048316
ASCC_41,5,0.4606,0.0356,0.0,-0.19,0.217,39.76,34.1,0.2137961713919407,0.1-0.3,8.349678145053717,0.08510090543558363,0.08510090543558363
NGC_2658,4,0.4574,0.0362,0.0,-0.187,0.164,39.79,15.55,0.5011870135142811,0.5-1,10.641761638430182,0.5611096317872798,0.5611096317872798
DBSB_101,6,0.54,0.0367,0.0,-0.009,0.205,10.79,39.17,0.0112201894707378,<0.1,6.468411553042719,0.07945378969565815,0.07945378969565815
NGC_5269,4,0.5134,0.0369,0.0,0.064,0.143,-32.53,15.96,0.1318256391182683,0.1-0.3,6.964146351230866,-0.007626414829287203,0.007626414829287203
NGC_5281,3,0.549,0.038,0.0,0.07,0.119,-34.42,14.34,0.0398107083132505,<0.1,7.191086293391627,-0.0024325174247569574,0.0024325174247569574
NGC_2335,4,0.418,0.0384,0.0,-0.109,0.233,38.88,19.34,0.323593827469971,0.3-0.5,9.433797128182443,-0.011610054376652672,0.011610054376652672
FSR_1591,6,0.4355,0.0388,0.0,-0.085,0.126,0.39,34.01,,,7.4107580251390655,-0.05759130506204084,0.05759130506204084
Czernik_25,4,0.3805,0.039,0.0,-0.238,0.133,58.49,23.93,0.7413100459583173,0.5-1,10.261385448180432,-0.17817605106972165,0.17817605106972165
NGC_5381,5,0.414,0.0397,0.0,0.001,0.172,-27.94,24.66,0.3548135450617081,0.3-0.5,6.6684059968668095,0.11383681910322203,0.11383681910322203
Pismis_20,7,0.2145,0.0398,0.0,-0.024,0.358,-32.3,19.04,,,5.890692535354338,-0.05832896221920196,0.05832896221920196
UBC_549,3,0.3513,0.0402,0.0,0.053,0.038,-20.51,18.32,0.0851137701777427,<0.1,5.253081397938896,-0.061398099801590986,0.061398099801590986
NGC_6645,7,0.439,0.0416,0.0,0.012,0.205,-13.49,37.52,0.512861429039393,0.5-1,6.372916532836106,-0.09956878928592232,0.09956878928592232
Ruprecht_100,4,0.43,0.0428,0.0,-0.053,0.13,4.37,33.8,0.2041739917404129,0.1-0.3,7.190291562068282,0.00160062335773355,0.00160062335773355
BH_217,3,0.458,0.043,0.0,0.069,0.072,-15.81,12.2,0.0346736819996329,<0.1,5.037219528811343,-0.07223513989492629,0.07223513989492629
NGC_6756,6,0.4746,0.0433,0.0,0.044,0.121,-24.52,37.32,0.0478629903136986,<0.1,5.8119420327924844,-0.0908427392318134,0.0908427392318134
Collinder_205,6,0.5174,0.0435,0.0,0.067,0.251,37.97,30.22,0.0045708802901852,<0.1,8.409434998150802,-0.046003470318860026,0.046003470318860026
UBC_495,3,0.4575,0.0437,0.0,-0.09,0.199,21.94,3.05,0.407379955757968,0.3-0.5,8.628067108512555,-0.2566500002634757,0.2566500002634757
NGC_2301,4,0.4162,0.0441,0.0,-0.184,0.164,52.94,18.51,0.2137961713919407,0.1-0.3,8.877232327119398,0.027103470777098217,0.027103470777098217
UBC_622,16,0.4217,0.0441,0.0,-0.118,0.171,38.28,34.68,0.7585777749219503,0.5-1,11.22002959864248,0.7552058511033474,0.7552058511033474
Haffner_4,4,0.4697,0.0474,0.0,0.021,0.055,57.92,27.61,0.4570880290185208,0.3-0.5,11.606519274257359,-0.25524367304734746,0.25524367304734746
NGC_5822,6,0.4627,0.0477,0.0,0.073,0.121,-37.02,28.64,0.9120109194638908,0.5-1,7.4814851725297435,0.07245026882727702,0.07245026882727702
BH_23,12,0.3487,0.0501,0.0,-0.164,0.165,29.83,29.45,0.0288403175645028,<0.1,8.255320023848165,0.013143213354571252,0.013143213354571252
BH_56,4,0.413,0.0503,0.0,-0.099,0.147,12.58,20.39,0.0177827941003892,<0.1,8.262987295223756,0.0460860178584795,0.0460860178584795
UBC_552,9,0.4987,0.0503,0.0,0.105,0.153,-14.56,28.78,0.0112201894707378,<0.1,5.47302180080721,0.031119588727335962,0.031119588727335962
DBSB_43,11,0.3879,0.0514,0.0,-0.047,0.156,22.74,22.89,0.0245470816103821,<0.1,8.66532063552822,-0.2652316273404158,0.2652316273404158
Trumpler_15,4,0.3803,0.0515,0.0,-0.008,0.107,-4.5,21.78,0.0089125054671134,<0.1,7.75036572594487,0.0025879023108611073,0.0025879023108611073
Berkeley_39,14,0.3712,0.0526,0.0,-0.154,0.211,13.44,21.32,5.62341325190349,>5,12.148713079963338,0.9012390882902849,0.9012390882902849
ESO_226_06,5,0.3692,0.0532,0.0,-0.061,0.156,-18.53,20.06,0.0323593827469971,<0.1,5.945421171930376,-0.03791137853624653,0.03791137853624653
Gulliver_7,7,0.3896,0.0543,0.0,-0.1,0.146,14.3,19.71,0.4786304286528699,0.3-0.5,13.621893371479006,-0.6332040339049908,0.6332040339049908
Ruprecht_77,7,0.3896,0.0543,0.0,-0.1,0.146,14.3,19.71,0.0123026920306321,<0.1,8.684882324602864,-0.20365767993071407,0.20365767993071407
UBC_296,4,0.3501,0.0544,0.0,-0.095,0.162,-29.54,29.07,0.2511884225153641,0.1-0.3,6.832164613829276,0.009911869217497388,0.009911869217497388
UBC_618,11,0.374,0.0545,0.0,-0.207,0.13,43.02,34.88,0.7244353873869618,0.5-1,15.373825015608476,-0.2737494032560778,0.2737494032560778
Pozzo_1,14,0.3691,0.0546,0.0,-0.18,0.187,36.97,23.51,0.0095499262796311,<0.1,8.172910255891294,-0.025992792674927916,0.025992792674927916
UBC_312,5,0.4707,0.0555,0.0,0.051,0.18,-43.06,35.98,0.794327537013272,0.5-1,5.6086576535094546,0.010119418480246518,0.010119418480246518
UBC_277,14,0.3298,0.0557,0.0,-0.172,0.232,-19.51,26.66,0.102329353157667,0.1-0.3,7.570311610892753,0.08555132057526944,0.08555132057526944
UBC_479,18,0.4199,0.0563,0.0,-0.105,0.164,38.12,25.2,0.0204173767566041,<0.1,8.536695203062107,-0.08434679593242266,0.08434679593242266
UPK_526,9,0.4235,0.0564,0.0,-0.116,0.179,43.18,26.98,0.0309029380386681,<0.1,8.187177211654385,-0.12424385252180713,0.12424385252180713
Ruprecht_105,7,0.4893,0.0576,0.0,-0.078,0.208,-15.96,31.62,0.3890452816839944,0.3-0.5,7.247831766514663,0.06405669287375644,0.06405669287375644
UPK_436,16,0.3986,0.058,0.0,-0.207,0.213,48.18,24.93,0.0257039487966919,<0.1,8.806974726354357,-0.06879675992281546,0.06879675992281546
Hogg_15,3,0.3835,0.0588,0.0,-0.15,0.221,-17.26,3.81,0.0021877623926123,<0.1,6.906211191466577,-0.00023227195277312693,0.00023227195277312693
NGC_4609,3,0.3835,0.0588,0.0,-0.15,0.221,-17.26,3.81,0.0812830230578909,<0.1,7.43351465511531,0.015005947034792928,0.015005947034792928
UPK_18,5,0.4094,0.0592,0.0,0.045,0.126,-2.97,18.42,0.7244353873869618,0.5-1,7.387490613089536,-0.05071018131249626,0.05071018131249626
FSR_1171,15,0.3842,0.0594,0.0,-0.127,0.215,39.28,28.7,,,12.04161233246178,-0.19935615936150622,0.19935615936150622
UBC_100,4,0.241,0.0596,0.0,-0.237,0.418,-20.94,44.24,0.1584892496402718,0.1-0.3,6.828043719338339,-0.07271936643858458,0.07271936643858458
BH_211,12,0.5065,0.0596,0.0,0.05,0.136,-28.88,41.12,0.4265796312095559,0.3-0.5,6.298578860038443,0.031277439796753195,0.031277439796753195
NGC_2925,15,0.4206,0.0606,0.0,-0.038,0.144,32.93,18.89,0.1288248533293804,0.1-0.3,8.078472539705123,0.0036895150471198575,0.0036895150471198575
Trumpler_20,11,0.4933,0.0607,0.0,0.058,0.056,-33.26,19.19,1.862089099377868,1-2,6.931754052929746,0.16848147179775194,0.16848147179775194
LP_2210,7,0.409,0.0611,0.0,-0.116,0.259,-41.89,24.52,0.1288248533293804,0.1-0.3,6.886201843155331,-0.0927865009336503,0.0927865009336503
NGC_2910,14,0.3867,0.0617,0.0,-0.083,0.163,17.55,32.54,0.1288248533293804,0.1-0.3,8.108377615594135,-0.006769033608983992,0.006769033608983992
UBC_651,5,0.4897,0.0618,0.0,-0.007,0.055,4.12,16.76,0.1584892496402718,0.1-0.3,8.457019849031282,-0.06053370091764114,0.06053370091764114
UPK_442,15,0.4235,0.0618,0.0,-0.112,0.185,40.59,41.53,0.1698241862446276,0.1-0.3,8.608550054457034,-0.08009307477311921,0.08009307477311921
NGC_2254,12,0.3751,0.0619,0.0,-0.079,0.139,41.24,31.93,0.3467368199963294,0.3-0.5,10.685381043107567,0.02916936285994941,0.02916936285994941
UBC_490,16,0.4207,0.0621,0.0,-0.027,0.148,33.64,22.81,0.0398107083132505,<0.1,8.395484552779275,-0.12049273059114067,0.12049273059114067
FSR_1361,10,0.4188,0.0622,0.0,-0.083,0.232,43.95,34.71,0.2884031756450284,0.1-0.3,9.37728194207537,-0.22111465894576568,0.22111465894576568
Bochum_11,10,0.4034,0.0624,0.0,-0.063,0.111,11.73,25.35,0.0063095762158615,<0.1,7.724274285848646,-0.02059380192778108,0.02059380192778108
UPK_457,13,0.4046,0.0624,0.0,-0.202,0.192,38.9,27.93,,,8.774381094019212,-0.09784891330642854,0.09784891330642854
NGC_6716,4,0.4215,0.0625,0.0255,-0.012,0.105,-48.45,29.71,0.097723670593248,<0.1,7.447951016304326,-0.09920016639936344,0.09920016639936344
Teutsch_38,15,0.3817,0.0629,0.0,-0.084,0.163,39.0,29.56,0.0371535375952047,<0.1,8.273127419578335,0.05800122633555603,0.05800122633555603
UBC_650,10,0.3661,0.0629,0.0,-0.182,0.212,28.03,19.63,0.0776246877988414,<0.1,8.699228663138475,0.16995725261318703,0.16995725261318703
Teutsch_85,13,0.4112,0.0634,0.0,0.057,0.152,-22.3,29.89,,,1.9450750617703214,-0.046606848217963945,0.046606848217963945
Pismis_12,3,0.4415,0.0641,0.0,-0.023,0.047,21.77,12.86,1.23026920306321,1-2,8.497749792019352,0.15084156396398582,0.15084156396398582
DBSB_60,8,0.3597,0.0643,0.0,-0.081,0.246,3.66,20.61,,,7.848498649982014,-0.1635480130835111,0.1635480130835111
UBC_559,12,0.4493,0.0643,0.0,0.042,0.179,-11.36,25.63,0.0114815347022194,<0.1,5.618162201450423,-0.026150937234823018,0.026150937234823018
FSR_1509,4,0.3572,0.0649,0.0,0.012,0.107,8.48,21.41,0.0616594947701844,<0.1,8.595055304599358,-0.06221696717458085,0.06221696717458085
BH_72,15,0.3965,0.0651,0.0,-0.07,0.16,21.53,29.1,0.2238723104986867,0.1-0.3,11.5954864393838,-0.1682276743599175,0.1682276743599175
Ferrero_11,12,0.3907,0.0653,0.0,-0.157,0.174,52.16,24.14,0.2818381693478142,0.1-0.3,8.834725999173989,-0.08822038610267033,0.08822038610267033
UBC_254,13,0.4225,0.0656,0.0,-0.01,0.202,25.21,23.11,0.1096478099832217,0.1-0.3,8.121354026591513,-0.040568288503504066,0.040568288503504066
UBC_491,17,0.3987,0.0659,0.0,-0.06,0.153,24.12,28.28,0.1819701817628807,0.1-0.3,8.734242843877874,-0.06069281728564084,0.06069281728564084
Ruprecht_98,15,0.444,0.0663,0.0,0.0,0.184,-26.59,26.24,0.4897783461428336,0.3-0.5,7.909550643491488,0.0007355646883030649,0.0007355646883030649
NGC_5168,16,0.4398,0.0666,0.0,0.009,0.149,-22.75,33.5,0.602559215586761,0.5-1,6.57376910358228,0.11214817204747492,0.11214817204747492
UBC_443,18,0.3909,0.0668,0.0,-0.166,0.158,53.47,23.79,0.8912505467113453,0.5-1,10.965861493253284,-0.3723441031931751,0.3723441031931751
UBC_461,6,0.3968,0.0671,0.0,-0.137,0.2,85.15,16.63,0.0478629903136986,<0.1,10.260842229644386,0.18273016095026415,0.18273016095026415
IC_2714,11,0.3809,0.0677,0.0,-0.079,0.181,-4.0,18.25,0.5248077829311784,0.5-1,7.700325912603087,-0.023853109654958387,0.023853109654958387
Ruprecht_58,27,0.3893,0.0686,0.0,-0.143,0.171,48.29,24.72,0.3311314705081584,0.3-0.5,10.026398712450838,0.12779579776151104,0.12779579776151104
BH_151,12,0.4031,0.0696,0.0,-0.006,0.155,-39.53,20.92,0.0158489249640271,<0.1,6.369909988777095,0.07081030839318776,0.07081030839318776
UBC_499,17,0.461,0.0697,0.0,-0.109,0.174,-2.56,16.22,0.0524807206714521,<0.1,7.792003683101999,-0.03959950792853133,0.03959950792853133
UBC_301,12,0.4026,0.0698,0.0,-0.006,0.276,-33.44,25.6,0.2344228197592381,0.1-0.3,7.004316981063186,0.04955616040065987,0.04955616040065987
NGC_2682,41,0.449,0.0698,0.0,-0.037,0.108,34.65,13.01,4.265796312095559,2-5,8.73903962636269,0.48820822140887254,0.48820822140887254
NGC_2516,15,0.3437,0.07,0.0,-0.181,0.208,11.68,23.8,0.239883355113592,0.1-0.3,8.105196363246357,-0.09242777645376765,0.09242777645376765
NGC_2539,22,0.4516,0.0703,0.0,0.033,0.119,33.21,18.95,0.6918312139914402,0.5-1,8.953074373430129,0.27825113085708747,0.27825113085708747
UBC_476,8,0.4799,0.0706,0.0,-0.176,0.179,52.75,17.07,0.0870963704709874,<0.1,10.633261443000634,0.2386000462251617,0.2386000462251617
NGC_5617,5,0.3562,0.0707,0.0,-0.03,0.231,-31.89,12.58,0.1047129651766653,0.1-0.3,6.607874734802593,0.011495903812579106,0.011495903812579106
Collinder_69,3,0.1701,0.0707,0.0391,0.102,0.203,18.53,19.66,0.0125892513534471,<0.1,8.506219308594577,-0.06301715085037744,0.06301715085037744
Teutsch_13,13,0.4062,0.0709,0.0,-0.22,0.149,42.12,28.15,0.0079432840915212,<0.1,14.055710445068222,-0.08080586164833702,0.08080586164833702
Ruprecht_119,26,0.4647,0.0709,0.0,0.026,0.162,-26.55,33.69,0.0478629903136986,<0.1,6.148985970119869,-0.05979322277309189,0.05979322277309189
UBC_553,7,0.4715,0.0712,0.0,0.139,0.085,-18.42,24.11,0.0131825639118268,<0.1,6.486588299744646,0.06318029320501446,0.06318029320501446
ESO_130_06,3,0.4913,0.0712,0.0437,-0.011,0.152,-6.34,23.83,0.1412536303897631,0.1-0.3,7.7815853387998954,0.06373534480393846,0.06373534480393846
FSR_0088,19,0.467,0.0713,0.0,0.04,0.129,11.74,23.8,0.1659587927845761,0.1-0.3,4.848619968594107,-0.1178859370134664,0.1178859370134664
Gulliver_46,10,0.432,0.0716,0.0,0.045,0.116,-22.03,15.18,0.0117489801933541,<0.1,7.200956883416021,0.08499021933796332,0.08499021933796332
UPK_33,13,0.4323,0.0717,0.0,0.082,0.147,8.97,21.32,0.2818381693478142,0.1-0.3,7.670903516636645,0.0243195377792872,0.0243195377792872
Ruprecht_18,28,0.3384,0.0717,0.0,-0.147,0.174,61.73,30.85,0.1288248533293804,0.1-0.3,9.785232108219867,-0.21234704678561037,0.21234704678561037
Gulliver_50,5,0.3976,0.0722,0.0,-0.037,0.118,3.48,29.34,0.0407380403044348,<0.1,7.420922546322572,0.00911532330973271,0.00911532330973271
UBC_627,10,0.3806,0.0723,0.0,-0.142,0.162,39.64,21.47,2.089294662720361,2-5,10.187310782814992,0.7430414935004301,0.7430414935004301
NGC_4349,8,0.4325,0.0724,0.0,0.035,0.119,-23.94,16.45,0.3162277660168379,0.3-0.5,7.327581828969514,0.0479843450739897,0.0479843450739897
NGC_6520,3,0.7066,0.0728,0.0,0.309,0.15,,,0.123026920306321,0.1-0.3,6.328792816860768,-0.07309718138869757,0.07309718138869757
ESO_312_04,13,0.416,0.073,0.0,-0.006,0.127,37.26,18.64,0.044668369023895,<0.1,11.408851775862505,-0.17588935588254975,0.17588935588254975
Dolidze_32,15,0.4347,0.0733,0.0,0.088,0.135,8.33,17.81,0.102329353157667,0.1-0.3,6.304028923727915,0.03323674680143229,0.03323674680143229
NGC_6649,4,0.5353,0.0733,0.0,0.017,0.092,-5.95,21.61,0.0707945628925188,<0.1,6.182411722231311,-0.013453416771120979,0.013453416771120979
Berkeley_20,5,0.4584,0.0735,0.0,-0.034,0.208,14.16,22.42,4.786304286528699,2-5,31.493279082399454,-7.389336564886125,7.389336564886125
UBC_347,4,0.4289,0.0736,0.0,0.145,0.115,-15.42,38.79,0.8511386362915022,0.5-1,6.838991114075999,0.026708528167137497,0.026708528167137497
LP_2220,9,0.3636,0.0736,0.0,-0.12,0.213,46.34,15.44,0.4570880290185208,0.3-0.5,8.479906665805197,-0.010918148949212041,0.010918148949212041
UBC_259,18,0.4094,0.0738,0.0,-0.077,0.15,2.21,15.44,0.102329353157667,0.1-0.3,7.8093882411232975,-0.06759119162552123,0.06759119162552123
BH_66,8,0.3865,0.0738,0.0,-0.028,0.193,23.85,19.18,0.7244353873869618,0.5-1,12.429565643188937,-0.5237351386735826,0.5237351386735826
Collinder_220,6,0.4515,0.0742,0.0,0.094,0.085,13.65,21.8,0.2344228197592381,0.1-0.3,7.893335634485431,0.0023156099760862255,0.0023156099760862255
UBC_470,14,0.4088,0.0742,0.0,-0.158,0.143,51.12,32.52,0.0323593827469971,<0.1,10.265867076091503,0.07982607014921524,0.07982607014921524
FSR_1363,21,0.4305,0.0743,0.0,-0.127,0.14,51.15,25.58,0.2238723104986867,0.1-0.3,10.199858729992691,-0.0216962211846982,0.0216962211846982
UBC_558,7,0.5084,0.0744,0.0,0.103,0.132,-19.7,32.92,0.0072443618278712,<0.1,5.308803221054166,-0.05654829359203732,0.05654829359203732
FSR_1260,14,0.4335,0.0744,0.0,-0.142,0.135,44.94,20.83,0.1412536303897631,0.1-0.3,10.247247255113,-0.03426727093291486,0.03426727093291486
UBC_664,6,0.4062,0.0744,0.0,-0.012,0.213,-28.83,19.61,0.0407380403044348,<0.1,6.027824990788932,-0.10718550166561928,0.10718550166561928
ASCC_67,12,0.3721,0.0745,0.0,-0.007,0.231,-10.59,33.61,0.0371535375952047,<0.1,7.502447559042918,0.04409910560390369,0.04409910560390369
Czernik_30,5,0.3087,0.0746,0.0,-0.318,0.216,54.2,14.17,2.8840317564502844,2-5,15.805580266950448,0.6960512156686154,0.6960512156686154
LP_597,7,0.5216,0.0748,0.0,0.053,0.161,-32.32,22.14,0.5370312303176601,0.5-1,6.490907738805784,0.20916985622263617,0.20916985622263617
NGC_6318,10,0.4481,0.0748,0.0,0.028,0.186,-9.14,31.69,0.0097723670593248,<0.1,5.760090675056096,-0.014505174044679697,0.014505174044679697
Berkeley_73,13,0.3682,0.0751,0.0,-0.281,0.186,62.77,30.15,1.4125363038976315,1-2,15.089827044522995,-1.2381421873248493,1.2381421873248493
Pismis_23,6,0.4742,0.0751,0.0,-0.036,0.213,-45.33,43.03,,,3.716202982130347,0.05220864445545466,0.05220864445545466
UBC_302,7,0.3752,0.0754,0.0,-0.085,0.328,-26.96,30.24,0.5754402406055371,0.5-1,7.280173120541589,0.10700207566855276,0.10700207566855276
NGC_5662,12,0.4351,0.0757,0.0148,0.051,0.108,-28.71,23.85,0.1995263191254866,0.1-0.3,7.575072315258612,0.06553878758203764,0.06553878758203764
IC_2581,11,0.442,0.076,0.0,0.028,0.17,13.91,23.13,0.0102329353157667,<0.1,7.900113688529796,0.020253217078107195,0.020253217078107195
UPK_549,5,0.4207,0.0763,0.0,-0.013,0.089,3.42,21.02,0.9332548746146908,0.5-1,8.065573151378464,0.033208101182319885,0.033208101182319885
FSR_1297,23,0.3917,0.0769,0.0,-0.15,0.153,59.65,27.89,,,8.865342113701482,-0.09136005844327515,0.09136005844327515
Collinder_115,17,0.3273,0.077,0.0,-0.211,0.191,33.87,28.05,0.0954992627963111,<0.1,9.988588121635777,0.01594229751291469,0.01594229751291469
UPK_508,11,0.3387,0.077,0.0,-0.111,0.174,47.07,38.04,0.1,<0.1,8.324029657064798,0.13604710745096416,0.13604710745096416
BH_132,4,0.4474,0.0772,0.0,0.159,0.042,-10.86,17.1,0.1584892496402718,0.1-0.3,7.1411640143246125,-0.04612215470666629,0.04612215470666629
Collinder_135,31,0.4071,0.0777,0.0,-0.21,0.22,38.02,22.78,0.0263026845396328,<0.1,8.234164521124182,-0.03818454039978224,0.03818454039978224
Berkeley_33,9,0.3255,0.0777,0.0,-0.165,0.129,53.01,25.47,0.2344228197592381,0.1-0.3,13.885367365444237,-0.5236879959992525,0.5236879959992525
ESO_166_04,5,0.3129,0.0779,0.0,-0.15,0.339,13.94,23.85,0.1995263191254866,0.1-0.3,8.125799889471883,-0.05954381302422078,0.05954381302422078
UBC_107,4,0.5661,0.0781,0.0,0.178,0.127,-13.18,6.12,0.2344228197592381,0.1-0.3,5.517615262880812,0.044017343859756794,0.044017343859756794
ESO_371_25,16,0.324,0.0784,0.0,-0.064,0.171,46.7,22.86,2.041739917404129,2-5,12.087014979154537,0.785906192733914,0.785906192733914
NGC_3228,30,0.5002,0.0786,0.0,-0.07,0.173,14.22,27.64,0.0301995185303324,<0.1,8.044831658383464,0.058977928240519215,0.058977928240519215
UBC_229,5,0.4098,0.0789,0.0,-0.056,0.103,61.3,20.81,0.1122018947073786,0.1-0.3,9.705115033341865,0.17074509446882544,0.17074509446882544
Juchert_13,11,0.3665,0.0789,0.0,0.011,0.235,-4.35,20.05,2.290865841769215,2-5,7.203044795247234,-0.09493840027909221,0.09493840027909221
ESO_134_12,4,0.3092,0.0791,0.0,0.021,0.144,-35.06,18.77,0.1513562312005786,0.1-0.3,6.567607694445705,0.04040112898541755,0.04040112898541755
UBC_326,5,0.5933,0.0796,0.0,0.091,0.174,-27.7,21.38,0.2630268453963283,0.1-0.3,6.397738618460232,0.07318254490119609,0.07318254490119609
UPK_560,25,0.4239,0.0796,0.0,-0.113,0.243,25.14,23.77,0.323593827469971,0.3-0.5,8.05734055338748,0.14232788981628144,0.14232788981628144
UBC_518,5,0.5395,0.0798,0.0,0.136,0.112,-1.12,28.78,0.0301995185303324,<0.1,7.094370071512149,-0.006302528256111033,0.006302528256111033
LP_2059,21,0.3973,0.0799,0.0,-0.04,0.146,9.09,22.06,0.2691536695250797,0.1-0.3,7.852442530699555,-0.11794912542085505,0.11794912542085505
NGC_2112,29,0.3661,0.08,0.0,-0.115,0.21,25.33,26.64,2.089294662720361,2-5,9.13665206088536,-0.22547542179605484,0.22547542179605484
NGC_2533,24,0.3436,0.0803,0.0,-0.192,0.202,50.17,25.42,1.047129651766654,1-2,9.687768392598503,0.09377975148640146,0.09377975148640146
UBC_528,18,0.4238,0.0804,0.0,0.01,0.142,-40.14,16.13,2.691536695250797,2-5,6.448849565800022,0.06676625016449729,0.06676625016449729
Berkeley_22,15,0.246,0.0805,0.0309,-0.209,0.22,29.65,37.16,2.454710856206481,2-5,22.165191536042606,-1.9793870597652439,1.9793870597652439
NGC_3766,8,0.499,0.0806,0.0,0.11,0.198,11.48,20.02,0.0229086835704537,<0.1,7.500058940837934,0.017095879807946985,0.017095879807946985
ASCC_71,13,0.378,0.0806,0.0,-0.071,0.156,-13.83,29.04,0.1288248533293804,0.1-0.3,7.569755426368757,-0.08771405652785307,0.08771405652785307
UBC_529,10,0.4172,0.0815,0.0,0.025,0.179,-39.87,23.01,0.1659587927845761,0.1-0.3,6.52387411731162,0.03819538962602438,0.03819538962602438
Collinder_261,64,0.4496,0.0815,0.0,-0.049,0.137,-23.63,14.58,6.309576215861531,>5,6.999503140616888,-0.2897831093262932,0.2897831093262932
NGC_6694,7,0.4429,0.0817,0.0,0.052,0.17,14.81,27.3,0.1412536303897631,0.1-0.3,6.4258078690711224,-0.08046872910921817,0.08046872910921817
UBC_284,4,0.53,0.0818,0.0,0.112,0.114,6.98,25.84,1.5848924964027185,1-2,7.365939987283115,0.0065736546374580325,0.0065736546374580325
Ruprecht_91,23,0.3954,0.0819,0.0,-0.032,0.161,13.17,28.66,0.1380385355838289,0.1-0.3,7.876224072584098,0.048074160893481224,0.048074160893481224
SAI_113,10,0.5223,0.082,0.0,0.023,0.108,10.44,25.29,0.0089125054671134,<0.1,8.57729344177758,-0.16794681933222347,0.16794681933222347
UBC_266,19,0.4238,0.0822,0.0,-0.022,0.107,-4.68,19.48,0.0128824994773753,<0.1,7.63545112146486,0.03833996804961222,0.03833996804961222
Trumpler_25,21,0.5256,0.0822,0.0,0.094,0.169,-22.65,29.16,0.2290865841769215,0.1-0.3,5.699305373476441,-0.06230789757548054,0.06230789757548054
NGC_5925,3,0.4701,0.0822,0.0,-0.021,0.3,-21.25,21.09,0.4897783461428336,0.3-0.5,6.978377708815017,0.06232274466156425,0.06232274466156425
UBC_441,10,0.425,0.0823,0.0,-0.182,0.216,32.34,34.26,0.1737799912893991,0.1-0.3,9.934044907633107,-0.12990409623105958,0.12990409623105958
UBC_220,4,0.3407,0.0825,0.0,-0.221,0.142,42.91,23.98,0.3162277660168379,0.3-0.5,10.278335823107705,-0.03312559496580096,0.03312559496580096
Trumpler_17,13,0.4134,0.0826,0.0,-0.06,0.137,3.93,22.31,0.0199526319125486,<0.1,7.694092457962719,0.038301057900356275,0.038301057900356275
Ruprecht_161,21,0.3738,0.0826,0.0,-0.086,0.205,15.3,22.21,0.1047129651766653,0.1-0.3,7.939000415858056,-0.048116166923339684,0.048116166923339684
ASCC_21,23,0.3692,0.0831,0.0271,-0.156,0.258,30.95,31.4,0.0089125054671134,<0.1,8.437335690969562,-0.07806652848443875,0.07806652848443875
FSR_1595,8,0.4712,0.0833,0.0,0.048,0.155,-12.37,21.75,0.6918312139914402,0.5-1,7.612207635516045,-0.05219091442419181,0.05219091442419181
Gulliver_52,6,0.4612,0.0836,0.0,-0.004,0.077,7.82,36.71,0.4786304286528699,0.3-0.5,7.737902924803413,0.0021568824699741036,0.0021568824699741036
UBC_7,3,0.2611,0.0836,0.0488,-0.16,0.109,65.44,26.88,0.0316227766016837,<0.1,8.225237571347552,-0.04382207649736307,0.04382207649736307
UBC_503,29,0.4148,0.0836,0.0,-0.04,0.142,11.22,24.24,1.5488151224416984,1-2,7.777623138078213,-0.13562945523457517,0.13562945523457517
Collinder_258,3,0.4481,0.0836,0.0,-0.094,0.107,-37.04,52.88,0.097723670593248,<0.1,7.553785699129068,0.06401615666898904,0.06401615666898904
Teutsch_103,10,0.4134,0.0836,0.0,-0.145,0.204,27.64,28.9,0.3630784055774333,0.3-0.5,8.557291807679313,0.1774370923805709,0.1774370923805709
UBC_258,37,0.4059,0.0838,0.0,-0.04,0.17,10.18,22.87,0.0407380403044348,<0.1,7.834127306514564,0.0454940939459126,0.0454940939459126
BH_67,3,0.4312,0.0839,0.0,0.065,0.247,16.18,27.46,0.6165949477018448,0.5-1,12.61782094863382,-0.04865098144114326,0.04865098144114326
Gulliver_39,9,0.4322,0.084,0.0,-0.019,0.108,3.29,19.75,0.6165949477018448,0.5-1,7.739665465589314,0.09114613724703198,0.09114613724703198
Bochum_6,11,0.4265,0.084,0.0,-0.101,0.117,48.07,16.11,0.006456541439665,<0.1,10.943258936698372,0.011014906253526708,0.011014906253526708
DBSB_6,3,0.4373,0.084,0.0,-0.065,0.129,52.55,23.05,0.0316227766016837,<0.1,10.889074440894111,-0.006618488361682034,0.006618488361682034
NGC_5138,4,0.2497,0.0843,0.0485,-0.218,0.287,1.67,45.14,0.0478629903136986,<0.1,7.1007351410223,0.13837483974311213,0.13837483974311213
UBC_102,6,0.4968,0.0844,0.0,0.049,0.116,32.49,19.25,0.3311314705081584,0.3-0.5,6.423033240695345,-0.02302610868271297,0.02302610868271297
UBC_292,25,0.4835,0.0844,0.0,0.014,0.181,-19.81,25.36,0.069183121399144,<0.1,6.996888759319732,0.07446913741318602,0.07446913741318602
Trumpler_14,7,0.4023,0.0846,0.0,-0.027,0.139,3.85,19.15,0.0630957621586153,<0.1,7.751730542945543,-0.007457165997306097,0.007457165997306097
UPK_398,6,0.2595,0.0847,0.0,-0.082,0.205,34.81,49.37,0.0107151982289039,<0.1,8.549772053094635,-0.07026669966544118,0.07026669966544118
FSR_1335,7,0.3347,0.0853,0.0,-0.233,0.208,54.1,15.78,0.0112201894707378,<0.1,13.084932930087431,0.3888516238363478,0.3888516238363478
Collinder_185,22,0.3952,0.0854,0.0,-0.143,0.167,35.9,24.26,0.0616594947701844,<0.1,8.672030730866854,0.03705040165158903,0.03705040165158903
Berkeley_32,36,0.3408,0.0855,0.0,-0.258,0.195,56.09,32.31,4.897783461428336,2-5,11.389623565936422,0.30338503070744766,0.30338503070744766
Teutsch_61,10,0.3597,0.0855,0.0,-0.041,0.136,42.03,14.91,0.045708802901852,<0.1,10.302658303231679,0.03364911331007066,0.03364911331007066
UBC_632,27,0.4298,0.0856,0.0,-0.131,0.191,46.51,35.05,,,10.867067231992193,0.8061185567642731,0.8061185567642731
FSR_1750,7,0.5219,0.0858,0.0,0.186,0.099,-39.07,37.8,,,4.372123601505174,0.13740295945689227,0.13740295945689227
UBC_264,13,0.4168,0.0861,0.0,-0.014,0.099,-1.91,24.98,0.2951211041237279,0.1-0.3,7.695629206646518,-0.03469838120127526,0.03469838120127526
Melotte_101,30,0.4187,0.0861,0.0,-0.025,0.17,-2.47,22.32,0.1659587927845761,0.1-0.3,7.655172791551502,-0.2023623810248553,0.2023623810248553
UBC_654,12,0.452,0.0861,0.0142,-0.115,0.185,-0.51,20.02,0.0089125054671134,<0.1,8.022833815522464,-0.07870770830049005,0.07870770830049005
Alessi_5,12,0.4566,0.0862,0.0471,-0.045,0.223,13.73,24.53,0.0676082856622264,<0.1,8.00715913592586,0.00676473472061111,0.00676473472061111
LP_2068,6,0.5448,0.0864,0.0,0.051,0.085,-6.59,34.35,0.2238723104986867,0.1-0.3,6.456269956532365,-0.09820074656779595,0.09820074656779595
NGC_6204,5,0.4198,0.0865,0.0,0.07,0.051,-19.19,15.95,0.0933253849940474,<0.1,6.9808055225054195,-0.004848042818788239,0.004848042818788239
NGC_2232,42,0.4078,0.0867,0.0,-0.19,0.222,34.21,34.17,0.0177827941003892,<0.1,8.390635459076993,-0.020911692540312072,0.020911692540312072
UBC_497,13,0.4483,0.0869,0.0,0.008,0.134,7.73,19.08,,,7.854099054082162,0.04863677778224791,0.04863677778224791
SAI_108,3,0.4483,0.0869,0.058,-0.015,0.081,7.78,24.38,0.1202264223411669,0.1-0.3,8.608882185691115,-0.003497399163277553,0.003497399163277553
Czernik_39,18,0.5085,0.0872,0.0,0.062,0.138,-1.7,36.53,0.1380385355838289,0.1-0.3,5.6084924991309375,-0.09954353035043893,0.09954353035043893
vdBergh_85,12,0.3484,0.0874,0.0,-0.175,0.228,31.58,35.86,0.0043651569804287,<0.1,9.71645463267548,0.0116820776876289,0.0116820776876289
NGC_2244,4,0.2995,0.0874,0.0,0.035,0.146,35.19,62.83,0.0125892513534471,<0.1,9.600398758679178,-0.03279916274206128,0.03279916274206128
UBC_228,26,0.4355,0.0876,0.0,-0.132,0.178,53.19,37.55,0.8128302305789092,0.5-1,10.154480239132225,0.17631375547197722,0.17631375547197722
UBC_656,11,0.4581,0.0878,0.0503,-0.031,0.229,13.73,25.72,,,8.044800637024112,-0.14732478849519218,0.14732478849519218
NGC_2588,10,0.4145,0.088,0.0,-0.125,0.161,61.58,25.69,0.5495405842387225,0.5-1,10.769572394614714,0.23991753370201416,0.23991753370201416
UBC_324,20,0.4921,0.0881,0.0,0.127,0.107,-29.23,30.76,0.794327537013272,0.5-1,6.191726046004239,0.07909253576786653,0.07909253576786653
UBC_286,5,0.504,0.0881,0.0,0.022,0.067,-5.32,14.5,0.0575440240605537,<0.1,7.235909630751548,0.030512186669282643,0.030512186669282643
FSR_1252,10,0.3435,0.0881,0.0547,-0.197,0.13,55.04,18.45,0.8511386362915022,0.5-1,10.840331083379418,-0.09433563029042484,0.09433563029042484
FSR_1586,19,0.4003,0.0885,0.0,-0.029,0.16,8.75,41.06,,,7.6528376577333,-0.08186553032655756,0.08186553032655756
UBC_199,13,0.37,0.0888,0.0,-0.103,0.172,19.05,70.67,1.148154730847072,1-2,9.29464925170676,-0.30709303292043383,0.30709303292043383
UBC_550,7,0.4967,0.0889,0.0,0.043,0.136,-3.47,30.16,0.0467735223455781,<0.1,5.6458904033384645,-0.0034569191671949655,0.0034569191671949655
Hogg_4,22,0.3976,0.0889,0.0,-0.064,0.148,18.68,21.54,1.4791086480080835,1-2,8.713019778982895,0.030777772880971572,0.030777772880971572
vdBergh_80,15,0.3601,0.0891,0.0,-0.094,0.155,32.57,27.06,0.006456541439665,<0.1,8.889753162963403,-0.12807379716636663,0.12807379716636663
Haffner_26,16,0.3912,0.0891,0.0,-0.1,0.234,62.15,23.72,0.5370312303176601,0.5-1,9.771675803245934,0.15780470118399345,0.15780470118399345
NGC_6124,7,0.3934,0.0893,0.0,-0.05,0.151,1.35,41.51,0.1905459546378596,0.1-0.3,7.521796492496848,0.08651967580368596,0.08651967580368596
UPK_630,11,0.5178,0.0894,0.0,0.108,0.107,-20.93,29.47,0.1122018947073786,0.1-0.3,7.274001550712615,-0.026705375845942552,0.026705375845942552
FSR_1419,20,0.3458,0.0897,0.0,-0.07,0.183,34.99,28.22,1.621810239813303,1-2,29.564026961675456,-3.170476205653013,3.170476205653013
UBC_349,4,0.5021,0.0899,0.0,0.032,0.143,29.74,13.61,0.2041739917404129,0.1-0.3,5.860837799279858,-0.019296919851810434,0.019296919851810434
Basel_18,9,0.4333,0.0901,0.0,-0.05,0.097,-21.92,28.22,0.0275422906622152,<0.1,7.108476327967481,0.026927155652874252,0.026927155652874252
NGC_2287,9,0.4572,0.0902,0.0,-0.139,0.217,77.3,65.11,0.1698241862446276,0.1-0.3,8.595976281756164,-0.11116915818443628,0.11116915818443628
UBC_345,13,0.5236,0.0903,0.0,0.115,0.169,-14.6,26.58,0.0144543926289566,<0.1,6.156268595002423,0.030504546569457048,0.030504546569457048
UBC_260,26,0.4218,0.0908,0.0,-0.169,0.275,23.31,41.5,0.2344228197592381,0.1-0.3,7.984193743843965,-0.11597043255757154,0.11597043255757154
UBC_504,8,0.4358,0.0908,0.0328,0.075,0.136,7.1,16.08,0.0112201894707378,<0.1,8.410398890368246,-0.20753085655464512,0.20753085655464512
UBC_354,20,0.4972,0.0909,0.0096,-0.012,0.143,-4.46,23.72,0.1995263191254866,0.1-0.3,6.560979260599877,-0.0341180265548892,0.0341180265548892
Pismis_15,17,0.3584,0.0909,0.059,-0.216,0.195,28.11,31.43,0.8709627484287175,0.5-1,8.480868018631787,0.16155417264431501,0.16155417264431501
UBC_533,10,0.5508,0.0911,0.0,0.053,0.22,-36.07,30.46,0.0891250546711345,<0.1,7.134648037759627,0.09229136712564541,0.09229136712564541
NGC_2972,6,0.2419,0.0916,0.025,0.002,0.056,16.84,21.76,0.4897783461428336,0.3-0.5,8.215664766875618,0.08389315804620386,0.08389315804620386
LP_2117,19,0.4972,0.0917,0.0241,-0.002,0.139,-2.02,21.62,0.6309576215861531,0.5-1,6.72427172930986,-0.027168257471139694,0.027168257471139694
Gulliver_27,19,0.3022,0.0918,0.0,-0.043,0.164,9.42,23.84,0.602559215586761,0.5-1,8.300476179586974,-0.018031188171515538,0.018031188171515538
Ruprecht_97,16,0.4341,0.0918,0.0,-0.0,0.19,-10.03,15.52,0.1778279410038923,0.1-0.3,7.377415251690365,-0.027222637193106063,0.027222637193106063
BH_54,5,0.2757,0.092,0.0,-0.118,0.298,23.55,30.53,0.0087096370470987,<0.1,8.681256803561324,0.009763360486792234,0.009763360486792234
Lynga_14,14,0.3726,0.092,0.0,0.026,0.152,-35.98,26.98,,,5.164694934471775,-0.04885522370361943,0.04885522370361943
UBC_660,20,0.4305,0.0922,0.0,-0.018,0.18,-6.98,22.28,1.0,0.5-1,7.614360411365609,0.052546639838448164,0.052546639838448164
Ruprecht_82,16,0.3,0.0923,0.0,-0.07,0.144,1.33,25.69,0.4570880290185208,0.3-0.5,8.142368518830278,0.00034219970924572254,0.00034219970924572254
UBC_303,21,0.4143,0.0923,0.0,0.005,0.205,-22.87,31.56,0.7079464062202759,0.5-1,6.839020225237356,0.1164486176637914,0.1164486176637914
DC_5,17,0.3779,0.0925,0.043,-0.054,0.138,9.19,18.57,,,8.232193357269807,-0.027219630768190155,0.027219630768190155
UBC_93,37,0.416,0.0926,0.0,0.018,0.169,-10.33,31.23,0.8128302305789092,0.5-1,5.139651663445459,0.02150042711809393,0.02150042711809393
ASCC_97,5,0.408,0.0926,0.0,-0.014,0.168,17.46,32.69,0.1122018947073786,0.1-0.3,7.569010869501634,-0.0362260969408667,0.0362260969408667
Berkeley_78,24,0.379,0.0926,0.0609,-0.204,0.171,45.91,24.65,3.890452816839944,2-5,12.90393972312942,0.9243100105682184,0.9243100105682184
UBC_557,11,0.5173,0.0928,0.0,0.149,0.092,-29.92,37.18,0.1445439262895664,0.1-0.3,6.585834892556064,0.054556286502539644,0.054556286502539644
Alessi_8,10,0.5612,0.0928,0.0,0.126,0.149,-35.84,37.14,0.1174896729347291,0.1-0.3,7.568736892920568,0.06956914377329225,0.06956914377329225
UBC_210,11,0.5034,0.0931,0.0,-0.075,0.248,32.32,31.46,1.288248533293805,1-2,10.310334106063166,-0.20177794413061997,0.20177794413061997
FSR_1032,6,0.3729,0.0932,0.0,-0.133,0.283,37.69,32.96,,,10.115479314070054,-0.03289212888701286,0.03289212888701286
Czernik_26,33,0.3458,0.0935,0.0311,-0.138,0.173,45.16,38.24,0.5248077829311784,0.5-1,23.718743639033747,-1.8150265629245488,1.8150265629245488
IC_2602,60,0.3778,0.0937,0.0538,-0.083,0.175,3.65,22.05,0.0363078006932764,<0.1,8.0724264595994,0.007503971398845972,0.007503971398845972
Danks_1,5,0.4308,0.0938,0.0,0.005,0.072,-33.17,11.51,,,6.8135296383148365,0.019625474512868186,0.019625474512868186
UBC_289,6,0.3842,0.0941,0.0,-0.035,0.116,-9.72,15.77,0.1380385355838289,0.1-0.3,7.221830687761236,0.08103802654348742,0.08103802654348742
IC_2391,9,0.4024,0.0942,0.0,-0.047,0.12,22.07,16.72,0.0288403175645028,<0.1,8.122403000045821,0.0029738243709839136,0.0029738243709839136
NGC_6250,8,0.533,0.0942,0.0,0.114,0.132,-33.84,4.76,0.0239883355113592,<0.1,7.175285198187511,-0.01583771420508821,0.01583771420508821
NGC_6178,19,0.5058,0.0942,0.0,0.082,0.112,-31.47,31.2,0.016595861056887,<0.1,7.28375052936378,0.03800521274897435,0.03800521274897435
UPK_4,5,0.4652,0.0942,0.0708,-0.003,0.055,-2.53,23.86,0.2754226042194985,0.1-0.3,7.3419491884886385,-0.11231262520290246,0.11231262520290246
UBC_270,14,0.3886,0.0944,0.0,-0.033,0.127,0.42,21.95,0.1621810239813303,0.1-0.3,7.568224644411591,0.07471629929420816,0.07471629929420816
Muzzio_1,17,0.4038,0.0944,0.0577,-0.038,0.162,20.58,23.05,0.0077624687798841,<0.1,8.412534392734191,-0.025149226319455747,0.025149226319455747
UBC_509,12,0.3635,0.0944,0.0,-0.115,0.151,-6.39,24.59,0.5888442760205689,0.5-1,7.697419602312781,-0.059160532158765974,0.059160532158765974
NGC_6167,19,0.5001,0.0945,0.0,0.094,0.136,-29.43,34.48,0.1548815122441698,0.1-0.3,6.76235376553441,-0.020931960900055262,0.020931960900055262
UBC_482,5,0.5589,0.0945,0.0,-0.02,0.077,40.28,12.86,0.0269153374005781,<0.1,8.606286935485619,-0.05621340968318593,0.05621340968318593
NGC_2318,9,0.362,0.0947,0.0,-0.104,0.241,59.93,28.28,0.4365161773191,0.3-0.5,9.142022971556681,-0.08687123261605588,0.08687123261605588
NGC_6152,17,0.4567,0.0948,0.0,0.101,0.132,-50.88,25.69,0.2238723104986867,0.1-0.3,6.6693001098378355,-0.07608086949571206,0.07608086949571206
NGC_5749,8,0.4823,0.095,0.0,-0.01,0.201,-20.38,21.12,0.0524807206714521,<0.1,7.306088356844129,0.10766332482557751,0.10766332482557751
BH_202,4,0.4984,0.0953,0.0,0.098,0.049,-28.83,27.74,0.3801893295314407,0.3-0.5,6.394677822556192,0.06694966259390696,0.06694966259390696
Trumpler_19,12,0.4234,0.0953,0.0,-0.058,0.185,-15.92,19.98,4.897783461428336,2-5,7.623475877567818,0.15332181907694217,0.15332181907694217
UBC_512,13,0.419,0.0954,0.0,0.007,0.156,-4.57,19.1,0.2951211041237279,0.1-0.3,7.872411751795399,-0.002710535640683503,0.002710535640683503
Ruprecht_61,17,0.4472,0.0958,0.0,-0.177,0.144,51.77,23.7,,,9.827661203966452,0.16180232380224577,0.16180232380224577
ASCC_73,4,0.5046,0.0958,0.0,-0.169,0.384,23.2,59.84,0.3388439477987164,0.3-0.5,7.798608508904242,-0.030274469232468914,0.030274469232468914
Ruprecht_1,27,0.3359,0.0958,0.0557,-0.187,0.238,45.99,37.55,0.2884031756450284,0.1-0.3,9.310504531260044,-0.24311734230202078,0.24311734230202078
NGC_2587,7,0.4244,0.0958,0.0,-0.205,0.257,61.5,33.47,0.3162277660168379,0.3-0.5,9.830442031723774,0.28862553548036113,0.28862553548036113
Ruprecht_83,4,0.4357,0.0959,0.0,-0.001,0.114,8.38,47.27,0.1122018947073786,0.1-0.3,8.725011936319941,-0.030786679338437633,0.030786679338437633
NGC_3255,20,0.4529,0.0959,0.0,-0.03,0.199,14.98,33.31,0.2238723104986867,0.1-0.3,9.889345234552005,-0.36779623811053413,0.36779623811053413
ESO_130_08,18,0.4238,0.096,0.0327,-0.071,0.176,-7.86,23.0,0.1778279410038923,0.1-0.3,7.576807794485341,0.09124192634957902,0.09124192634957902
BH_78,8,0.3894,0.096,0.0,0.047,0.221,16.82,17.48,0.3388439477987164,0.3-0.5,9.646764044379655,-0.2861242817397333,0.2861242817397333
Ruprecht_54,35,0.3976,0.0961,0.0,-0.146,0.179,53.41,27.26,0.2754226042194985,0.1-0.3,11.02430358826379,0.11247671311170444,0.11247671311170444
UBC_239,26,0.3479,0.0962,0.0391,-0.133,0.211,53.56,26.06,0.2754226042194985,0.1-0.3,9.110739992906355,0.12021523232308025,0.12021523232308025
Danks_2,4,0.398,0.0962,0.0,-0.002,0.082,-32.17,13.04,,,7.289184580594015,0.021249353427076196,0.021249353427076196
NGC_3105,11,0.3832,0.0963,0.0162,-0.015,0.129,18.45,19.58,0.021877623926123,<0.1,11.467999143829946,0.06093592039240654,0.06093592039240654
UBC_216,19,0.3034,0.0965,0.0,-0.15,0.234,55.0,30.94,0.0616594947701844,<0.1,9.116017004886505,-0.07795734719817586,0.07795734719817586
DBSB_104,5,0.5322,0.0965,0.0,0.032,0.131,-36.86,45.25,0.0269153374005781,<0.1,7.1248385298568175,-0.09435235768291937,0.09435235768291937
Stock_16,16,0.4569,0.0966,0.0,0.061,0.161,-21.42,37.19,,,6.564958317074844,0.019885399344900707,0.019885399344900707
UBC_646,28,0.3483,0.0967,0.0,-0.159,0.226,50.02,33.17,0.0229086835704537,<0.1,14.264480106701171,0.14148596950434653,0.14148596950434653
NGC_2527,9,0.3481,0.0967,0.0,-0.198,0.188,50.37,22.06,0.6918312139914402,0.5-1,8.406933070157674,0.0427352153283241,0.0427352153283241
Gulliver_1,20,0.3404,0.097,0.0219,-0.071,0.202,9.36,31.34,1.380385355838289,1-2,7.8262869963284984,0.11553481603005251,0.11553481603005251
Haffner_9,12,0.2758,0.0973,0.0457,-0.15,0.209,57.04,24.5,0.3801893295314407,0.3-0.5,10.226553996638254,-0.004878143473372936,0.004878143473372936
Ruprecht_78,20,0.4113,0.0977,0.0,-0.08,0.21,29.61,20.37,,,12.470980572255113,-0.3204906227229242,0.3204906227229242
UBC_541,18,0.5057,0.0977,0.0,0.054,0.133,-13.24,26.04,0.021877623926123,<0.1,5.974827249986199,0.05293159172064073,0.05293159172064073
NGC_2632,15,0.3923,0.0977,0.0,-0.146,0.205,19.27,21.98,0.6760828566222641,0.5-1,8.263572853527371,0.12118739552173362,0.12118739552173362
Teutsch_44,18,0.4472,0.0978,0.0,-0.096,0.19,19.37,28.42,2.5703948796691973,2-5,11.469645329599814,0.40999255420911057,0.40999255420911057
Stock_14,11,0.463,0.0978,0.0,-0.014,0.161,-14.34,17.24,0.0363078006932764,<0.1,7.398805223681132,-0.013086721233367331,0.013086721233367331
UBC_652,7,0.4595,0.0978,0.0,-0.042,0.167,6.7,23.44,0.01,<0.1,7.8306942438124,0.21420766456799564,0.21420766456799564
LP_930,6,0.4082,0.0979,0.0,-0.06,0.251,14.79,17.63,2.290865841769215,2-5,10.331054401231532,-0.01103603595120652,0.01103603595120652
UBC_250,31,0.3887,0.0982,0.0,-0.127,0.195,21.15,24.6,0.3311314705081584,0.3-0.5,8.12589918015383,-0.2554809196940698,0.2554809196940698
Alessi_59,6,0.3932,0.0984,0.0366,-0.21,0.173,42.11,43.45,,,12.109257422841571,0.12236440781164352,0.12236440781164352
Ruprecht_121,20,0.5541,0.0985,0.036,0.142,0.105,-38.42,27.11,0.1778279410038923,0.1-0.3,6.155523254513797,0.019193637749651177,0.019193637749651177
UBC_344,16,0.5086,0.0985,0.0,0.081,0.164,6.49,34.21,0.0034673681999632,<0.1,6.123653581179728,0.08307602063375936,0.08307602063375936
UBC_562,12,0.4306,0.0987,0.0,-0.005,0.166,-12.36,28.65,0.0117489801933541,<0.1,5.688312417073039,-0.08190325182183038,0.08190325182183038
NGC_2670,9,0.4191,0.0988,0.0,-0.12,0.122,28.34,18.74,0.102329353157667,0.1-0.3,8.333481365255599,-0.07661585416367643,0.07661585416367643
NGC_2548,19,0.4041,0.0988,0.0367,-0.109,0.197,37.54,30.74,0.3890452816839944,0.3-0.5,8.641276541732275,0.22797279752386704,0.22797279752386704
LP_2094,7,0.4795,0.099,0.0,-0.021,0.182,-0.54,16.43,0.1479108648008083,0.1-0.3,7.536568456096235,0.01300324341465316,0.01300324341465316
ESO_211_03,18,0.3852,0.099,0.0369,-0.054,0.162,19.78,22.39,1.288248533293805,1-2,10.330555917515717,-0.392475264514819,0.392475264514819
UBC_554,8,0.482,0.0994,0.0741,-0.031,0.203,-30.77,31.78,0.0602559877171915,<0.1,6.310789824271884,0.008534168312124352,0.008534168312124352
UBC_285,19,0.3459,0.0994,0.0,-0.082,0.208,-10.38,26.58,0.0616594947701844,<0.1,7.414999289490653,-0.06634123748769431,0.06634123748769431
UPK_12,29,0.3832,0.0998,0.0483,-0.179,0.192,7.33,41.37,0.1995263191254866,0.1-0.3,7.51955542421323,-0.1476888004644788,0.1476888004644788
Patchick_90,58,0.3516,0.0999,0.0,-0.123,0.195,39.53,34.31,1.096478099832217,1-2,15.408605998926115,-0.20259294849345869,0.20259294849345869
NGC_6087,25,0.4194,0.1,0.0,-0.081,0.238,-47.58,42.49,0.1,<0.1,7.319229416840576,-0.07340200098461579,0.07340200098461579
UBC_281,18,0.4118,0.1002,0.0,-0.016,0.176,-10.78,30.32,0.0346736819996329,<0.1,7.315239137497476,-0.0990613016040262,0.0990613016040262
UBC_276,13,0.4356,0.1003,0.0,0.012,0.196,-2.92,16.61,0.9120109194638908,0.5-1,7.780875307179349,0.0728656402977,0.0728656402977
Trumpler_16,6,0.4105,0.1003,0.0,-0.016,0.148,6.98,18.91,0.0134896323805684,<0.1,7.742767977315113,-0.010178702130548539,0.010178702130548539
ESO_313_03,4,0.463,0.1004,0.0418,0.003,0.025,37.69,32.81,,,10.962126234404176,-0.11691547620345248,0.11691547620345248
UBC_644,24,0.3839,0.1005,0.0,-0.145,0.141,53.5,28.54,0.2238723104986867,0.1-0.3,10.83091743616874,-0.01121190938721221,0.01121190938721221
NGC_4052,6,0.4262,0.1006,0.0,0.012,0.171,1.13,16.47,0.3311314705081584,0.3-0.5,7.2408137494713705,-0.03121872856901368,0.03121872856901368
NGC_2567,35,0.3714,0.1007,0.0037,-0.211,0.214,66.08,34.96,0.3162277660168379,0.3-0.5,8.927214028807605,0.11816163391238756,0.11816163391238756
Teutsch_106,15,0.4307,0.1008,0.0,-0.041,0.111,1.75,27.39,3.0199485372543653,2-5,10.613670837925767,0.0618915925097437,0.0618915925097437
NGC_3324,27,0.3832,0.101,0.0691,-0.034,0.161,5.66,25.98,0.0107151982289039,<0.1,7.817471904264796,0.010783983271371495,0.010783983271371495
NGC_6231,11,0.4832,0.1012,0.0,0.026,0.207,-16.63,29.94,0.0138038384023379,<0.1,6.512483882283588,0.051904227889198754,0.051904227889198754
UPK_552,20,0.3697,0.1012,0.0,-0.104,0.182,26.31,30.65,0.1174896729347291,0.1-0.3,8.071531289204806,0.07423256284643279,0.07423256284643279
Platais_9,22,0.325,0.1013,0.0668,-0.12,0.199,27.91,20.8,0.0501187013514281,<0.1,8.132397129973032,0.032657739985614276,0.032657739985614276
NGC_4337,20,0.3971,0.1015,0.0,-0.006,0.188,-10.81,28.58,1.4454392628956645,1-2,7.179651761570392,0.2397308854299308,0.2397308854299308
NGC_2262,10,0.3015,0.1015,0.0684,-0.179,0.163,44.79,27.89,0.645654852868111,0.5-1,12.195854935629297,-0.13405882583896095,0.13405882583896095
FSR_1253,25,0.389,0.1017,0.0648,-0.165,0.16,46.87,30.71,0.2951211041237279,0.1-0.3,11.386941560063123,-0.04464140694121403,0.04464140694121403
Ruprecht_45,13,0.3628,0.1017,0.0,-0.223,0.144,55.48,36.8,3.1622776601683795,2-5,11.850665657656958,0.6654691494023844,0.6654691494023844
Gulliver_9,9,0.3268,0.1018,0.032,-0.179,0.25,29.12,15.56,0.0177827941003892,<0.1,8.18075606367425,-0.026754513731657072,0.026754513731657072
Ruprecht_60,13,0.3588,0.1023,0.0,-0.085,0.172,32.38,26.03,0.9772367059324804,0.5-1,10.176966890733027,-0.49383041834579106,0.49383041834579106
NGC_6444,4,0.3818,0.1023,0.0419,0.025,0.281,3.93,24.7,0.1778279410038923,0.1-0.3,6.226026132051381,-0.10938960208336161,0.10938960208336161
BH_90,5,0.3852,0.1024,0.0726,-0.049,0.255,12.71,25.36,0.1258926517592568,0.1-0.3,7.95647621438197,-0.04940432770437901,0.04940432770437901
Ruprecht_145,16,0.3236,0.1027,0.0693,-0.07,0.174,-25.97,33.84,0.8128302305789092,0.5-1,7.548939639174543,-0.06525820145881614,0.06525820145881614
UBC_620,9,0.473,0.1027,0.0,-0.082,0.157,41.2,26.98,0.0501187013514281,<0.1,9.481762533616969,-0.061700197396001424,0.061700197396001424
UBC_280,17,0.4545,0.1028,0.0673,0.041,0.193,2.01,19.45,0.0512861429039393,<0.1,7.369249078046745,-0.006852141773621739,0.006852141773621739
NGC_6705,18,0.5446,0.1028,0.0,0.046,0.16,2.16,34.14,0.3090293803866819,0.3-0.5,6.138198554823408,-0.09780216736072088,0.09780216736072088
LP_866,14,0.4851,0.1028,0.0,0.065,0.137,-14.9,36.49,1.9054595463785964,1-2,5.633650974966524,-0.09302052200502002,0.09302052200502002
FSR_0985,9,0.2408,0.1029,0.0458,-0.177,0.176,35.62,44.91,0.2570394879669198,0.1-0.3,10.150795392087678,-0.18239898297228582,0.18239898297228582
NGC_2849,10,0.3308,0.1029,0.062,-0.151,0.269,41.39,28.11,1.047129651766654,1-2,11.148224706308145,0.8026153455642572,0.8026153455642572
UBC_531,4,0.4691,0.103,0.0502,0.025,0.192,-30.4,39.72,0.0812830230578909,<0.1,6.588013817374203,-0.057028922477346075,0.057028922477346075
UBC_526,15,0.4496,0.1031,0.0,0.093,0.167,-22.33,29.86,0.018197018176288,<0.1,7.050099955009358,0.02453077713725123,0.02453077713725123
UBC_506,17,0.4999,0.1032,0.0,-0.041,0.207,9.34,16.84,0.2691536695250797,0.1-0.3,7.777590129795476,-0.16654941527145253,0.16654941527145253
Teutsch_31,12,0.4836,0.1032,0.0,-0.017,0.125,17.05,25.87,1.6595879278457617,1-2,8.84397711041925,0.01693439941885318,0.01693439941885318
UBC_515,14,0.4365,0.1033,0.0,-0.044,0.207,-9.1,15.81,0.008128302305789,<0.1,7.267020939849194,-0.03816229718021462,0.03816229718021462
UBC_517,26,0.4579,0.1035,0.0,-0.005,0.165,-15.3,21.58,0.0223872064696397,<0.1,7.265620146594139,-0.03963327941659915,0.03963327941659915
Collinder_271,31,0.4206,0.1039,0.0,0.024,0.159,-18.82,29.26,0.0616594947701844,<0.1,6.800414099592398,-0.06453800786357992,0.06453800786357992
UBC_261,26,0.4498,0.104,0.0727,0.019,0.113,-0.02,17.64,0.0186208705488312,<0.1,8.036594004398896,-0.12129437951892467,0.12129437951892467
UBC_315,13,0.4523,0.104,0.0,0.134,0.119,-37.56,22.3,0.3715349680219835,0.3-0.5,6.082205270208402,0.052637308967985755,0.052637308967985755
UBC_272,8,0.4236,0.1042,0.0286,-0.078,0.191,0.04,30.81,0.0933253849940474,<0.1,7.562364493181853,-0.051599376210117495,0.051599376210117495
UBC_474,18,0.4681,0.1042,0.0,-0.024,0.178,53.11,25.91,0.7413100459583173,0.5-1,11.616322995506335,0.20599742852049094,0.20599742852049094
NGC_1817,51,0.3619,0.1043,0.0417,-0.156,0.174,32.42,38.12,1.1220189470737862,1-2,9.882676441875407,-0.383944817667296,0.383944817667296
UBC_442,16,0.2898,0.1045,0.0084,-0.112,0.244,41.11,29.48,1.4454392628956645,1-2,12.647997022372545,-0.3398348614043428,0.3398348614043428
UBC_82,9,0.4652,0.1045,0.0,-0.21,0.214,48.66,19.13,0.2754226042194985,0.1-0.3,10.341256350376709,-0.06951035696971429,0.06951035696971429
Ruprecht_111,11,0.4951,0.1046,0.0464,0.07,0.152,-27.3,24.7,0.9120109194638908,0.5-1,7.125529094601019,0.025484600713012246,0.025484600713012246
NGC_2215,5,0.4151,0.1048,0.0,-0.293,0.097,79.41,39.13,0.6918312139914402,0.5-1,8.920655293021806,-0.14903475063349722,0.14903475063349722
UBC_206,6,0.2414,0.1049,0.0589,-0.222,0.21,22.66,14.29,0.1862089099377868,0.1-0.3,9.865015015580601,-0.23709857390068148,0.23709857390068148
UBC_662,22,0.3782,0.1053,0.0,-0.003,0.172,-1.13,26.49,0.0436515698042876,<0.1,7.422078764540736,0.0698412935811344,0.0698412935811344
NGC_2225,13,0.3333,0.1054,0.0298,-0.149,0.17,35.71,31.19,1.380385355838289,1-2,10.97990764777612,-0.5629579718095202,0.5629579718095202
UBC_294,21,0.491,0.1056,0.0,-0.023,0.208,-23.54,33.33,0.794327537013272,0.5-1,7.215993209360385,0.1387368320857044,0.1387368320857044
NGC_2251,5,0.259,0.1058,0.067,-0.23,0.179,41.35,9.18,0.2754226042194985,0.1-0.3,9.533921754806967,0.027308077187456,0.027308077187456
Lynga_6,5,0.4138,0.1059,0.0,0.124,0.104,-2.96,34.27,0.0030902938038668,<0.1,5.993645765649388,0.028785788969640864,0.028785788969640864
UBC_653,17,0.3847,0.1059,0.0748,-0.087,0.193,8.78,19.11,0.0309029380386681,<0.1,7.782106861233355,0.004829870652591179,0.004829870652591179
Gulliver_40,15,0.4524,0.106,0.0,-0.013,0.187,4.9,26.41,0.0416869273621118,<0.1,7.771408111013089,0.047544890230820494,0.047544890230820494
UBC_523,15,0.5032,0.1062,0.0,-0.046,0.208,-12.78,23.92,0.1659587927845761,0.1-0.3,6.9505579523441074,-0.17083209609896835,0.17083209609896835
UBC_32,15,0.3534,0.1062,0.0,-0.001,0.156,10.83,47.56,0.1380385355838289,0.1-0.3,7.857251782374864,0.00394290738101721,0.00394290738101721
LP_198,22,0.3816,0.1063,0.052,-0.188,0.178,50.61,22.8,0.2570394879669198,0.1-0.3,10.604074349962392,-0.05364350495413055,0.05364350495413055
UBC_505,15,0.4717,0.1064,0.0519,-0.041,0.143,4.26,15.38,0.602559215586761,0.5-1,7.795048166665922,-0.045691625672884026,0.045691625672884026
UBC_640,21,0.3821,0.1065,0.0,-0.153,0.156,53.89,19.89,0.0870963704709874,<0.1,11.466930330455657,0.1690172134293116,0.1690172134293116
UBC_262,24,0.4549,0.1065,0.0834,-0.031,0.187,5.75,22.43,0.1819701817628807,0.1-0.3,7.844445862317872,-0.07991746476196886,0.07991746476196886
FSR_1663,17,0.4657,0.1066,0.0,0.013,0.183,-20.45,25.71,1.288248533293805,1-2,6.463623445383242,0.14911765599776325,0.14911765599776325
NGC_6025,19,0.4558,0.1066,0.0,-0.02,0.302,-18.78,59.42,0.1047129651766653,0.1-0.3,7.49752154305216,-0.06141384152730818,0.06141384152730818
NGC_6755,17,0.5201,0.1067,0.0,0.061,0.147,0.54,34.21,0.1445439262895664,0.1-0.3,6.266270010727324,-0.06324986747217792,0.06324986747217792
UPK_542,9,0.399,0.1068,0.0,-0.15,0.206,19.45,23.39,0.6309576215861531,0.5-1,8.122697917275675,-0.06257913574958006,0.06257913574958006
BH_111,29,0.4242,0.1069,0.0,0.003,0.181,2.14,22.21,0.1949844428490234,0.1-0.3,7.533879185160856,-0.14468183690706118,0.14468183690706118
UBC_473,23,0.3864,0.1069,0.0,-0.179,0.112,57.87,28.62,0.7413100459583173,0.5-1,11.463731579478306,-0.02223179722606498,0.02223179722606498
UPK_614,19,0.4615,0.107,0.0,0.047,0.169,-25.27,39.86,0.1,<0.1,7.4014279883646035,0.057032611714229145,0.057032611714229145
NGC_3603,6,0.5802,0.107,0.0418,-0.022,0.131,-6.93,24.59,,,12.66188198981615,-0.11071277357893232,0.11071277357893232
UBC_350,9,0.3155,0.1072,0.0,-0.106,0.268,9.21,34.57,0.2344228197592381,0.1-0.3,6.5621012321877386,-0.15119880323454504,0.15119880323454504
UBC_263,17,0.4134,0.1075,0.0276,-0.038,0.139,6.89,27.43,0.0251188698309886,<0.1,7.708991002458894,-0.00812808897216925,0.00812808897216925
UBC_572,25,0.4475,0.1076,0.0593,-0.026,0.215,-14.0,28.21,1.9054595463785964,1-2,6.633583465513428,-0.19220388533406937,0.19220388533406937
Alessi_Teutsch_8,9,0.3934,0.1079,0.0403,0.09,0.117,-7.62,15.12,0.1174896729347291,0.1-0.3,7.707249992723553,0.04443052040311764,0.04443052040311764
UBC_645,27,0.3114,0.1081,0.0,-0.177,0.229,54.82,29.13,0.9332548746146908,0.5-1,11.505975403679388,0.09292079594762266,0.09292079594762266
UBC_657,16,0.4609,0.1082,0.0,-0.031,0.151,3.93,15.93,,,8.366731806237857,-0.16783934706543172,0.16783934706543172
Collinder_338,20,0.4988,0.1083,0.0,0.084,0.114,-22.12,31.3,0.1445439262895664,0.1-0.3,7.473060675210087,-0.017974872273967917,0.017974872273967917
ASCC_77,16,0.4346,0.1084,0.0514,0.023,0.173,-20.02,23.51,0.0812830230578909,<0.1,7.380401317902672,0.0008560350170819971,0.0008560350170819971
NGC_3590,20,0.4314,0.1085,0.0583,-0.089,0.203,-0.47,19.94,0.0263026845396328,<0.1,7.5736076740498115,0.00967776527027538,0.00967776527027538
Collinder_359,5,0.4439,0.1085,0.0751,-0.049,0.302,3.15,35.51,0.0371535375952047,<0.1,7.654117297986396,0.13976667277221577,0.13976667277221577
UPK_562,4,0.3569,0.1086,0.0944,-0.194,0.22,26.89,17.18,0.097723670593248,<0.1,7.895883390864961,0.061676173533362424,0.061676173533362424
UBC_232,39,0.3592,0.1087,0.0577,-0.201,0.186,65.12,28.64,0.3801893295314407,0.3-0.5,10.166690058195114,0.20452364538852694,0.20452364538852694
Hogg_10,28,0.3965,0.1092,0.0642,-0.063,0.199,-1.66,21.47,,,7.597875365563435,0.022455862563971547,0.022455862563971547
Collinder_269,15,0.3418,0.1092,0.0,-0.083,0.248,-17.79,27.26,0.4168692736211187,0.3-0.5,7.2246719149504655,-0.09055095394215944,0.09055095394215944
ESO_130_13,6,0.1908,0.1092,0.0,-0.214,0.345,-7.01,40.37,0.0338844319835388,<0.1,7.214734577236586,0.15453952633553233,0.15453952633553233
NGC_3960,25,0.4356,0.1093,0.0,-0.083,0.236,-0.21,25.0,0.8709627484287175,0.5-1,7.448057942210283,0.2872139466388804,0.2872139466388804
UBC_546,31,0.403,0.1093,0.0585,0.063,0.165,-20.37,29.87,0.3388439477987164,0.3-0.5,6.294630107444423,-0.09207104114458202,0.09207104114458202
NGC_2671,17,0.2763,0.1093,0.0499,-0.084,0.204,33.48,22.2,0.3311314705081584,0.3-0.5,8.444540206761097,0.04127761878033477,0.04127761878033477
Ruprecht_144,7,0.481,0.1096,0.0,0.081,0.092,2.68,31.58,0.0301995185303324,<0.1,6.469326649544175,-0.02505291037901945,0.02505291037901945
UPK_567,18,0.3892,0.1096,0.0,-0.08,0.273,7.42,24.72,0.3388439477987164,0.3-0.5,7.912034171070142,-0.06580202604826436,0.06580202604826436
NGC_2506,31,0.3251,0.11,0.0409,-0.205,0.203,51.33,45.64,1.6595879278457617,1-2,10.588532430327446,0.6173230965017814,0.6173230965017814
UBC_282,19,0.3837,0.11,0.0218,0.003,0.152,-15.69,21.07,0.1258926517592568,0.1-0.3,7.261038984487333,0.11931791924748943,0.11931791924748943
Loden_46,25,0.4196,0.1102,0.0522,-0.086,0.214,12.72,19.98,0.8317639172213713,0.5-1,7.952036563181907,0.06496288435323257,0.06496288435323257
UBC_475,30,0.319,0.1103,0.0,-0.167,0.22,52.41,28.69,0.0398107083132505,<0.1,8.964690041613098,0.04444666973415885,0.04444666973415885
UBC_649,26,0.3822,0.1106,0.0,-0.213,0.184,36.84,36.11,,,8.57100826596968,0.6128750278913772,0.6128750278913772
Trumpler_26,37,0.4969,0.1106,0.0646,0.054,0.159,-14.31,30.59,0.2511884225153641,0.1-0.3,6.520486338490659,0.09666039281253187,0.09666039281253187
BH_99,19,0.3952,0.1107,0.0739,-0.06,0.148,8.86,17.86,0.0954992627963111,<0.1,8.005300738246714,0.01583042180130333,0.01583042180130333
UBC_494,9,0.3983,0.1108,0.0499,0.028,0.167,23.4,20.1,0.6918312139914402,0.5-1,8.622463232992525,-0.28235011549082406,0.28235011549082406
Juchert_10,16,0.4778,0.1109,0.055,0.103,0.13,-17.04,24.03,,,6.643069083478514,-0.043615214147054646,0.043615214147054646
BH_118,19,0.4248,0.1109,0.0,-0.037,0.255,2.25,23.98,1.9054595463785964,1-2,14.501967317865098,0.6412707385904467,0.6412707385904467
FSR_1402,34,0.3118,0.1109,0.0724,-0.163,0.216,51.93,41.01,3.0199485372543653,2-5,10.221510096962346,0.5827310510752316,0.5827310510752316
UBC_483,18,0.4569,0.111,0.0944,-0.027,0.155,27.4,20.34,,,8.42932008107,-0.030133051012984285,0.030133051012984285
NGC_3572,27,0.3924,0.1111,0.0702,-0.067,0.206,-1.06,21.38,0.0047862990313698,<0.1,7.5986151818011125,0.026195860255865917,0.026195860255865917
UPK_585,77,0.403,0.1112,0.0,-0.141,0.237,2.82,34.62,0.0776246877988414,<0.1,7.712903702593492,-0.151741829729237,0.151741829729237
Berkeley_24,6,0.349,0.1112,0.0712,-0.245,0.168,18.04,36.75,1.4125363038976315,1-2,13.96187651917975,-0.3489738388643904,0.3489738388643904
Ruprecht_164,15,0.4442,0.1115,0.0,0.018,0.208,5.62,28.73,1.698241862446276,1-2,7.716927916191834,0.06780424750999099,0.06780424750999099
Teutsch_66,18,0.4134,0.1116,0.0,-0.044,0.128,15.09,20.45,0.2951211041237279,0.1-0.3,9.249508640466921,-0.02390200732884599,0.02390200732884599
UBC_299,16,0.4816,0.1116,0.0,0.115,0.127,-24.87,29.31,0.2951211041237279,0.1-0.3,6.295916081179939,-0.08605347787744748,0.08605347787744748
Gulliver_32,9,0.4268,0.1118,0.0,-0.121,0.108,30.75,42.16,1.288248533293805,1-2,9.728294512671926,0.00832998473043044,0.00832998473043044
UBC_668,10,0.4727,0.1118,0.0,0.093,0.083,-17.25,25.55,0.512861429039393,0.5-1,5.265640931517015,-0.057800295485099504,0.057800295485099504
NGC_5823,3,0.6103,0.112,0.0,-0.065,0.188,-36.09,44.19,0.0794328409152129,<0.1,6.737432771114849,0.09932422358389621,0.09932422358389621
Haffner_21,7,0.3795,0.1124,0.0,-0.075,0.164,29.43,20.79,0.2691536695250797,0.1-0.3,10.11477568577965,0.124415491549229,0.124415491549229
UBC_561,16,0.4281,0.1124,0.0517,0.042,0.171,-23.41,24.64,0.2691536695250797,0.1-0.3,6.484605500774199,-0.011810927892263495,0.011810927892263495
Ruprecht_96,26,0.3829,0.1124,0.0812,-0.025,0.227,-5.69,21.69,0.0467735223455781,<0.1,7.307944829796713,0.010141012125606991,0.010141012125606991
Gulliver_14,5,0.3993,0.1129,0.0,0.097,0.096,-24.91,40.05,0.602559215586761,0.5-1,6.801898922550502,0.02368188517245808,0.02368188517245808
Ruprecht_44,24,0.3921,0.1129,0.0,-0.103,0.177,58.81,23.14,0.0144543926289566,<0.1,12.37665198143004,0.08422409220517542,0.08422409220517542
Ruprecht_108,24,0.4916,0.113,0.0,0.01,0.179,-25.53,27.3,0.0831763917221371,<0.1,7.532852129042983,0.08960700098140996,0.08960700098140996
NGC_4463,5,0.4496,0.113,0.0,0.0,0.111,-19.06,19.68,0.0288403175645028,<0.1,7.335028234157134,-0.049238876705130205,0.049238876705130205
UPK_46,24,0.3276,0.1135,0.0779,-0.106,0.227,-7.58,32.65,0.1548815122441698,0.1-0.3,7.601152742492409,-0.11220392531004174,0.11220392531004174
UBC_548,21,0.543,0.1138,0.0681,0.13,0.106,-36.37,27.68,0.4168692736211187,0.3-0.5,5.900454951711478,0.022216375523548566,0.022216375523548566
Basel_17,12,0.2128,0.1139,0.0,-0.05,0.185,-3.96,30.37,0.1047129651766653,0.1-0.3,7.637200118988887,0.07152813350001304,0.07152813350001304
Collinder_140,28,0.3963,0.1141,0.0472,-0.2,0.167,55.8,25.06,0.0269153374005781,<0.1,8.291077934486697,-0.03122696802865711,0.03122696802865711
FSR_1452,20,0.4411,0.1141,0.0816,-0.069,0.14,27.45,17.79,0.2344228197592381,0.1-0.3,8.685252321204885,-0.07647596959349949,0.07647596959349949
UBC_212,59,0.3767,0.1142,0.0464,-0.106,0.188,37.35,33.78,1.0715186464071411,1-2,10.750715675568495,-0.08202234935519134,0.08202234935519134
NGC_6469,18,0.3857,0.1143,0.0815,-0.006,0.105,-7.01,39.97,0.069183121399144,<0.1,6.433343211148692,0.07488789956049359,0.07488789956049359
SAI_109,8,0.2679,0.1143,0.0256,-0.044,0.169,9.88,22.11,1.047129651766654,1-2,12.671038296138237,0.34041402391096304,0.34041402391096304
NGC_3033,12,0.3731,0.1144,0.0,0.051,0.265,26.58,21.94,0.6760828566222641,0.5-1,8.025939725827032,-0.04788189984428552,0.04788189984428552
Gulliver_36,8,0.4206,0.1144,0.0,-0.111,0.202,43.01,21.38,0.7413100459583173,0.5-1,8.630275998872388,0.008907960032780066,0.008907960032780066
UBC_502,12,0.4253,0.1151,0.0836,-0.051,0.127,7.46,19.2,0.3981075202376551,0.3-0.5,7.7920510859666825,-0.00988343803593376,0.00988343803593376
UBC_669,9,0.4777,0.1152,0.0234,0.098,0.108,-26.9,22.41,0.2951211041237279,0.1-0.3,5.708457117494043,-0.030084396740415558,0.030084396740415558
Gulliver_41,18,0.4428,0.1152,0.0653,0.009,0.138,-12.61,43.66,,,3.2636605047201646,-0.11174288718848095,0.11174288718848095
NGC_5316,23,0.3867,0.1155,0.0394,0.007,0.172,-12.03,20.83,0.1659587927845761,0.1-0.3,7.242135653835198,0.020859292607375363,0.020859292607375363
Lynga_9,21,0.444,0.1155,0.0538,0.15,0.097,-34.93,27.67,0.6309576215861531,0.5-1,5.733472006621617,0.06658970589054809,0.06658970589054809
Ruprecht_79,12,0.3755,0.1158,0.0,-0.05,0.176,19.77,29.13,0.0616594947701844,<0.1,8.79506525915034,-0.04459362001392202,0.04459362001392202
UBC_508,25,0.4165,0.116,0.0448,-0.068,0.256,-2.37,23.14,1.2022642234116694,1-2,8.92844056512576,-0.07575785471065093,0.07575785471065093
Trumpler_18,21,0.4405,0.1161,0.0725,-0.065,0.205,-0.84,20.74,0.0478629903136986,<0.1,7.695527235915367,0.015631121116589448,0.015631121116589448
Trumpler_7,13,0.4216,0.1162,0.0,-0.169,0.151,41.65,35.57,0.0660693709156595,<0.1,9.199820901708588,-0.08147075745134173,0.08147075745134173
LP_1994,18,0.4418,0.1162,0.0787,-0.086,0.337,-9.0,33.95,0.7244353873869618,0.5-1,7.267697785553376,0.18379093547617495,0.18379093547617495
ASCC_29,28,0.3783,0.1163,0.0666,-0.152,0.215,34.65,28.0,0.0933253849940474,<0.1,9.012683033110784,0.020652697723517653,0.020652697723517653
Graham_1,12,0.4351,0.1163,0.0779,-0.086,0.186,6.5,13.32,0.0154881682297679,<0.1,7.817897120555828,-0.2229414678077372,0.2229414678077372
UPK_40,36,0.4276,0.1164,0.0,0.001,0.219,8.93,38.34,0.5370312303176601,0.5-1,7.579450027867828,-0.11503464911966031,0.11503464911966031
UBC_500,16,0.4049,0.1166,0.0825,-0.114,0.232,4.99,26.12,0.2511884225153641,0.1-0.3,7.796808828759332,0.16621297795986142,0.16621297795986142
UPK_607,8,0.4132,0.1166,0.0,-0.105,0.251,-7.67,37.15,0.0154881682297679,<0.1,7.420289572540852,0.04322937487407309,0.04322937487407309
Trumpler_21,9,0.357,0.1167,0.0,0.055,0.188,-15.04,22.85,0.0489778883899246,<0.1,7.359608138472784,0.011761257897105543,0.011761257897105543
Gulliver_34,13,0.214,0.117,0.0,-0.076,0.2,-3.65,29.1,,,7.793400141458065,0.11347883268044086,0.11347883268044086
UPK_604,7,0.4792,0.117,0.0332,0.128,0.183,-24.51,17.25,0.0426579631209555,<0.1,7.567926676932295,0.010312348233578867,0.010312348233578867
UPK_31,15,0.457,0.1172,0.0566,-0.037,0.214,36.24,30.76,0.5011870135142811,0.5-1,7.639262547620637,-0.0431793789457164,0.0431793789457164
Dias_6,16,0.4287,0.1172,0.0664,-0.01,0.134,-12.29,44.8,1.096478099832217,1-2,5.372585342246478,-0.04064661368735005,0.04064661368735005
NGC_2186,9,0.3661,0.1175,0.0,-0.068,0.168,23.26,23.67,0.2511884225153641,0.1-0.3,10.373994346104624,-0.23481406254508827,0.23481406254508827
Saurer_2,5,0.2293,0.1175,0.0,-0.107,0.095,53.82,24.32,1.621810239813303,1-2,13.457258112810718,-0.13529863793178123,0.13529863793178123
UBC_492,22,0.3883,0.1176,0.0748,-0.062,0.173,25.19,23.0,0.0588843629494562,<0.1,8.217902375932722,0.1440048054508196,0.1440048054508196
Ruprecht_107,12,0.5041,0.1177,0.0642,-0.009,0.176,-19.54,26.45,0.2041739917404129,0.1-0.3,6.600294861930124,-0.15022678807263215,0.15022678807263215
Gulliver_13,11,0.3695,0.1178,0.0,-0.062,0.184,55.55,29.83,1.0,0.5-1,9.317921552441318,-0.09621403661808071,0.09621403661808071
Ruprecht_143,23,0.4873,0.1179,0.079,0.096,0.128,-1.72,33.68,0.3981075202376551,0.3-0.5,5.320227566566297,-0.0636842901597957,0.0636842901597957
Pismis_17,12,0.4826,0.1179,0.0,-0.06,0.111,3.02,35.37,,,7.6542615304008415,0.023661618835551252,0.023661618835551252
NGC_4852,28,0.4428,0.1181,0.0349,-0.01,0.133,-16.91,25.46,0.0776246877988414,<0.1,7.460173435541383,0.09419108921254189,0.09419108921254189
Trumpler_13,28,0.4363,0.1183,0.0352,-0.088,0.199,13.85,31.32,0.1819701817628807,0.1-0.3,8.42273764487987,-0.20063634857180604,0.20063634857180604
ESO_559_13,8,0.3263,0.1186,0.0666,-0.244,0.131,51.36,21.74,0.6165949477018448,0.5-1,9.754662695519688,-0.043820600611211055,0.043820600611211055
UBC_661,4,0.315,0.1186,0.0765,-0.026,0.05,-7.43,19.66,,,7.590245536279996,-0.0025756912948993564,0.0025756912948993564
BH_19,6,0.4844,0.1187,0.0686,-0.189,0.181,46.03,24.59,0.3090293803866819,0.3-0.5,11.093876008629403,0.023353809048820857,0.023353809048820857
ASCC_58,14,0.3803,0.1192,0.0,-0.039,0.18,-2.42,19.13,0.0524807206714521,<0.1,8.037834950503651,0.03124810817892536,0.03124810817892536
NGC_2204,54,0.3228,0.1193,0.0757,-0.269,0.196,57.2,33.72,2.089294662720361,2-5,11.790978567468999,-1.298969340733423,1.298969340733423
UBC_452,4,0.551,0.1195,0.063,-0.028,0.263,70.04,20.27,1.0,0.5-1,10.87152241680472,-0.08367017527902602,0.08367017527902602
Trumpler_11,8,0.3845,0.1197,0.0,-0.099,0.189,20.01,21.62,0.0275422906622152,<0.1,8.113063911097864,-0.32405102167501804,0.32405102167501804
Gulliver_35,21,0.4586,0.1197,0.0788,0.005,0.124,15.32,13.66,0.1548815122441698,0.1-0.3,7.980005279764957,-0.0833130442915571,0.0833130442915571
UBC_95,16,0.3811,0.1197,0.088,-0.028,0.113,-9.88,29.97,0.3981075202376551,0.3-0.5,6.10882462287454,0.08835986531476571,0.08835986531476571
Collinder_74,31,0.4067,0.1202,0.0,-0.148,0.17,30.9,24.45,1.9054595463785964,1-2,10.610617036492103,-0.4482752052823798,0.4482752052823798
NGC_6281,23,0.4617,0.1204,0.0828,0.079,0.122,-25.81,24.86,0.512861429039393,0.5-1,7.601309546401969,0.038002568298619685,0.038002568298619685
Pismis_19,10,0.3962,0.1204,0.089,-0.008,0.197,-21.83,18.78,0.8317639172213713,0.5-1,6.044075950249077,-0.0072566948491465215,0.0072566948491465215
Mayer_3,6,0.3885,0.1205,0.0899,-0.247,0.147,50.15,14.24,,,11.610119089190395,0.01150188947835758,0.01150188947835758
Melotte_105,20,0.4083,0.1205,0.0,0.0,0.188,1.92,23.07,0.3019948537254365,0.3-0.5,7.515184842727737,-0.08518771356156145,0.08518771356156145
UBC_313,41,0.4457,0.1206,0.0557,0.052,0.16,-31.15,28.73,0.0602559877171915,<0.1,5.3884085928220635,-0.08968637478319656,0.08968637478319656
UBC_659,19,0.4349,0.1208,0.0817,-0.058,0.189,-6.33,23.79,0.0275422906622152,<0.1,7.597634168001443,0.005880864766971545,0.005880864766971545
UBC_524,9,0.3814,0.1212,0.0,-0.082,0.269,-15.31,26.31,0.8317639172213713,0.5-1,6.857156960915555,0.13818088591299924,0.13818088591299924
Berkeley_75,27,0.4127,0.1216,0.0363,-0.206,0.25,69.35,25.51,1.698241862446276,1-2,17.205998031110838,-2.167994279957093,2.167994279957093
UBC_314,21,0.5138,0.1219,0.0,0.09,0.122,-18.92,28.08,3.090293803866819,2-5,6.679622248851089,0.03835315854678607,0.03835315854678607
UBC_355,12,0.4305,0.1219,0.0897,-0.049,0.144,-7.28,21.41,0.0245470816103821,<0.1,6.27837415645419,-0.01928077206064002,0.01928077206064002
UBC_545,6,0.3699,0.1222,0.0704,0.081,0.105,-17.21,48.68,0.0354813545061708,<0.1,5.514096686668658,-0.026654881296499327,0.026654881296499327
Teutsch_143a,17,0.4458,0.1223,0.0798,-0.036,0.166,-4.79,24.23,1.096478099832217,1-2,7.785595016168796,-0.010326818373091722,0.010326818373091722
Melotte_22,17,0.424,0.1223,0.0,-0.171,0.161,-8.09,34.49,0.0776246877988414,<0.1,8.243428225984937,-0.03342002745069658,0.03342002745069658
UBC_520,20,0.3936,0.1225,0.054,-0.078,0.267,-5.84,40.43,0.794327537013272,0.5-1,7.313766295452946,-0.12153265626064773,0.12153265626064773
Collinder_272,8,0.3268,0.1226,0.0,-0.124,0.245,-15.38,51.44,0.045708802901852,<0.1,6.918870308397424,0.06764868595593317,0.06764868595593317
SAI_116,24,0.4006,0.1226,0.0796,-0.022,0.234,-6.37,22.98,0.1258926517592568,0.1-0.3,7.433639761788754,-0.00345002587785263,0.00345002587785263
BH_121,12,0.3249,0.123,0.0,-0.115,0.259,5.76,25.22,0.0026302684539632,<0.1,7.415154400104445,-0.056751629488403774,0.056751629488403774
UBC_672,14,0.4555,0.1231,0.0,0.069,0.186,-29.06,29.05,0.0104712850206276,<0.1,6.44510082229664,0.06628227756538503,0.06628227756538503
BH_85,13,0.3816,0.1238,0.06,-0.081,0.17,17.92,19.83,2.290865841769215,2-5,11.661509274021148,0.7657234411457378,0.7657234411457378
Trumpler_10,18,0.3426,0.1238,0.0836,-0.095,0.199,28.28,30.87,0.0323593827469971,<0.1,8.187764189320594,0.025385507766109667,0.025385507766109667
UBC_522,12,0.4246,0.1238,0.0756,0.004,0.109,-9.42,25.72,0.0151356065017864,<0.1,7.115362733607216,0.07155730183537863,0.07155730183537863
ASCC_85,4,0.606,0.124,0.0687,-0.006,0.295,-4.77,26.91,0.0707945628925188,<0.1,7.28975407566005,0.014622636923339,0.014622636923339
NGC_2360,10,0.3973,0.124,0.0725,-0.204,0.173,66.64,30.36,1.0232935315766702,1-2,8.877809659029596,-0.004638543517031229,0.004638543517031229
UPK_45,54,0.3946,0.1241,0.0475,-0.103,0.216,17.86,45.05,0.1047129651766653,0.1-0.3,7.430044118248336,-0.10277747080384385,0.10277747080384385
Kronberger_25,10,0.3676,0.1245,0.0594,0.081,0.124,-17.45,33.36,,,4.669122528511855,-0.018757346819229952,0.018757346819229952
BH_84,22,0.4636,0.1246,0.0821,0.03,0.136,14.69,13.3,0.1348963238056844,0.1-0.3,8.60115380621743,-0.19274667400097392,0.19274667400097392
Lynga_3,15,0.447,0.1252,0.086,0.026,0.168,-24.16,28.33,,,5.895037609405849,-0.11154270115781399,0.11154270115781399
NGC_6704,11,0.3845,0.1252,0.0665,0.035,0.212,-18.27,45.42,0.1995263191254866,0.1-0.3,6.189963534293972,-0.07352128980013367,0.07352128980013367
UBC_642,33,0.3453,0.1256,0.0914,-0.112,0.257,41.29,36.6,,,9.760475645640241,0.6550847092600551,0.6550847092600551
Trumpler_34,7,0.4602,0.126,0.1011,0.023,0.2,11.25,28.12,,,5.301467987235019,-0.05899878537257415,0.05899878537257415
UBC_648,35,0.3685,0.1268,0.0772,-0.178,0.224,44.37,30.5,2.238723104986867,2-5,10.518229549892677,1.2698808952214218,1.2698808952214218
Trumpler_12,32,0.4033,0.127,0.0925,-0.034,0.187,6.7,24.74,0.6606929837429628,0.5-1,8.137984036708264,-0.23599244025765556,0.23599244025765556
Ruprecht_135,13,0.4102,0.1273,0.0,0.006,0.201,4.94,42.99,0.645654852868111,0.5-1,7.070208388518853,0.13928705579041648,0.13928705579041648
Gulliver_58,13,0.4492,0.1276,0.0529,0.004,0.117,-13.59,24.47,0.6606929837429628,0.5-1,7.104243242855645,0.05683292980528572,0.05683292980528572
UBC_511,39,0.376,0.1278,0.1043,-0.1,0.227,9.21,27.77,0.5370312303176601,0.5-1,7.769706606305884,-0.2590545386071322,0.2590545386071322
Ruprecht_167,10,0.3808,0.1279,0.1019,0.017,0.203,-9.8,33.99,0.5370312303176601,0.5-1,7.081144808290279,0.07596332806389945,0.07596332806389945
Ruprecht_117,33,0.4422,0.1283,0.0685,0.066,0.152,-35.65,26.43,0.1318256391182683,0.1-0.3,5.186900268047819,-0.08996426112274818,0.08996426112274818
UBC_510,15,0.4934,0.1283,0.0678,-0.026,0.188,-4.31,27.78,0.0154881682297679,<0.1,8.1353269164686,-0.2679067939459571,0.2679067939459571
UBC_655,16,0.3983,0.1286,0.0396,-0.047,0.257,5.1,25.55,,,7.802048081218742,-0.24268747288794681,0.24268747288794681
UBC_527,9,0.4365,0.1288,0.0,-0.004,0.15,-17.03,19.83,0.2511884225153641,0.1-0.3,7.167474178637268,-0.11438929309549876,0.11438929309549876
UPK_629,39,0.4001,0.1288,0.0527,-0.209,0.399,-37.93,40.88,0.5248077829311784,0.5-1,7.3023601566770875,-0.12006340054173208,0.12006340054173208
UBC_273,15,0.4173,0.1291,0.0515,0.038,0.186,3.57,16.91,0.045708802901852,<0.1,7.5608735967879275,0.034295939822521396,0.034295939822521396
UBC_343,8,0.506,0.1294,0.0781,0.136,0.13,-2.0,27.29,0.0199526319125486,<0.1,6.130899601139595,-0.043324701663379636,0.043324701663379636
LP_2100,18,0.4911,0.1296,0.0922,0.082,0.236,-24.41,22.17,0.2511884225153641,0.1-0.3,6.68728578984108,-0.05956333170131904,0.05956333170131904
UBC_318,8,0.5343,0.1298,0.0,0.138,0.085,-27.14,12.84,0.0112201894707378,<0.1,5.4265249261403525,-0.05017102738123773,0.05017102738123773
Alessi_43,12,0.3688,0.13,0.0555,-0.051,0.184,24.91,21.62,0.0114815347022194,<0.1,8.303308132848949,0.046504870348622676,0.046504870348622676
Ruprecht_71,7,0.4341,0.1303,0.0,-0.143,0.15,38.74,27.45,0.021379617139194,<0.1,8.50340633858375,-0.04805357650834789,0.04805357650834789
Teutsch_84,5,0.43,0.1304,0.1063,-0.062,0.218,-48.0,21.3,1.047129651766654,1-2,5.787081887729065,-0.004887408073572724,0.004887408073572724
Ruprecht_43,16,0.38,0.1305,0.0291,-0.14,0.177,60.51,24.23,,,14.824448449582185,0.08966256370925947,0.08966256370925947
UPK_17,5,0.4381,0.1305,0.0,0.023,0.25,-33.03,18.21,0.5370312303176601,0.5-1,7.484125416538393,-0.02919678202252898,0.02919678202252898
Ferrero_1,22,0.3378,0.1306,0.0,-0.174,0.152,-11.06,75.62,0.2511884225153641,0.1-0.3,7.257836104061622,-0.10534674216893154,0.10534674216893154
Basel_8,12,0.2906,0.1308,0.0836,-0.103,0.123,33.06,29.1,0.069183121399144,<0.1,9.607166947213589,0.020184229911801414,0.020184229911801414
IC_2948,9,0.3295,0.1311,0.0,-0.109,0.273,8.95,26.41,0.006456541439665,<0.1,7.412164681019804,-0.05795330302276973,0.05795330302276973
UBC_295,17,0.4738,0.1317,0.0999,0.007,0.191,-16.85,26.58,0.5011870135142811,0.5-1,7.1308045849250625,0.06771165394925056,0.06771165394925056
Loden_372,23,0.4439,0.1317,0.1021,-0.019,0.147,0.4,17.45,0.0954992627963111,<0.1,7.611922294330928,0.10579498674671113,0.10579498674671113
NGC_3680,10,0.3797,0.1317,0.0723,-0.124,0.332,18.76,45.09,2.1877623926123007,2-5,7.886992991069137,0.3319324769816824,0.3319324769816824
UPK_540,50,0.3631,0.1318,0.0,-0.14,0.212,39.43,36.55,0.0371535375952047,<0.1,8.125889663396737,-0.08902339129704288,0.08902339129704288
UPK_642,13,0.4272,0.1318,0.0,-0.033,0.154,-20.87,40.16,0.1659587927845761,0.1-0.3,7.186312101913088,-0.08149473373786285,0.08149473373786285
FSR_1380,16,0.4694,0.1319,0.1027,-0.015,0.124,34.86,27.07,1.0232935315766702,1-2,9.747869813081932,-0.21130624380317534,0.21130624380317534
UBC_514,34,0.4496,0.1319,0.0848,-0.088,0.228,9.17,28.8,2.238723104986867,2-5,7.567128644802902,-0.4292296865805626,0.4292296865805626
Harvard_13,28,0.5055,0.1319,0.0843,0.001,0.16,-30.22,35.04,0.8511386362915022,0.5-1,6.976854330570353,-0.06982869397396656,0.06982869397396656
ASCC_87,7,0.2859,0.1325,0.1182,-0.124,0.302,-42.48,35.88,0.0831763917221371,<0.1,7.345251286663219,0.12965745412542404,0.12965745412542404
Ivanov_8,12,0.3205,0.1327,0.0924,-0.206,0.208,40.89,19.08,,,15.681559929759228,0.0777367876649487,0.0777367876649487
ASCC_79,17,0.4072,0.133,0.0661,0.063,0.127,-17.18,26.82,0.0186208705488312,<0.1,7.491678930856648,-0.023947567763993798,0.023947567763993798
UPK_579,27,0.3576,0.133,0.1055,-0.147,0.223,-7.06,30.69,0.1202264223411669,0.1-0.3,7.755877436497417,0.17602440840650366,0.17602440840650366
Hogg_17,16,0.4292,0.1332,0.0967,0.032,0.16,-24.9,22.5,0.1479108648008083,0.1-0.3,6.620777339395652,-0.02035998650632313,0.02035998650632313
UPK_38,11,0.4528,0.1334,0.0,0.056,0.164,-4.94,26.87,0.0144543926289566,<0.1,7.613848002558808,0.03044489347719271,0.03044489347719271
Collinder_277,39,0.3823,0.1335,0.0901,-0.062,0.206,-15.18,31.19,0.9772367059324804,0.5-1,7.169035833583818,-0.09785809793683635,0.09785809793683635
Turner_5,42,0.3584,0.1336,0.0897,-0.12,0.231,33.5,29.57,0.323593827469971,0.3-0.5,8.173530973479908,0.10284447475328735,0.10284447475328735
LP_658,8,0.2944,0.1339,0.0263,-0.129,0.244,46.72,18.51,0.9332548746146908,0.5-1,9.395366461647377,-0.1908294810021914,0.1908294810021914
ESO_312_03,15,0.439,0.134,0.0715,0.011,0.1,37.48,17.96,0.0870963704709874,<0.1,9.923587054815236,-0.13826314546733945,0.13826314546733945
UBC_467,17,0.4082,0.1343,0.0462,-0.185,0.192,57.06,33.02,1.4454392628956645,1-2,11.915570639417295,0.5100931749573935,0.5100931749573935
UBC_317,13,0.4938,0.1347,0.0,0.098,0.078,-17.28,23.09,0.323593827469971,0.3-0.5,6.025813407352985,-0.03210198387539613,0.03210198387539613
UBC_252,33,0.314,0.1348,0.1044,-0.14,0.209,28.55,28.63,0.9772367059324804,0.5-1,9.587684304424961,-0.334952713136392,0.334952713136392
Alessi_9,5,0.4952,0.1354,0.0818,-0.085,0.196,-57.46,69.7,0.2818381693478142,0.1-0.3,7.925125799836182,-0.012352670746794029,0.012352670746794029
Alessi_13,3,0.4122,0.1365,0.1117,-0.038,0.25,32.49,52.67,0.0354813545061708,<0.1,8.153713243310783,-0.06556180551303846,0.06556180551303846
FSR_1063,15,0.3897,0.1367,0.1052,-0.108,0.107,45.75,21.61,0.1096478099832217,0.1-0.3,10.376770278235911,-0.1450818274327505,0.1450818274327505
Pismis_2,6,0.283,0.1368,0.1126,-0.108,0.241,57.42,38.26,1.862089099377868,1-2,10.028114817998333,-0.2406521429866794,0.2406521429866794
LP_403,20,0.4963,0.1368,0.0688,-0.047,0.204,7.01,23.21,0.0263026845396328,<0.1,7.7860234629984735,0.05262486245728944,0.05262486245728944
Berkeley_25,19,0.1481,0.1369,0.0972,-0.112,0.209,33.48,25.74,2.454710856206481,2-5,19.31243433533402,-2.128952427920018,2.128952427920018
Teutsch_80,6,0.3628,0.137,0.0987,0.057,0.109,-19.58,14.21,0.2238723104986867,0.1-0.3,6.3174674574618,-0.03881836144432109,0.03881836144432109
LP_2238,14,0.4608,0.1373,0.0776,-0.017,0.267,-2.14,25.34,0.2951211041237279,0.1-0.3,7.799408062769957,0.09253937724621676,0.09253937724621676
IC_4756,19,0.4346,0.1374,0.0851,-0.084,0.303,-6.3,44.77,1.288248533293805,1-2,7.743699324361024,0.06416135464700704,0.06416135464700704
Hogg_18,15,0.3074,0.1381,0.0967,-0.1,0.253,-24.09,31.46,0.2630268453963283,0.1-0.3,6.847595407818565,0.2153195706470908,0.2153195706470908
UBC_638,27,0.317,0.1384,0.0846,-0.327,0.481,65.34,31.79,1.5848924964027185,1-2,16.68086098834001,1.4156900009939763,1.4156900009939763
UBC_637,27,0.317,0.1384,0.0846,-0.327,0.481,65.34,31.79,1.6595879278457617,1-2,11.675153970611753,0.6923358884598015,0.6923358884598015
UBC_513,14,0.483,0.1385,0.0564,-0.003,0.128,14.19,19.47,0.2041739917404129,0.1-0.3,7.496413856803345,0.0049722433447299715,0.0049722433447299715
IC_2395,15,0.3474,0.1385,0.0763,-0.127,0.194,24.77,24.16,0.0204173767566041,<0.1,8.197167079648457,-0.024967006565527205,0.024967006565527205
Sher_1,14,0.3914,0.1388,0.0759,-0.139,0.298,-2.58,32.36,0.0131825639118268,<0.1,9.949339908177757,-0.02552266690623643,0.02552266690623643
Hogg_21,7,0.5761,0.1391,0.0,0.125,0.075,-22.94,14.14,0.0891250546711345,<0.1,5.683829881450193,-0.054852422539571496,0.054852422539571496
NGC_1901,19,0.233,0.1391,0.1074,-0.247,0.335,56.57,76.54,0.8912505467113453,0.5-1,8.075763202992277,-0.2142159623938364,0.2142159623938364
IC_4651,18,0.3441,0.1392,0.0563,-0.046,0.228,-15.05,42.32,1.6595879278457617,1-2,7.247346787457791,-0.11164680695671945,0.11164680695671945
Andrews_Lindsay_5,4,0.634,0.1396,0.073,0.022,0.104,8.57,36.2,,,3.781216733705657,-0.08072845973947056,0.08072845973947056
Westerlund_1,8,0.5316,0.1397,0.0958,-0.051,0.205,-13.24,49.49,,,4.617241270720047,-0.016493405993136683,0.016493405993136683
ASCC_16,27,0.3802,0.14,0.1143,-0.089,0.198,27.68,34.57,0.0134896323805684,<0.1,8.435013835307213,-0.08946838088000264,0.08946838088000264
NGC_6631,14,0.4424,0.1401,0.0763,0.062,0.17,0.18,24.78,0.1995263191254866,0.1-0.3,5.353317300569866,0.004366692842782866,0.004366692842782866
Lynga_1,20,0.4398,0.1403,0.0986,0.096,0.126,-18.01,24.49,0.1659587927845761,0.1-0.3,6.8124195302787625,0.002872163551378166,0.002872163551378166
NGC_6728,11,0.3746,0.1404,0.0,-0.022,0.242,9.21,36.71,0.602559215586761,0.5-1,6.501089645819064,-0.16897732369818008,0.16897732369818008
ASCC_66,12,0.3715,0.1407,0.0896,-0.135,0.223,7.18,39.39,0.0588843629494562,<0.1,7.849089378740879,0.10400325242760451,0.10400325242760451
Ruprecht_102,7,0.2635,0.1411,0.0,0.059,0.191,-2.25,23.76,0.4365161773191,0.3-0.5,7.156477722145814,0.00730466606512244,0.00730466606512244
NGC_3496,20,0.4254,0.1412,0.0772,-0.069,0.283,0.3,26.62,0.5011870135142811,0.5-1,7.657536298792372,0.00010496112239462632,0.00010496112239462632
NGC_6208,32,0.4448,0.1412,0.0461,-0.001,0.205,-26.49,34.04,1.4125363038976315,1-2,7.06701257440249,-0.10248852677044289,0.10248852677044289
Ruprecht_8,8,0.4267,0.1414,0.0,-0.059,0.261,50.59,27.9,0.3981075202376551,0.3-0.5,9.813673544666019,-0.12844686471019862,0.12844686471019862
NGC_3114,25,0.4127,0.1415,0.0846,-0.078,0.235,13.37,24.28,0.1445439262895664,0.1-0.3,7.947986807040257,-0.04938174438745334,0.04938174438745334
NGC_4755,16,0.4694,0.1416,0.0,-0.02,0.203,-14.57,28.73,0.0120226422341166,<0.1,7.16950500098543,0.11216354087326537,0.11216354087326537
NGC_2184,24,0.2798,0.1416,0.1106,-0.124,0.266,36.22,31.37,0.645654852868111,0.5-1,8.626643510577136,-0.0880495899159065,0.0880495899159065
FSR_1580,16,0.4268,0.1417,0.0813,-0.011,0.163,-0.1,15.95,,,8.993451014698298,0.3809766099437049,0.3809766099437049
Ruprecht_94,15,0.3697,0.1419,0.1,-0.053,0.21,3.87,27.43,0.0245470816103821,<0.1,7.439668195773144,-0.07388219805521772,0.07388219805521772
Ruprecht_101,13,0.3191,0.1421,0.0604,0.014,0.125,-18.63,21.61,1.047129651766654,1-2,7.159672603635489,-0.016256976974380482,0.016256976974380482
BH_92,13,0.3768,0.1424,0.0913,0.006,0.121,10.83,16.63,0.2137961713919407,0.1-0.3,7.949778602269978,0.03868241115850819,0.03868241115850819
UBC_519,13,0.3524,0.1426,0.1139,-0.069,0.29,-11.49,27.65,0.645654852868111,0.5-1,7.112066864362309,0.14858518325248102,0.14858518325248102
ESO_518_03,9,0.4802,0.1429,0.083,-0.032,0.198,-24.71,25.48,1.4125363038976315,1-2,6.403799034523295,0.39681061777250254,0.39681061777250254
UPK_578,15,0.4563,0.1429,0.0689,-0.004,0.217,-17.15,21.85,0.8709627484287175,0.5-1,7.644973583923306,0.11126765869733103,0.11126765869733103
UPK_624,56,0.3804,0.1432,0.0851,-0.046,0.257,-15.24,34.66,0.0398107083132505,<0.1,7.854484741438219,-0.03913946276735025,0.03913946276735025
UBC_663,26,0.3845,0.1438,0.0,-0.046,0.193,-17.49,26.36,,,7.2245105916553936,-0.03597375933026063,0.03597375933026063
NGC_2580,33,0.2667,0.1439,0.1185,-0.227,0.189,57.7,30.66,0.5370312303176601,0.5-1,11.007133331956917,0.35565910800928774,0.35565910800928774
ASCC_32,8,0.4442,0.1439,0.0817,-0.048,0.24,44.69,28.26,0.0251188698309886,<0.1,8.57460154490241,-0.11135080084105294,0.11135080084105294
BH_144,24,0.3934,0.1444,0.0919,0.048,0.149,-19.3,20.44,1.4791086480080835,1-2,18.699838058266558,-1.2372483964436696,1.2372483964436696
LP_1540,8,0.4922,0.1447,0.0787,-0.038,0.126,-7.18,18.65,1.621810239813303,1-2,7.552408106782619,0.09683336793050785,0.09683336793050785
UPK_23,22,0.4341,0.1453,0.0983,-0.001,0.172,11.62,43.71,0.1096478099832217,0.1-0.3,7.221185985684766,-0.07155883560256823,0.07155883560256823
Ruprecht_147,60,0.4145,0.1466,0.093,-0.095,0.251,-1.12,46.96,3.0199485372543653,2-5,7.842588293492562,-0.047879652924994895,0.047879652924994895
FSR_1435,6,0.5029,0.1472,0.0854,-0.072,0.17,27.87,33.4,,,8.635483305833029,0.06526717607622497,0.06526717607622497
Lynga_2,6,0.4062,0.1472,0.1293,-0.004,0.197,-24.61,24.95,0.102329353157667,0.1-0.3,7.4847340359798915,0.011671678246741053,0.011671678246741053
UBC_507,32,0.4258,0.1473,0.1137,-0.047,0.174,2.99,21.95,0.1659587927845761,0.1-0.3,8.77887778530207,-0.2122633651714633,0.2122633651714633
SAI_94,9,0.5426,0.1478,0.0378,0.004,0.098,46.55,21.28,1.4791086480080835,1-2,9.813617322607344,-0.1642857077156791,0.1642857077156791
Mamajek_4,63,0.3153,0.1491,0.047,-0.118,0.273,-22.3,48.8,0.3715349680219835,0.3-0.5,7.70979479863852,-0.11164115715556687,0.11164115715556687
NGC_5764,27,0.3062,0.1497,0.1164,-0.031,0.226,-31.28,36.41,1.3182563911826832,1-2,6.621454186041146,0.232983970631321,0.232983970631321
ASCC_99,11,0.3919,0.1499,0.1284,-0.101,0.199,-29.62,34.09,0.3548135450617081,0.3-0.5,7.839696522340652,-0.019851828162872686,0.019851828162872686
UPK_533,17,0.2485,0.1503,0.1215,-0.149,0.211,37.5,31.62,0.0891250546711345,<0.1,8.14463042883267,-0.04043351413787735,0.04043351413787735
UBC_215,9,0.4334,0.1509,0.109,-0.13,0.305,65.41,25.0,0.407379955757968,0.3-0.5,9.335800372669178,-0.0915090964696825,0.0915090964696825
UBC_283,14,0.3537,0.151,0.0284,-0.109,0.236,-6.93,30.49,0.3162277660168379,0.3-0.5,7.552631099058597,-0.13938970300862816,0.13938970300862816
IC_2488,3,0.4243,0.1515,0.1278,-0.038,0.335,29.78,14.04,0.1621810239813303,0.1-0.3,8.051892834647834,-0.08754136175290987,0.08754136175290987
UBC_5,11,0.4132,0.1526,0.1317,-0.127,0.213,-19.5,25.13,0.1995263191254866,0.1-0.3,7.634306360736581,0.06470669254889168,0.06470669254889168
Pismis_18,14,0.4072,0.1534,0.0844,0.0,0.139,-30.8,22.45,0.5754402406055371,0.5-1,6.690616732716486,0.03245479391773316,0.03245479391773316
Platais_10,6,0.413,0.1535,0.0589,-0.005,0.065,-18.84,36.39,0.1096478099832217,0.1-0.3,7.972252415865077,0.03298004416662101,0.03298004416662101
UPK_545,11,0.3619,0.1537,0.058,-0.118,0.281,34.6,30.26,0.0794328409152129,<0.1,8.099707674709583,-0.03598568312931762,0.03598568312931762
UBC_268,33,0.4161,0.1537,0.1109,-0.018,0.175,4.02,23.26,1.698241862446276,1-2,7.71052848585847,-0.23680506326721398,0.23680506326721398
UBC_560,23,0.4361,0.154,0.1116,0.042,0.237,-30.8,40.93,0.6309576215861531,0.5-1,6.624285973965941,0.1241351574941842,0.1241351574941842
UPK_654,45,0.3745,0.1549,0.1147,-0.133,0.354,-5.57,47.84,0.0794328409152129,<0.1,7.623653387506753,-0.07580158209614955,0.07580158209614955
NGC_2243,28,0.3403,0.1549,0.0609,-0.249,0.259,49.83,26.9,4.365161773191001,2-5,11.114897969303993,-1.4387501638481666,1.4387501638481666
UPK_599,20,0.2398,0.1554,0.0901,-0.164,0.238,-1.56,56.12,0.0194984442849023,<0.1,7.697145574824876,0.28968349159130513,0.28968349159130513
NGC_5715,16,0.3806,0.1555,0.1162,0.043,0.173,-23.23,41.38,0.5370312303176601,0.5-1,6.6120477825636925,0.10016230290396584,0.10016230290396584
BH_150,17,0.4303,0.1563,0.0953,0.026,0.217,-4.82,28.66,0.021877623926123,<0.1,6.417501955336826,-0.0807632950189973,0.0807632950189973
NGC_2354,14,0.3727,0.1569,0.0,-0.063,0.238,51.22,28.97,1.4125363038976315,1-2,8.884861403301993,-0.13555524009046063,0.13555524009046063
UPK_606,60,0.4004,0.1571,0.0742,-0.091,0.254,-8.76,45.66,,,7.997364024339926,0.060263760018708326,0.060263760018708326
UPK_587,30,0.3581,0.1573,0.1203,-0.116,0.201,-8.01,34.15,0.1174896729347291,0.1-0.3,7.609674801543114,0.21608477666480577,0.21608477666480577
SAI_118,6,0.4529,0.159,0.092,0.015,0.181,-22.11,27.72,0.0316227766016837,<0.1,7.069358524115752,-0.011528414150594506,0.011528414150594506
Ruprecht_171,15,0.4664,0.1591,0.1063,0.018,0.207,2.29,29.02,2.7542260421949853,2-5,6.593377602548195,-0.07007046282261693,0.07007046282261693
NGC_2571,41,0.2793,0.1596,0.1285,-0.176,0.205,64.45,30.13,0.0269153374005781,<0.1,8.701482350126323,0.10569597625787404,0.10569597625787404
Trumpler_29,21,0.3555,0.1599,0.1019,-0.063,0.234,-22.31,37.02,0.0512861429039393,<0.1,6.669996808148499,-0.1157448712172469,0.1157448712172469
UBC_488,24,0.3374,0.1612,0.1298,-0.059,0.156,29.95,26.77,0.1905459546378596,0.1-0.3,11.112175005157466,-0.39052437801818213,0.39052437801818213
IC_4665,49,0.2959,0.1612,0.1409,-0.231,0.304,7.94,56.39,0.0331131106939867,<0.1,7.836365781568267,0.122327015362442,0.122327015362442
UPK_24,13,0.3496,0.1613,0.1252,-0.055,0.218,5.05,46.93,0.2691536695250797,0.1-0.3,7.6538238095993325,-0.022611405218025755,0.022611405218025755
NGC_6568,4,0.3046,0.1618,0.1277,-0.089,0.205,-16.15,25.41,0.8709627484287175,0.5-1,7.070643117904172,-0.012877979863133365,0.012877979863133365
UBC_498,12,0.3958,0.1641,0.0865,-0.04,0.234,17.79,33.38,0.407379955757968,0.3-0.5,7.956363936859372,-0.11072188120797148,0.11072188120797148
UBC_267,9,0.2915,0.1644,0.1017,-0.09,0.163,1.92,26.57,0.0128824994773753,<0.1,7.615179839667763,0.10666353417429682,0.10666353417429682
UBC_293,15,0.3586,0.1653,0.0608,-0.026,0.191,-15.38,28.27,0.0199526319125486,<0.1,6.613357395984672,0.05988030365019566,0.05988030365019566
UPK_645,17,0.2803,0.1657,0.1448,-0.221,0.543,-17.56,61.84,0.1047129651766653,0.1-0.3,7.445324912816761,-0.0971570158451634,0.0971570158451634
Alessi_Teutsch_12,85,0.3696,0.1664,0.1296,-0.052,0.245,-22.04,49.46,0.0870963704709874,<0.1,7.602654711073893,-0.09049653411975957,0.09049653411975957
UPK_613,15,0.362,0.1678,0.1363,-0.202,0.419,-37.01,31.68,0.0831763917221371,<0.1,7.437525661924409,0.14199294435223928,0.14199294435223928
UBC_338,14,0.4254,0.1679,0.1509,-0.003,0.181,-1.89,29.73,0.2344228197592381,0.1-0.3,6.47175894706999,-0.029677675273103814,0.029677675273103814
FSR_1211,17,0.3082,0.1679,0.0,-0.186,0.275,63.32,38.6,1.2022642234116694,1-2,10.765092134765087,0.4208075379238419,0.4208075379238419
UPK_612,74,0.3493,0.1682,0.1308,-0.072,0.245,-15.92,42.13,0.1,<0.1,7.945083509864562,-0.039058475050583324,0.039058475050583324
NGC_5593,10,0.3874,0.1684,0.134,-0.101,0.387,-7.5,25.85,0.0870963704709874,<0.1,7.397382574829923,0.12205469919785168,0.12205469919785168
UBC_496,28,0.3448,0.1695,0.1301,-0.142,0.236,20.81,45.78,0.075857777492195,<0.1,7.875842251061652,0.1339592976630792,0.1339592976630792
NGC_3293,44,0.3568,0.1696,0.1495,-0.028,0.185,15.84,48.11,0.0102329353157667,<0.1,7.825157657925985,0.022403395173054747,0.022403395173054747
Trumpler_22,18,0.3422,0.1697,0.1486,-0.019,0.272,-18.15,29.33,0.0323593827469971,<0.1,6.56515211336966,-0.010429324035265013,0.010429324035265013
LP_5,73,0.2738,0.1706,0.1285,-0.132,0.26,11.06,39.38,2.691536695250797,2-5,7.605549202004638,-0.41342707440696835,0.41342707440696835
UPK_13,7,0.3886,0.1715,0.1516,-0.113,0.201,-15.96,30.74,0.1778279410038923,0.1-0.3,7.231258751724133,-0.10421894408146236,0.10421894408146236
ESO_092_05,19,0.3036,0.1718,0.0645,-0.139,0.246,16.67,36.23,4.466831997992294,2-5,16.01816808381262,-2.132074972936557,2.132074972936557
NGC_3330,31,0.3727,0.1723,0.1297,-0.102,0.205,15.78,26.36,0.0812830230578909,<0.1,7.876215794206611,0.14027912751064783,0.14027912751064783
NGC_5288,14,0.4677,0.1738,0.1065,0.07,0.211,-23.94,17.03,0.4677352234557817,0.3-0.5,6.689067586923714,-0.10967512429018848,0.10967512429018848
UBC_297,20,0.3485,0.1746,0.1524,0.051,0.149,-25.59,21.67,0.3548135450617081,0.3-0.5,6.369994008870261,-0.07092051187443908,0.07092051187443908
Alessi_24,77,0.3662,0.1751,0.1351,-0.188,0.32,-18.55,45.8,0.0724436182787123,<0.1,7.7232407560003145,-0.10242194070455912,0.10242194070455912
UPK_26,8,0.3152,0.1751,0.1196,0.043,0.248,-11.23,41.5,0.0724436182787123,<0.1,7.312858577124191,-0.05966587226928788,0.05966587226928788
Bica_3,9,0.3875,0.1763,0.1518,0.006,0.201,-10.5,26.55,,,5.753141533418805,-0.004022434180476802,0.004022434180476802
Dias_2,27,0.3125,0.1764,0.1013,-0.161,0.203,40.94,29.57,1.7377999128939918,1-2,12.58674711839291,-0.5698604539540132,0.5698604539540132
FSR_1407,35,0.2697,0.1789,0.1404,-0.14,0.211,39.63,27.81,4.07379955757968,2-5,9.305727014886003,0.8112617155263372,0.8112617155263372
UBC_290,43,0.3407,0.1814,0.1168,0.021,0.172,-16.07,24.08,0.1905459546378596,0.1-0.3,7.35856814177375,0.12072813104429576,0.12072813104429576
UPK_20,14,0.458,0.1818,0.1393,-0.085,0.502,8.79,28.44,2.137961713919407,2-5,7.676949702799646,-0.022170012220404527,0.022170012220404527
NGC_6253,80,0.415,0.1825,0.1549,-0.032,0.281,-26.28,31.09,3.2359382746997105,2-5,6.557478893872446,-0.1768765892970872,0.1768765892970872
UPK_50,14,0.3717,0.1827,0.0915,-0.027,0.248,1.97,27.68,0.21877623926123,0.1-0.3,7.368521824067918,0.07849043099634907,0.07849043099634907
UBC_11,31,0.3549,0.1869,0.1387,-0.07,0.269,-18.38,36.18,0.0676082856622264,<0.1,7.738976848305289,-0.041372174469090875,0.041372174469090875
Bochum_13,10,0.2902,0.1884,0.1749,-0.033,0.256,-41.13,19.65,0.0089125054671134,<0.1,6.385107579408067,0.058911852864387895,0.058911852864387895
UBC_353,10,0.2527,0.1891,0.146,-0.018,0.146,2.69,14.97,0.0295120780093289,<0.1,6.216649495590661,0.018815704801138356,0.018815704801138356
UBC_14,29,0.2951,0.1921,0.1441,-0.04,0.261,0.01,33.66,0.0524807206714521,<0.1,7.574411546723475,-0.09816485663703083,0.09816485663703083
Blanco_1,11,0.5102,0.1945,0.1688,-0.131,0.33,-4.58,40.89,0.1047129651766653,0.1-0.3,8.079157063230996,-0.21254375442220055,0.21254375442220055
NGC_6583,29,0.5602,0.2,0.1467,-0.05,0.154,-7.12,33.61,1.2022642234116694,1-2,5.748245649593911,-0.09274238798369143,0.09274238798369143
UBC_337,50,0.3621,0.2053,0.18,-0.624,0.734,-22.8,32.27,0.0416869273621118,<0.1,6.3690961670407855,-0.043628348502745815,0.043628348502745815
UPK_21,4,0.3274,0.209,0.1958,-0.091,0.364,9.42,16.72,1.148154730847072,1-2,7.5629904289877015,-0.05244447816359611,0.05244447816359611
