cluster,N,C_O_mean,C_O_std,intrinsic_scatter,feh_mean,feh_std,rv_mean,rv_std,age_gyr,age_bin,R_gal,Z_gal,abs_Z
NGC_2362,3,0.4903,0.003,0.0,-0.001,0.177,50.19,20.12,0.0057544024060553,<0.1,8.534666877063838,-0.04993563195983046,0.04993563195983046
Alessi_15,4,0.4456,0.0122,0.0,-0.117,0.115,31.43,37.01,0.0338844319835388,<0.1,8.202238920795722,0.01922153243530697,0.01922153243530697
Melotte_25,3,0.4542,0.0229,0.0,-0.159,0.164,56.61,19.86,0.794327537013272,0.5-1,27.785061263623795,-7.518410591434837,7.518410591434837
Trumpler_35,6,0.4146,0.0249,0.0,-0.085,0.155,15.72,22.33,0.0389045281683994,<0.1,7.842330215732276,0.019856122004713636,0.019856122004713636
Collinder_268,3,0.5135,0.0262,0.0,0.014,0.238,-38.04,37.67,0.239883355113592,0.1-0.3,7.920437456029114,-0.006761945660917864,0.006761945660917864
FSR_1085,3,0.4045,0.0291,0.0,-0.205,0.168,67.2,39.88,0.0575440240605537,<0.1,8.626311614800327,0.025149437221564507,0.025149437221564507
UBC_80,4,0.3686,0.0298,0.0,-0.183,0.117,56.97,16.15,0.0295120780093289,<0.1,8.550784430638938,-0.024825585770854846,0.024825585770854846
UBC_291,6,0.4917,0.0305,0.0,0.102,0.112,-8.14,22.24,0.0251188698309886,<0.1,7.946696797476468,0.01659573496994503,0.01659573496994503
Tombaugh_2,5,0.4527,0.0309,0.0,-0.141,0.135,86.73,23.25,1.621810239813303,1-2,8.169616729941797,0.01145789267854646,0.01145789267854646
NGC_5460,16,0.4138,0.0318,0.0,0.057,0.13,1.86,28.84,0.1584892496402718,0.1-0.3,7.242421685147959,0.3126948723696356,0.3126948723696356
Pismis_21,11,0.2142,0.0329,0.0,-0.046,0.285,-21.08,27.76,,,7.900957576031137,0.011125509490168387,0.011125509490168387
NGC_2660,6,0.399,0.0336,0.0,-0.154,0.198,28.68,27.19,0.9332548746146908,0.5-1,8.149605102120955,0.0046891500145437755,0.0046891500145437755
NGC_2547,7,0.4762,0.0347,0.0,-0.022,0.091,31.28,27.91,0.0323593827469971,<0.1,8.736343850741868,-0.36013689696909396,0.36013689696909396
ASCC_41,5,0.4606,0.0356,0.0,-0.19,0.217,39.76,34.1,0.2137961713919407,0.1-0.3,10.8567511785844,0.7432788005872958,0.7432788005872958
NGC_2658,4,0.4574,0.0362,0.0,-0.187,0.164,39.79,15.55,0.5011870135142811,0.5-1,8.176250038189226,0.041768876500032553,0.041768876500032553
DBSB_101,6,0.54,0.0367,0.0,-0.009,0.205,10.79,39.17,0.0112201894707378,<0.1,7.662495137083747,0.036659984733706005,0.036659984733706005
NGC_5269,4,0.5134,0.0369,0.0,0.064,0.143,-32.53,15.96,0.1318256391182683,0.1-0.3,7.841055044870819,0.014784970622122823,0.014784970622122823
NGC_5281,3,0.549,0.038,0.0,0.07,0.119,-34.42,14.34,0.0398107083132505,<0.1,7.755452107880856,0.012352447571701525,0.012352447571701525
NGC_2335,4,0.418,0.0384,0.0,-0.109,0.233,38.88,19.34,0.323593827469971,0.3-0.5,8.555137689172133,0.009708469140950044,0.009708469140950044
FSR_1591,6,0.4355,0.0388,0.0,-0.085,0.126,0.39,34.01,,,8.019570511855886,0.015702605388340788,0.015702605388340788
Czernik_25,4,0.3805,0.039,0.0,-0.238,0.133,58.49,23.93,0.7413100459583173,0.5-1,8.526991119596495,-0.017372361541419672,0.017372361541419672
NGC_5381,5,0.414,0.0397,0.0,0.001,0.172,-27.94,24.66,0.3548135450617081,0.3-0.5,7.875471168674564,0.03416390173280591,0.03416390173280591
Pismis_20,7,0.2145,0.0398,0.0,-0.024,0.358,-32.3,19.04,,,7.899618041884845,0.014099280350315786,0.014099280350315786
UBC_549,3,0.3513,0.0402,0.0,0.053,0.038,-20.51,18.32,0.0851137701777427,<0.1,7.832778840669432,0.012849717589090332,0.012849717589090332
NGC_6645,7,0.439,0.0416,0.0,0.012,0.205,-13.49,37.52,0.512861429039393,0.5-1,7.601919955676203,-0.014690617152164933,0.014690617152164933
Ruprecht_100,4,0.43,0.0428,0.0,-0.053,0.13,4.37,33.8,0.2041739917404129,0.1-0.3,8.00732913635035,0.01957106710050519,0.01957106710050519
BH_217,3,0.458,0.043,0.0,0.069,0.072,-15.81,12.2,0.0346736819996329,<0.1,7.820634778558978,0.01185932305609758,0.01185932305609758
NGC_6756,6,0.4746,0.0433,0.0,0.044,0.121,-24.52,37.32,0.0478629903136986,<0.1,7.905993893082766,0.011984577667516767,0.011984577667516767
Collinder_205,6,0.5174,0.0435,0.0,0.067,0.251,37.97,30.22,0.0045708802901852,<0.1,8.143043772693916,0.005215485212783467,0.005215485212783467
UBC_495,3,0.4575,0.0437,0.0,-0.09,0.199,21.94,3.05,0.407379955757968,0.3-0.5,8.08932179672659,0.007126154187014889,0.007126154187014889
NGC_2301,4,0.4162,0.0441,0.0,-0.184,0.164,52.94,18.51,0.2137961713919407,0.1-0.3,9.099116872908885,0.028920288641827392,0.028920288641827392
UBC_622,16,0.4217,0.0441,0.0,-0.118,0.171,38.28,34.68,0.7585777749219503,0.5-1,8.370223532495036,0.08171455891391605,0.08171455891391605
Haffner_4,4,0.4697,0.0474,0.0,0.021,0.055,57.92,27.61,0.4570880290185208,0.3-0.5,8.272750046894929,0.00707262418302846,0.00707262418302846
NGC_5822,6,0.4627,0.0477,0.0,0.073,0.121,-37.02,28.64,0.9120109194638908,0.5-1,7.231381963639439,0.09357362761929973,0.09357362761929973
BH_23,12,0.3487,0.0501,0.0,-0.164,0.165,29.83,29.45,0.0288403175645028,<0.1,9.01021386923635,-0.01820404635435972,0.01820404635435972
BH_56,4,0.413,0.0503,0.0,-0.099,0.147,12.58,20.39,0.0177827941003892,<0.1,8.29538540014448,0.0501844767770533,0.0501844767770533
UBC_552,9,0.4987,0.0503,0.0,0.105,0.153,-14.56,28.78,0.0112201894707378,<0.1,7.781646023028782,0.022100526169362537,0.022100526169362537
DBSB_43,11,0.3879,0.0514,0.0,-0.047,0.156,22.74,22.89,0.0245470816103821,<0.1,8.08227350894597,0.010797760023533002,0.010797760023533002
Trumpler_15,4,0.3803,0.0515,0.0,-0.008,0.107,-4.5,21.78,0.0089125054671134,<0.1,8.011902897565673,0.017915130877649666,0.017915130877649666
Berkeley_39,14,0.3712,0.0526,0.0,-0.154,0.211,13.44,21.32,5.62341325190349,>5,8.266476124475377,0.056370619606015804,0.056370619606015804
ESO_226_06,5,0.3692,0.0532,0.0,-0.061,0.156,-18.53,20.06,0.0323593827469971,<0.1,7.77721064001974,0.011915735488516644,0.011915735488516644
Gulliver_7,7,0.3896,0.0543,0.0,-0.1,0.146,14.3,19.71,0.4786304286528699,0.3-0.5,8.112972807393442,0.016185347536766388,0.016185347536766388
Ruprecht_77,7,0.3896,0.0543,0.0,-0.1,0.146,14.3,19.71,0.0123026920306321,<0.1,8.098262237234328,0.007654860432537661,0.007654860432537661
UBC_296,4,0.3501,0.0544,0.0,-0.095,0.162,-29.54,29.07,0.2511884225153641,0.1-0.3,7.798900898223575,0.01833301087982366,0.01833301087982366
UBC_618,11,0.374,0.0545,0.0,-0.207,0.13,43.02,34.88,0.7244353873869618,0.5-1,8.243433871766072,0.01566777119766611,0.01566777119766611
Pozzo_1,14,0.3691,0.0546,0.0,-0.18,0.187,36.97,23.51,0.0095499262796311,<0.1,8.929433311393861,-0.3600750363919775,0.3600750363919775
UBC_312,5,0.4707,0.0555,0.0,0.051,0.18,-43.06,35.98,0.794327537013272,0.5-1,7.830535588721555,0.019636884672498845,0.019636884672498845
UBC_277,14,0.3298,0.0557,0.0,-0.172,0.232,-19.51,26.66,0.102329353157667,0.1-0.3,7.9256856958348765,0.038988645949593184,0.038988645949593184
UBC_479,18,0.4199,0.0563,0.0,-0.105,0.164,38.12,25.2,0.0204173767566041,<0.1,8.26377909209261,-0.023351560199208015,0.023351560199208015
UPK_526,9,0.4235,0.0564,0.0,-0.116,0.179,43.18,26.98,0.0309029380386681,<0.1,8.41992607717049,-0.4043154092856755,0.4043154092856755
Ruprecht_105,7,0.4893,0.0576,0.0,-0.078,0.208,-15.96,31.62,0.3890452816839944,0.3-0.5,7.895279338125178,0.02995311621208684,0.02995311621208684
UPK_436,16,0.3986,0.058,0.0,-0.207,0.213,48.18,24.93,0.0257039487966919,<0.1,9.045712069190055,-0.099138613073917,0.099138613073917
Hogg_15,3,0.3835,0.0588,0.0,-0.15,0.221,-17.26,3.81,0.0021877623926123,<0.1,7.984013709475386,0.019311840565709604,0.019311840565709604
NGC_4609,3,0.3835,0.0588,0.0,-0.15,0.221,-17.26,3.81,0.0812830230578909,<0.1,7.7934000051832975,0.018276110528355777,0.018276110528355777
UPK_18,5,0.4094,0.0592,0.0,0.045,0.126,-2.97,18.42,0.7244353873869618,0.5-1,6.923566820321553,-0.0963622810623939,0.0963622810623939
FSR_1171,15,0.3842,0.0594,0.0,-0.127,0.215,39.28,28.7,,,8.276351425559795,0.011091113372157572,0.011091113372157572
UBC_100,4,0.241,0.0596,0.0,-0.237,0.418,-20.94,44.24,0.1584892496402718,0.1-0.3,7.478536459827013,-0.025286717858400202,0.025286717858400202
BH_211,12,0.5065,0.0596,0.0,0.05,0.136,-28.88,41.12,0.4265796312095559,0.3-0.5,7.617168122998576,0.023676853509633323,0.023676853509633323
NGC_2925,15,0.4206,0.0606,0.0,-0.038,0.144,32.93,18.89,0.1288248533293804,0.1-0.3,8.09081512919616,-0.00789471102810389,0.00789471102810389
Trumpler_20,11,0.4933,0.0607,0.0,0.058,0.056,-33.26,19.19,1.862089099377868,1-2,7.993868649110267,0.03010408040473019,0.03010408040473019
LP_2210,7,0.409,0.0611,0.0,-0.116,0.259,-41.89,24.52,0.1288248533293804,0.1-0.3,7.53394624837037,-0.03234212598081389,0.03234212598081389
NGC_2910,14,0.3867,0.0617,0.0,-0.083,0.163,17.55,32.54,0.1288248533293804,0.1-0.3,8.087048411398431,0.00545739169206268,0.00545739169206268
UBC_651,5,0.4897,0.0618,0.0,-0.007,0.055,4.12,16.76,0.1584892496402718,0.1-0.3,8.084371611871916,0.015957716782167317,0.015957716782167317
UPK_442,15,0.4235,0.0618,0.0,-0.112,0.185,40.59,41.53,0.1698241862446276,0.1-0.3,9.333753076701658,-0.22410421755357773,0.22410421755357773
NGC_2254,12,0.3751,0.0619,0.0,-0.079,0.139,41.24,31.93,0.3467368199963294,0.3-0.5,8.454981314416228,0.021908907101491872,0.021908907101491872
UBC_490,16,0.4207,0.0621,0.0,-0.027,0.148,33.64,22.81,0.0398107083132505,<0.1,8.099080310308738,0.004753525879494725,0.004753525879494725
FSR_1361,10,0.4188,0.0622,0.0,-0.083,0.232,43.95,34.71,0.2884031756450284,0.1-0.3,8.242149428022817,-0.010378203159589216,0.010378203159589216
Bochum_11,10,0.4034,0.0624,0.0,-0.063,0.111,11.73,25.35,0.0063095762158615,<0.1,8.010266019053734,0.014536248498486271,0.014536248498486271
UPK_457,13,0.4046,0.0624,0.0,-0.202,0.192,38.9,27.93,,,8.801983508644252,-0.10264232940400823,0.10264232940400823
NGC_6716,4,0.4215,0.0625,0.0255,-0.012,0.105,-48.45,29.71,0.097723670593248,<0.1,6.796795472178278,-0.2160833284765033,0.2160833284765033
Teutsch_38,15,0.3817,0.0629,0.0,-0.084,0.163,39.0,29.56,0.0371535375952047,<0.1,8.53283840912599,0.10472611541791983,0.10472611541791983
UBC_650,10,0.3661,0.0629,0.0,-0.182,0.212,28.03,19.63,0.0776246877988414,<0.1,8.106438611257202,0.03119566387812867,0.03119566387812867
Teutsch_85,13,0.4112,0.0634,0.0,0.057,0.152,-22.3,29.89,,,7.985446088801375,0.0194788257749279,0.0194788257749279
Pismis_12,3,0.4415,0.0641,0.0,-0.023,0.047,21.77,12.86,1.23026920306321,1-2,8.143396305556413,0.044956650963513964,0.044956650963513964
DBSB_60,8,0.3597,0.0643,0.0,-0.081,0.246,3.66,20.61,,,8.051731066670042,0.013277863674140414,0.013277863674140414
UBC_559,12,0.4493,0.0643,0.0,0.042,0.179,-11.36,25.63,0.0114815347022194,<0.1,7.745312224710534,0.013804498155760337,0.013804498155760337
FSR_1509,4,0.3572,0.0649,0.0,0.012,0.107,8.48,21.41,0.0616594947701844,<0.1,8.090144626329442,0.016293091869059185,0.016293091869059185
BH_72,15,0.3965,0.0651,0.0,-0.07,0.16,21.53,29.1,0.2238723104986867,0.1-0.3,8.11219413090902,0.018512765140245007,0.018512765140245007
Ferrero_11,12,0.3907,0.0653,0.0,-0.157,0.174,52.16,24.14,0.2818381693478142,0.1-0.3,9.223749558417817,-0.1468297456714659,0.1468297456714659
UBC_254,13,0.4225,0.0656,0.0,-0.01,0.202,25.21,23.11,0.1096478099832217,0.1-0.3,8.077131635219606,0.003885365481221748,0.003885365481221748
UBC_491,17,0.3987,0.0659,0.0,-0.06,0.153,24.12,28.28,0.1819701817628807,0.1-0.3,8.102243015263593,0.015908393642429384,0.015908393642429384
Ruprecht_98,15,0.444,0.0663,0.0,0.0,0.184,-26.59,26.24,0.4897783461428336,0.3-0.5,7.410212436894411,-0.06302792660840977,0.06302792660840977
NGC_5168,16,0.4398,0.0666,0.0,0.009,0.149,-22.75,33.5,0.602559215586761,0.5-1,7.953722185567665,0.027961696688522043,0.027961696688522043
UBC_443,18,0.3909,0.0668,0.0,-0.166,0.158,53.47,23.79,0.8912505467113453,0.5-1,8.35992637322733,-0.014112768939966738,0.014112768939966738
UBC_461,6,0.3968,0.0671,0.0,-0.137,0.2,85.15,16.63,0.0478629903136986,<0.1,8.262342717608297,0.03404523944508779,0.03404523944508779
IC_2714,11,0.3809,0.0677,0.0,-0.079,0.181,-4.0,18.25,0.5248077829311784,0.5-1,7.876232601953072,-0.0022839162203369505,0.0022839162203369505
Ruprecht_58,27,0.3893,0.0686,0.0,-0.143,0.171,48.29,24.72,0.3311314705081584,0.3-0.5,8.214830764582993,0.02837059466641347,0.02837059466641347
BH_151,12,0.4031,0.0696,0.0,-0.006,0.155,-39.53,20.92,0.0158489249640271,<0.1,8.013176658977198,0.02234911931278737,0.02234911931278737
UBC_499,17,0.461,0.0697,0.0,-0.109,0.174,-2.56,16.22,0.0524807206714521,<0.1,8.01874606986356,0.011328390764679414,0.011328390764679414
UBC_301,12,0.4026,0.0698,0.0,-0.006,0.276,-33.44,25.6,0.2344228197592381,0.1-0.3,7.702955315511197,0.030980399685843613,0.030980399685843613
NGC_2682,41,0.449,0.0698,0.0,-0.037,0.108,34.65,13.01,4.265796312095559,2-5,8.92057835084774,0.622926956024445,0.622926956024445
NGC_2516,15,0.3437,0.07,0.0,-0.181,0.208,11.68,23.8,0.239883355113592,0.1-0.3,8.29790857556246,-0.6406641017597242,0.6406641017597242
NGC_2539,22,0.4516,0.0703,0.0,0.033,0.119,33.21,18.95,0.6918312139914402,0.5-1,8.580156632967322,0.16716508711034797,0.16716508711034797
UBC_476,8,0.4799,0.0706,0.0,-0.176,0.179,52.75,17.07,0.0870963704709874,<0.1,8.182326697621823,0.02977532210489268,0.02977532210489268
NGC_5617,5,0.3562,0.0707,0.0,-0.03,0.231,-31.89,12.58,0.1047129651766653,0.1-0.3,7.845895241375126,0.01931134461001265,0.01931134461001265
Collinder_69,3,0.1701,0.0707,0.0391,0.102,0.203,18.53,19.66,0.0125892513534471,<0.1,10.466175977729101,-0.4872529661191152,0.4872529661191152
Teutsch_13,13,0.4062,0.0709,0.0,-0.22,0.149,42.12,28.15,0.0079432840915212,<0.1,8.255442169684091,0.01835891917389871,0.01835891917389871
Ruprecht_119,26,0.4647,0.0709,0.0,0.026,0.162,-26.55,33.69,0.0478629903136986,<0.1,7.737952588107533,0.005689657255495768,0.005689657255495768
UBC_553,7,0.4715,0.0712,0.0,0.139,0.085,-18.42,24.11,0.0131825639118268,<0.1,7.565703615685568,0.0351059341545779,0.0351059341545779
ESO_130_06,3,0.4913,0.0712,0.0437,-0.011,0.152,-6.34,23.83,0.1412536303897631,0.1-0.3,7.63537022731362,0.08565130514100568,0.08565130514100568
FSR_0088,19,0.467,0.0713,0.0,0.04,0.129,11.74,23.8,0.1659587927845761,0.1-0.3,7.9193914888982775,0.013270879165475924,0.013270879165475924
Gulliver_46,10,0.432,0.0716,0.0,0.045,0.116,-22.03,15.18,0.0117489801933541,<0.1,8.033492248104245,0.02290293577573101,0.02290293577573101
UPK_33,13,0.4323,0.0717,0.0,0.082,0.147,8.97,21.32,0.2818381693478142,0.1-0.3,6.465310999386034,0.03411449940748795,0.03411449940748795
Ruprecht_18,28,0.3384,0.0717,0.0,-0.147,0.174,61.73,30.85,0.1288248533293804,0.1-0.3,8.30972310007324,-0.010091051110906208,0.010091051110906208
Gulliver_50,5,0.3976,0.0722,0.0,-0.037,0.118,3.48,29.34,0.0407380403044348,<0.1,7.8963218776503385,0.017712955157138183,0.017712955157138183
UBC_627,10,0.3806,0.0723,0.0,-0.142,0.162,39.64,21.47,2.089294662720361,2-5,8.40806045807564,0.1261923676975568,0.1261923676975568
NGC_4349,8,0.4325,0.0724,0.0,0.035,0.119,-23.94,16.45,0.3162277660168379,0.3-0.5,7.890496807832344,0.02732696125226493,0.02732696125226493
NGC_6520,3,0.7066,0.0728,0.0,0.309,0.15,,,0.123026920306321,0.1-0.3,7.567488411190898,-0.008226999065776421,0.008226999065776421
ESO_312_04,13,0.416,0.073,0.0,-0.006,0.127,37.26,18.64,0.044668369023895,<0.1,8.150717747171036,0.01637448949264263,0.01637448949264263
Dolidze_32,15,0.4347,0.0733,0.0,0.088,0.135,8.33,17.81,0.102329353157667,0.1-0.3,7.7159245391817155,0.023477581839361182,0.023477581839361182
NGC_6649,4,0.5353,0.0733,0.0,0.017,0.092,-5.95,21.61,0.0707945628925188,<0.1,7.689865253015907,0.013329706589802998,0.013329706589802998
Berkeley_20,5,0.4584,0.0735,0.0,-0.034,0.208,14.16,22.42,4.786304286528699,2-5,8.157030297230866,0.008943781496182203,0.008943781496182203
UBC_347,4,0.4289,0.0736,0.0,0.145,0.115,-15.42,38.79,0.8511386362915022,0.5-1,7.450378113542892,0.023871495190932932,0.023871495190932932
LP_2220,9,0.3636,0.0736,0.0,-0.12,0.213,46.34,15.44,0.4570880290185208,0.3-0.5,8.278028034489486,0.004539500632292682,0.004539500632292682
UBC_259,18,0.4094,0.0738,0.0,-0.077,0.15,2.21,15.44,0.102329353157667,0.1-0.3,8.025069708913405,0.008237048325456287,0.008237048325456287
BH_66,8,0.3865,0.0738,0.0,-0.028,0.193,23.85,19.18,0.7244353873869618,0.5-1,8.112433711147755,0.01567646888022027,0.01567646888022027
Collinder_220,6,0.4515,0.0742,0.0,0.094,0.085,13.65,21.8,0.2344228197592381,0.1-0.3,8.038272545103776,0.018350892259391533,0.018350892259391533
UBC_470,14,0.4088,0.0742,0.0,-0.158,0.143,51.12,32.52,0.0323593827469971,<0.1,8.216645100489501,0.024518701445470695,0.024518701445470695
FSR_1363,21,0.4305,0.0743,0.0,-0.127,0.14,51.15,25.58,0.2238723104986867,0.1-0.3,8.198598648230409,0.018352217659761378,0.018352217659761378
UBC_558,7,0.5084,0.0744,0.0,0.103,0.132,-19.7,32.92,0.0072443618278712,<0.1,7.788759559947438,0.011753034188300957,0.011753034188300957
FSR_1260,14,0.4335,0.0744,0.0,-0.142,0.135,44.94,20.83,0.1412536303897631,0.1-0.3,8.312187114098625,0.015125813335801517,0.015125813335801517
UBC_664,6,0.4062,0.0744,0.0,-0.012,0.213,-28.83,19.61,0.0407380403044348,<0.1,7.903110716442441,0.009586422286065103,0.009586422286065103
ASCC_67,12,0.3721,0.0745,0.0,-0.007,0.231,-10.59,33.61,0.0371535375952047,<0.1,7.93410600656129,0.02621294141032134,0.02621294141032134
Czernik_30,5,0.3087,0.0746,0.0,-0.318,0.216,54.2,14.17,2.8840317564502844,2-5,8.19808427349671,0.02897053970959025,0.02897053970959025
LP_597,7,0.5216,0.0748,0.0,0.053,0.161,-32.32,22.14,0.5370312303176601,0.5-1,7.809085785461218,0.053712734758643896,0.053712734758643896
NGC_6318,10,0.4481,0.0748,0.0,0.028,0.186,-9.14,31.69,0.0097723670593248,<0.1,7.72159927400992,0.014865200243089353,0.014865200243089353
Berkeley_73,13,0.3682,0.0751,0.0,-0.281,0.186,62.77,30.15,1.4125363038976315,1-2,8.225464554655993,0.00017349120286967723,0.00017349120286967723
Pismis_23,6,0.4742,0.0751,0.0,-0.036,0.213,-45.33,43.03,,,7.972252828225741,0.02166549660661452,0.02166549660661452
UBC_302,7,0.3752,0.0754,0.0,-0.085,0.328,-26.96,30.24,0.5754402406055371,0.5-1,7.520989494933904,0.08133489042578713,0.08133489042578713
NGC_5662,12,0.4351,0.0757,0.0148,0.051,0.108,-28.71,23.85,0.1995263191254866,0.1-0.3,7.237514748619448,0.09501914322649598,0.09501914322649598
IC_2581,11,0.442,0.076,0.0,0.028,0.17,13.91,23.13,0.0102329353157667,<0.1,8.040517359652346,0.020732251408845787,0.020732251408845787
UPK_549,5,0.4207,0.0763,0.0,-0.013,0.089,3.42,21.02,0.9332548746146908,0.5-1,8.065150903899356,0.032235306049626,0.032235306049626
FSR_1297,23,0.3917,0.0769,0.0,-0.15,0.153,59.65,27.89,,,8.527437014557021,-0.042964787785937014,0.042964787785937014
Collinder_115,17,0.3273,0.077,0.0,-0.211,0.191,33.87,28.05,0.0954992627963111,<0.1,8.533430328831452,0.019703980876351362,0.019703980876351362
UPK_508,11,0.3387,0.077,0.0,-0.111,0.174,47.07,38.04,0.1,<0.1,8.423674338049501,0.1807265670559838,0.1807265670559838
BH_132,4,0.4474,0.0772,0.0,0.159,0.042,-10.86,17.1,0.1584892496402718,0.1-0.3,7.945832039473333,0.012030253158619598,0.012030253158619598
Collinder_135,31,0.4071,0.0777,0.0,-0.21,0.22,38.02,22.78,0.0263026845396328,<0.1,9.750136260141739,-0.6130056382051335,0.6130056382051335
Berkeley_33,9,0.3255,0.0777,0.0,-0.165,0.129,53.01,25.47,0.2344228197592381,0.1-0.3,8.223338674296674,0.0095094969149595,0.0095094969149595
ESO_166_04,5,0.3129,0.0779,0.0,-0.15,0.339,13.94,23.85,0.1995263191254866,0.1-0.3,8.109515673933407,-0.039454324640392543,0.039454324640392543
UBC_107,4,0.5661,0.0781,0.0,0.178,0.127,-13.18,6.12,0.2344228197592381,0.1-0.3,7.840628794526421,0.02314783068047406,0.02314783068047406
ESO_371_25,16,0.324,0.0784,0.0,-0.064,0.171,46.7,22.86,2.041739917404129,2-5,8.150676952045217,0.03453824679673016,0.03453824679673016
NGC_3228,30,0.5002,0.0786,0.0,-0.07,0.173,14.22,27.64,0.0301995185303324,<0.1,7.995186050938588,0.1790588132237115,0.1790588132237115
UBC_229,5,0.4098,0.0789,0.0,-0.056,0.103,61.3,20.81,0.1122018947073786,0.1-0.3,8.312676109065062,0.04199863767562466,0.04199863767562466
Juchert_13,11,0.3665,0.0789,0.0,0.011,0.235,-4.35,20.05,2.290865841769215,2-5,7.999074476110636,0.012110823860646897,0.012110823860646897
ESO_134_12,4,0.3092,0.0791,0.0,0.021,0.144,-35.06,18.77,0.1513562312005786,0.1-0.3,7.823446878545508,0.02417580443951352,0.02417580443951352
UBC_326,5,0.5933,0.0796,0.0,0.091,0.174,-27.7,21.38,0.2630268453963283,0.1-0.3,7.562098226626206,0.03775942511975615,0.03775942511975615
UPK_560,25,0.4239,0.0796,0.0,-0.113,0.243,25.14,23.77,0.323593827469971,0.3-0.5,8.047897766741945,0.3560858472998249,0.3560858472998249
UBC_518,5,0.5395,0.0798,0.0,0.136,0.112,-1.12,28.78,0.0301995185303324,<0.1,7.996165369330079,0.018896724953214598,0.018896724953214598
LP_2059,21,0.3973,0.0799,0.0,-0.04,0.146,9.09,22.06,0.2691536695250797,0.1-0.3,8.014571135207502,-0.010111085157759752,0.010111085157759752
NGC_2112,29,0.3661,0.08,0.0,-0.115,0.21,25.33,26.64,2.089294662720361,2-5,8.900298093391058,-0.16861756889057783,0.16861756889057783
NGC_2533,24,0.3436,0.0803,0.0,-0.192,0.202,50.17,25.42,1.047129651766654,1-2,8.251888197669393,0.02869940128063957,0.02869940128063957
UBC_528,18,0.4238,0.0804,0.0,0.01,0.142,-40.14,16.13,2.691536695250797,2-5,7.967554850511114,0.023719040750446247,0.023719040750446247
Berkeley_22,15,0.246,0.0805,0.0309,-0.209,0.22,29.65,37.16,2.454710856206481,2-5,8.186278877806851,0.011277109408457674,0.011277109408457674
NGC_3766,8,0.499,0.0806,0.0,0.11,0.198,11.48,20.02,0.0229086835704537,<0.1,7.9454546263332775,0.02001961225381806,0.02001961225381806
ASCC_71,13,0.378,0.0806,0.0,-0.071,0.156,-13.83,29.04,0.1288248533293804,0.1-0.3,7.761035268732659,-0.04623955006668155,0.04623955006668155
UBC_529,10,0.4172,0.0815,0.0,0.025,0.179,-39.87,23.01,0.1659587927845761,0.1-0.3,7.94648260263319,0.0222129405223738,0.0222129405223738
Collinder_261,64,0.4496,0.0815,0.0,-0.049,0.137,-23.63,14.58,6.309576215861531,>5,7.961790737007221,-0.010017609022901452,0.010017609022901452
NGC_6694,7,0.4429,0.0817,0.0,0.052,0.17,14.81,27.3,0.1412536303897631,0.1-0.3,7.6464230323238045,-0.007005962563892711,0.007005962563892711
UBC_284,4,0.53,0.0818,0.0,0.112,0.114,6.98,25.84,1.5848924964027185,1-2,7.889622042733709,0.017186280656388487,0.017186280656388487
Ruprecht_91,23,0.3954,0.0819,0.0,-0.032,0.161,13.17,28.66,0.1380385355838289,0.1-0.3,7.902365407363508,0.04423747740643426,0.04423747740643426
SAI_113,10,0.5223,0.082,0.0,0.023,0.108,10.44,25.29,0.0089125054671134,<0.1,8.07732761301152,0.014752363161776225,0.014752363161776225
UBC_266,19,0.4238,0.0822,0.0,-0.022,0.107,-4.68,19.48,0.0128824994773753,<0.1,8.00759767068031,0.023022945390735617,0.023022945390735617
Trumpler_25,21,0.5256,0.0822,0.0,0.094,0.169,-22.65,29.16,0.2290865841769215,0.1-0.3,7.727728197737216,0.007369431320212037,0.007369431320212037
NGC_5925,3,0.4701,0.0822,0.0,-0.021,0.3,-21.25,21.09,0.4897783461428336,0.3-0.5,7.5806559046826365,0.0399436877215122,0.0399436877215122
UBC_441,10,0.425,0.0823,0.0,-0.182,0.216,32.34,34.26,0.1737799912893991,0.1-0.3,8.511790860071205,-0.0126323474119945,0.0126323474119945
UBC_220,4,0.3407,0.0825,0.0,-0.221,0.142,42.91,23.98,0.3162277660168379,0.3-0.5,8.330458510474909,0.014927502708224284,0.014927502708224284
Trumpler_17,13,0.4134,0.0826,0.0,-0.06,0.137,3.93,22.31,0.0199526319125486,<0.1,8.009709656980238,0.023261086267237625,0.023261086267237625
Ruprecht_161,21,0.3738,0.0826,0.0,-0.086,0.205,15.3,22.21,0.1047129651766653,0.1-0.3,7.917002174742891,-0.06047945160471917,0.06047945160471917
ASCC_21,23,0.3692,0.0831,0.0271,-0.156,0.258,30.95,31.4,0.0089125054671134,<0.1,10.74690595889958,-0.7912853148439266,0.7912853148439266
FSR_1595,8,0.4712,0.0833,0.0,0.048,0.155,-12.37,21.75,0.6918312139914402,0.5-1,8.04622053284052,0.01846129811093446,0.01846129811093446
Gulliver_52,6,0.4612,0.0836,0.0,-0.004,0.077,7.82,36.71,0.4786304286528699,0.3-0.5,8.010499266402352,0.017876460881411444,0.017876460881411444
UBC_7,3,0.2611,0.0836,0.0488,-0.16,0.109,65.44,26.88,0.0316227766016837,<0.1,9.918642880614646,-0.7972743888159639,0.7972743888159639
UBC_503,29,0.4148,0.0836,0.0,-0.04,0.142,11.22,24.24,1.5488151224416984,1-2,8.000445578199802,-0.012878635994183079,0.012878635994183079
Collinder_258,3,0.4481,0.0836,0.0,-0.094,0.107,-37.04,52.88,0.097723670593248,<0.1,7.768639097664997,0.046025097783062255,0.046025097783062255
Teutsch_103,10,0.4134,0.0836,0.0,-0.145,0.204,27.64,28.9,0.3630784055774333,0.3-0.5,8.125029628603418,0.04065155853994401,0.04065155853994401
UBC_258,37,0.4059,0.0838,0.0,-0.04,0.17,10.18,22.87,0.0407380403044348,<0.1,8.025684461481676,0.02461397811585227,0.02461397811585227
BH_67,3,0.4312,0.0839,0.0,0.065,0.247,16.18,27.46,0.6165949477018448,0.5-1,8.116132488500261,0.020132992774239262,0.020132992774239262
Gulliver_39,9,0.4322,0.084,0.0,-0.019,0.108,3.29,19.75,0.6165949477018448,0.5-1,8.02487592681452,0.028694595252548156,0.028694595252548156
Bochum_6,11,0.4265,0.084,0.0,-0.101,0.117,48.07,16.11,0.006456541439665,<0.1,8.268216043028982,0.0201933144026249,0.0201933144026249
DBSB_6,3,0.4373,0.084,0.0,-0.065,0.129,52.55,23.05,0.0316227766016837,<0.1,8.273584114875032,0.019017112794281612,0.019017112794281612
NGC_5138,4,0.2497,0.0843,0.0485,-0.218,0.287,1.67,45.14,0.0478629903136986,<0.1,7.822128486363097,0.05138121581718348,0.05138121581718348
UBC_102,6,0.4968,0.0844,0.0,0.049,0.116,32.49,19.25,0.3311314705081584,0.3-0.5,7.663341213760286,0.0092663268040791,0.0092663268040791
UBC_292,25,0.4835,0.0844,0.0,0.014,0.181,-19.81,25.36,0.069183121399144,<0.1,7.873554063733651,0.030769632635010886,0.030769632635010886
Trumpler_14,7,0.4023,0.0846,0.0,-0.027,0.139,3.85,19.15,0.0630957621586153,<0.1,8.01521305545502,0.01661158157004929,0.01661158157004929
UPK_398,6,0.2595,0.0847,0.0,-0.082,0.205,34.81,49.37,0.0107151982289039,<0.1,10.16490658086839,-0.41039863731507215,0.41039863731507215
FSR_1335,7,0.3347,0.0853,0.0,-0.233,0.208,54.1,15.78,0.0112201894707378,<0.1,8.172641894454095,0.027116133916655565,0.027116133916655565
Collinder_185,22,0.3952,0.0854,0.0,-0.143,0.167,35.9,24.26,0.0616594947701844,<0.1,8.305324180959945,0.027168142397618156,0.027168142397618156
Berkeley_32,36,0.3408,0.0855,0.0,-0.258,0.195,56.09,32.31,4.897783461428336,2-5,8.369538558317311,0.0429546664074639,0.0429546664074639
Teutsch_61,10,0.3597,0.0855,0.0,-0.041,0.136,42.03,14.91,0.045708802901852,<0.1,8.302029989185144,0.022034799789097777,0.022034799789097777
UBC_632,27,0.4298,0.0856,0.0,-0.131,0.191,46.51,35.05,,,8.289098701503464,0.0755335621322428,0.0755335621322428
FSR_1750,7,0.5219,0.0858,0.0,0.186,0.099,-39.07,37.8,,,7.876064381206517,0.028263638831876218,0.028263638831876218
UBC_264,13,0.4168,0.0861,0.0,-0.014,0.099,-1.91,24.98,0.2951211041237279,0.1-0.3,8.020588330855402,0.014645840006971795,0.014645840006971795
Melotte_101,30,0.4187,0.0861,0.0,-0.025,0.17,-2.47,22.32,0.1659587927845761,0.1-0.3,7.984207694694736,-0.022208077233491146,0.022208077233491146
UBC_654,12,0.452,0.0861,0.0142,-0.115,0.185,-0.51,20.02,0.0089125054671134,<0.1,8.05821962402236,0.015490169177377545,0.015490169177377545
Alessi_5,12,0.4566,0.0862,0.0471,-0.045,0.223,13.73,24.53,0.0676082856622264,<0.1,7.722151846403915,-0.06699059835784253,0.06699059835784253
LP_2068,6,0.5448,0.0864,0.0,0.051,0.085,-6.59,34.35,0.2238723104986867,0.1-0.3,7.686241716203378,-0.009308259888371462,0.009308259888371462
NGC_6204,5,0.4198,0.0865,0.0,0.07,0.051,-19.19,15.95,0.0933253849940474,<0.1,7.378756093800121,0.004179427052354762,0.004179427052354762
NGC_2232,42,0.4078,0.0867,0.0,-0.19,0.222,34.21,34.17,0.0177827941003892,<0.1,10.768726945796992,-0.3715605770518276,0.3715605770518276
UBC_497,13,0.4483,0.0869,0.0,0.008,0.134,7.73,19.08,,,8.004559454155697,0.028385076557218076,0.028385076557218076
SAI_108,3,0.4483,0.0869,0.058,-0.015,0.081,7.78,24.38,0.1202264223411669,0.1-0.3,8.097858302404713,0.01918266792209557,0.01918266792209557
Czernik_39,18,0.5085,0.0872,0.0,0.062,0.138,-1.7,36.53,0.1380385355838289,0.1-0.3,7.926051765416376,0.013096930965798753,0.013096930965798753
vdBergh_85,12,0.3484,0.0874,0.0,-0.175,0.228,31.58,35.86,0.0043651569804287,<0.1,8.598713904452772,0.018021732599731267,0.018021732599731267
NGC_2244,4,0.2995,0.0874,0.0,0.035,0.146,35.19,62.83,0.0125892513534471,<0.1,8.678843713254201,0.00039538833488743375,0.00039538833488743375
UBC_228,26,0.4355,0.0876,0.0,-0.132,0.178,53.19,37.55,0.8128302305789092,0.5-1,8.280328143143953,0.03545701593947835,0.03545701593947835
UBC_656,11,0.4581,0.0878,0.0503,-0.031,0.229,13.73,25.72,,,8.059579096244637,0.01345614111374151,0.01345614111374151
NGC_2588,10,0.4145,0.088,0.0,-0.125,0.161,61.58,25.69,0.5495405842387225,0.5-1,8.18465705193287,0.029477273452133457,0.029477273452133457
UBC_324,20,0.4921,0.0881,0.0,0.127,0.107,-29.23,30.76,0.794327537013272,0.5-1,7.634342774219886,0.03543148477027026,0.03543148477027026
UBC_286,5,0.504,0.0881,0.0,0.022,0.067,-5.32,14.5,0.0575440240605537,<0.1,7.910796740978509,0.022637788522495057,0.022637788522495057
FSR_1252,10,0.3435,0.0881,0.0547,-0.197,0.13,55.04,18.45,0.8511386362915022,0.5-1,8.282625291767362,0.012836183588441626,0.012836183588441626
FSR_1586,19,0.4003,0.0885,0.0,-0.029,0.16,8.75,41.06,,,8.042508430818513,0.016229227924331308,0.016229227924331308
UBC_199,13,0.37,0.0888,0.0,-0.103,0.172,19.05,70.67,1.148154730847072,1-2,8.902567426061198,-0.19752954332826828,0.19752954332826828
UBC_550,7,0.4967,0.0889,0.0,0.043,0.136,-3.47,30.16,0.0467735223455781,<0.1,7.774088295891586,0.017479227766011008,0.017479227766011008
Hogg_4,22,0.3976,0.0889,0.0,-0.064,0.148,18.68,21.54,1.4791086480080835,1-2,8.090078004854131,0.02124001978405084,0.02124001978405084
vdBergh_80,15,0.3601,0.0891,0.0,-0.094,0.155,32.57,27.06,0.006456541439665,<0.1,8.929635141365358,-0.13561053314791394,0.13561053314791394
Haffner_26,16,0.3912,0.0891,0.0,-0.1,0.234,62.15,23.72,0.5370312303176601,0.5-1,8.232250807240334,0.03337826461100123,0.03337826461100123
NGC_6124,7,0.3934,0.0893,0.0,-0.05,0.151,1.35,41.51,0.1905459546378596,0.1-0.3,6.679404453445096,0.1801208583474099,0.1801208583474099
UPK_630,11,0.5178,0.0894,0.0,0.108,0.107,-20.93,29.47,0.1122018947073786,0.1-0.3,7.193818673872304,-0.031275820550704866,0.031275820550704866
FSR_1419,20,0.3458,0.0897,0.0,-0.07,0.183,34.99,28.22,1.621810239813303,1-2,8.125772676115016,0.016664106037473696,0.016664106037473696
UBC_349,4,0.5021,0.0899,0.0,0.032,0.143,29.74,13.61,0.2041739917404129,0.1-0.3,7.7796048700904095,0.014979491017391346,0.014979491017391346
Basel_18,9,0.4333,0.0901,0.0,-0.05,0.097,-21.92,28.22,0.0275422906622152,<0.1,7.825665633295281,0.0223811982964033,0.0223811982964033
NGC_2287,9,0.4572,0.0902,0.0,-0.139,0.217,77.3,65.11,0.1698241862446276,0.1-0.3,9.024720173352616,-0.2232901549779334,0.2232901549779334
UBC_345,13,0.5236,0.0903,0.0,0.115,0.169,-14.6,26.58,0.0144543926289566,<0.1,7.677005655624074,0.022962017702929927,0.022962017702929927
UBC_260,26,0.4218,0.0908,0.0,-0.169,0.275,23.31,41.5,0.2344228197592381,0.1-0.3,7.808670297726898,-0.4125434385154097,0.4125434385154097
UBC_504,8,0.4358,0.0908,0.0328,0.075,0.136,7.1,16.08,0.0112201894707378,<0.1,8.071098117402979,0.013887054986951562,0.013887054986951562
UBC_354,20,0.4972,0.0909,0.0096,-0.012,0.143,-4.46,23.72,0.1995263191254866,0.1-0.3,7.653443776608949,0.004785903456594305,0.004785903456594305
Pismis_15,17,0.3584,0.0909,0.059,-0.216,0.195,28.11,31.43,0.8709627484287175,0.5-1,8.11422551916476,0.038438749899095015,0.038438749899095015
UBC_533,10,0.5508,0.0911,0.0,0.053,0.22,-36.07,30.46,0.0891250546711345,<0.1,7.494567422377112,0.06553079007454106,0.06553079007454106
NGC_2972,6,0.2419,0.0916,0.025,0.002,0.056,16.84,21.76,0.4897783461428336,0.3-0.5,8.09676151083867,0.03551893974744082,0.03551893974744082
LP_2117,19,0.4972,0.0917,0.0241,-0.002,0.139,-2.02,21.62,0.6309576215861531,0.5-1,7.595386112379418,0.003126143503016033,0.003126143503016033
Gulliver_27,19,0.3022,0.0918,0.0,-0.043,0.164,9.42,23.84,0.602559215586761,0.5-1,8.085432598834823,0.01677382708562457,0.01677382708562457
Ruprecht_97,16,0.4341,0.0918,0.0,-0.0,0.19,-10.03,15.52,0.1778279410038923,0.1-0.3,8.034247742360018,0.018898255544515814,0.018898255544515814
BH_54,5,0.2757,0.092,0.0,-0.118,0.298,23.55,30.53,0.0087096370470987,<0.1,8.173165567260563,0.01885313678987015,0.01885313678987015
Lynga_14,14,0.3726,0.092,0.0,0.026,0.152,-35.98,26.98,,,7.831621789590472,0.014192226858579838,0.014192226858579838
UBC_660,20,0.4305,0.0922,0.0,-0.018,0.18,-6.98,22.28,1.0,0.5-1,7.976207130872343,0.02691824417630558,0.02691824417630558
Ruprecht_82,16,0.3,0.0923,0.0,-0.07,0.144,1.33,25.69,0.4570880290185208,0.3-0.5,8.075441059539074,0.017017352726239516,0.017017352726239516
UBC_303,21,0.4143,0.0923,0.0,0.005,0.205,-22.87,31.56,0.7079464062202759,0.5-1,7.727979685966384,0.048382096227089846,0.048382096227089846
DC_5,17,0.3779,0.0925,0.043,-0.054,0.138,9.19,18.57,,,8.066995080305261,0.01891743839536388,0.01891743839536388
UBC_93,37,0.416,0.0926,0.0,0.018,0.169,-10.33,31.23,0.8128302305789092,0.5-1,7.788832993522695,0.020878136847586094,0.020878136847586094
ASCC_97,5,0.408,0.0926,0.0,-0.014,0.168,17.46,32.69,0.1122018947073786,0.1-0.3,6.457943843908244,-0.15185221109816796,0.15185221109816796
Berkeley_78,24,0.379,0.0926,0.0609,-0.204,0.171,45.91,24.65,3.890452816839944,2-5,8.279186783481464,0.05239484155956002,0.05239484155956002
UBC_557,11,0.5173,0.0928,0.0,0.149,0.092,-29.92,37.18,0.1445439262895664,0.1-0.3,7.50975173235566,0.03419787011285798,0.03419787011285798
Alessi_8,10,0.5612,0.0928,0.0,0.126,0.149,-35.84,37.14,0.1174896729347291,0.1-0.3,6.939686881538463,0.12747962462459425,0.12747962462459425
UBC_210,11,0.5034,0.0931,0.0,-0.075,0.248,32.32,31.46,1.288248533293805,1-2,8.464828023078825,-0.015169486083284712,0.015169486083284712
FSR_1032,6,0.3729,0.0932,0.0,-0.133,0.283,37.69,32.96,,,8.528463002690572,0.009635473487750104,0.009635473487750104
Czernik_26,33,0.3458,0.0935,0.0311,-0.138,0.173,45.16,38.24,0.5248077829311784,0.5-1,8.171287846409843,0.014191024373471627,0.014191024373471627
IC_2602,60,0.3778,0.0937,0.0538,-0.083,0.175,3.65,22.05,0.0363078006932764,<0.1,8.552968221772575,-0.5515504336018971,0.5515504336018971
Danks_1,5,0.4308,0.0938,0.0,0.005,0.072,-33.17,11.51,,,8.031045037027845,0.020770306821159826,0.020770306821159826
UBC_289,6,0.3842,0.0941,0.0,-0.035,0.116,-9.72,15.77,0.1380385355838289,0.1-0.3,7.881171061266562,0.03422006850546429,0.03422006850546429
IC_2391,9,0.4024,0.0942,0.0,-0.047,0.12,22.07,16.72,0.0288403175645028,<0.1,10.39273223059499,-0.7514784867513907,0.7514784867513907
NGC_6250,8,0.533,0.0942,0.0,0.114,0.132,-33.84,4.76,0.0239883355113592,<0.1,7.197664146972901,-0.014963684895011636,0.014963684895011636
NGC_6178,19,0.5058,0.0942,0.0,0.082,0.112,-31.47,31.2,0.016595861056887,<0.1,7.111773681509075,0.04158047316342396,0.04158047316342396
UPK_4,5,0.4652,0.0942,0.0708,-0.003,0.055,-2.53,23.86,0.2754226042194985,0.1-0.3,6.92603990368344,-0.1835439863141048,0.1835439863141048
UBC_270,14,0.3886,0.0944,0.0,-0.033,0.127,0.42,21.95,0.1621810239813303,0.1-0.3,7.987703312303738,0.028958668325498888,0.028958668325498888
Muzzio_1,17,0.4038,0.0944,0.0577,-0.038,0.162,20.58,23.05,0.0077624687798841,<0.1,8.156611704805911,0.008423070449365095,0.008423070449365095
UBC_509,12,0.3635,0.0944,0.0,-0.115,0.151,-6.39,24.59,0.5888442760205689,0.5-1,8.030946292900396,0.014213730926614602,0.014213730926614602
NGC_6167,19,0.5001,0.0945,0.0,0.094,0.136,-29.43,34.48,0.1548815122441698,0.1-0.3,7.534191238319879,0.0030051162845682773,0.0030051162845682773
UBC_482,5,0.5589,0.0945,0.0,-0.02,0.077,40.28,12.86,0.0269153374005781,<0.1,8.171773056617827,0.005480800599459396,0.005480800599459396
NGC_2318,9,0.362,0.0947,0.0,-0.104,0.241,59.93,28.28,0.4365161773191,0.3-0.5,8.631914268674809,-0.034398303428016724,0.034398303428016724
NGC_6152,17,0.4567,0.0948,0.0,0.101,0.132,-50.88,25.69,0.2238723104986867,0.1-0.3,7.598689568507118,-0.013383058469389041,0.013383058469389041
NGC_5749,8,0.4823,0.095,0.0,-0.01,0.201,-20.38,21.12,0.0524807206714521,<0.1,7.469217891300027,0.08960443959433996,0.08960443959433996
BH_202,4,0.4984,0.0953,0.0,0.098,0.049,-28.83,27.74,0.3801893295314407,0.3-0.5,7.593276311395448,0.03481108371317278,0.03481108371317278
Trumpler_19,12,0.4234,0.0953,0.0,-0.058,0.185,-15.92,19.98,4.897783461428336,2-5,8.000658983997804,0.03933662196520639,0.03933662196520639
UBC_512,13,0.419,0.0954,0.0,0.007,0.156,-4.57,19.1,0.2951211041237279,0.1-0.3,8.052067997986713,0.01977303629267931,0.01977303629267931
Ruprecht_61,17,0.4472,0.0958,0.0,-0.177,0.144,51.77,23.7,,,8.203032955976518,0.031155351662360723,0.031155351662360723
ASCC_73,4,0.5046,0.0958,0.0,-0.169,0.384,23.2,59.84,0.3388439477987164,0.3-0.5,7.4431118479997425,-0.09689212523963968,0.09689212523963968
Ruprecht_1,27,0.3359,0.0958,0.0557,-0.187,0.238,45.99,37.55,0.2884031756450284,0.1-0.3,8.580840172129788,-0.08428159292831489,0.08428159292831489
NGC_2587,7,0.4244,0.0958,0.0,-0.205,0.257,61.5,33.47,0.3162277660168379,0.3-0.5,8.229722434868743,0.044107517225178416,0.044107517225178416
Ruprecht_83,4,0.4357,0.0959,0.0,-0.001,0.114,8.38,47.27,0.1122018947073786,0.1-0.3,8.092716163771664,0.018370834856632313,0.018370834856632313
NGC_3255,20,0.4529,0.0959,0.0,-0.03,0.199,14.98,33.31,0.2238723104986867,0.1-0.3,8.08958499534684,0.015204214171208316,0.015204214171208316
ESO_130_08,18,0.4238,0.096,0.0327,-0.071,0.176,-7.86,23.0,0.1778279410038923,0.1-0.3,7.812714349776171,0.05741860143549145,0.05741860143549145
BH_78,8,0.3894,0.096,0.0,0.047,0.221,16.82,17.48,0.3388439477987164,0.3-0.5,8.099421543717595,0.01389420366085602,0.01389420366085602
Ruprecht_54,35,0.3976,0.0961,0.0,-0.146,0.179,53.41,27.26,0.2754226042194985,0.1-0.3,8.189864753048372,0.02421486588669788,0.02421486588669788
UBC_239,26,0.3479,0.0962,0.0391,-0.133,0.211,53.56,26.06,0.2754226042194985,0.1-0.3,8.300739302279432,0.042481368602108285,0.042481368602108285
Danks_2,4,0.398,0.0962,0.0,-0.002,0.082,-32.17,13.04,,,8.047951154400591,0.020807477690379977,0.020807477690379977
NGC_3105,11,0.3832,0.0963,0.0162,-0.015,0.129,18.45,19.58,0.021877623926123,<0.1,8.10470590115623,0.02123411011496427,0.02123411011496427
UBC_216,19,0.3034,0.0965,0.0,-0.15,0.234,55.0,30.94,0.0616594947701844,<0.1,8.792719713893781,-0.04641671943675847,0.04641671943675847
DBSB_104,5,0.5322,0.0965,0.0,0.032,0.131,-36.86,45.25,0.0269153374005781,<0.1,7.297835519201152,-0.07413897342469049,0.07413897342469049
Stock_16,16,0.4569,0.0966,0.0,0.061,0.161,-21.42,37.19,,,7.99304197676814,0.020754924821314084,0.020754924821314084
UBC_646,28,0.3483,0.0967,0.0,-0.159,0.226,50.02,33.17,0.0229086835704537,<0.1,8.154365165253443,0.022130562813785427,0.022130562813785427
NGC_2527,9,0.3481,0.0967,0.0,-0.198,0.188,50.37,22.06,0.6918312139914402,0.5-1,8.856447313305324,0.07255166578325357,0.07255166578325357
Gulliver_1,20,0.3404,0.097,0.0219,-0.071,0.202,9.36,31.34,1.380385355838289,1-2,8.036145623425135,0.03068358862159933,0.03068358862159933
Haffner_9,12,0.2758,0.0973,0.0457,-0.15,0.209,57.04,24.5,0.3801893295314407,0.3-0.5,8.334606299345422,0.01788375892387253,0.01788375892387253
Ruprecht_78,20,0.4113,0.0977,0.0,-0.08,0.21,29.61,20.37,,,8.1129283085481,0.01758879653080001,0.01758879653080001
UBC_541,18,0.5057,0.0977,0.0,0.054,0.133,-13.24,26.04,0.021877623926123,<0.1,7.777665502741655,0.02571230987384328,0.02571230987384328
NGC_2632,15,0.3923,0.0977,0.0,-0.146,0.205,19.27,21.98,0.6760828566222641,0.5-1,12.343220166884585,2.905965971648587,2.905965971648587
Teutsch_44,18,0.4472,0.0978,0.0,-0.096,0.19,19.37,28.42,2.5703948796691973,2-5,8.101469869574668,0.0246919255420911,0.0246919255420911
Stock_14,11,0.463,0.0978,0.0,-0.014,0.161,-14.34,17.24,0.0363078006932764,<0.1,7.965621399565513,0.01577714074518415,0.01577714074518415
UBC_652,7,0.4595,0.0978,0.0,-0.042,0.167,6.7,23.44,0.01,<0.1,8.030579782337982,0.046285134552460236,0.046285134552460236
LP_930,6,0.4082,0.0979,0.0,-0.06,0.251,14.79,17.63,2.290865841769215,2-5,8.446984102653285,0.01593287498774359,0.01593287498774359
UBC_250,31,0.3887,0.0982,0.0,-0.127,0.195,21.15,24.6,0.3311314705081584,0.3-0.5,8.127853924323158,-0.26439263703972166,0.26439263703972166
Alessi_59,6,0.3932,0.0984,0.0366,-0.21,0.173,42.11,43.45,,,8.317163492788827,0.02603351237012618,0.02603351237012618
Ruprecht_121,20,0.5541,0.0985,0.036,0.142,0.105,-38.42,27.11,0.1778279410038923,0.1-0.3,7.693324722681464,0.020457131615836528,0.020457131615836528
UBC_344,16,0.5086,0.0985,0.0,0.081,0.164,6.49,34.21,0.0034673681999632,<0.1,7.681303126582394,0.03432361153674465,0.03432361153674465
UBC_562,12,0.4306,0.0987,0.0,-0.005,0.166,-12.36,28.65,0.0117489801933541,<0.1,7.724752507139512,0.00412006757486837,0.00412006757486837
NGC_2670,9,0.4191,0.0988,0.0,-0.12,0.122,28.34,18.74,0.102329353157667,0.1-0.3,8.175837691915653,-0.01997915329560244,0.01997915329560244
NGC_2548,19,0.4041,0.0988,0.0367,-0.109,0.197,37.54,30.74,0.3890452816839944,0.3-0.5,9.00248212695831,0.365021953714653,0.365021953714653
LP_2094,7,0.4795,0.099,0.0,-0.021,0.182,-0.54,16.43,0.1479108648008083,0.1-0.3,7.908273102899573,0.01848416837523741,0.01848416837523741
ESO_211_03,18,0.3852,0.099,0.0369,-0.054,0.162,19.78,22.39,1.288248533293805,1-2,8.125653285403454,0.01035198803780087,0.01035198803780087
UBC_554,8,0.482,0.0994,0.0741,-0.031,0.203,-30.77,31.78,0.0602559877171915,<0.1,7.614740183801021,0.017393422831157985,0.017393422831157985
UBC_285,19,0.3459,0.0994,0.0,-0.082,0.208,-10.38,26.58,0.0616594947701844,<0.1,7.857923160902611,-0.007313854603229874,0.007313854603229874
UPK_12,29,0.3832,0.0998,0.0483,-0.179,0.192,7.33,41.37,0.1995263191254866,0.1-0.3,6.698691237538259,-0.379307153175789,0.379307153175789
Patchick_90,58,0.3516,0.0999,0.0,-0.123,0.195,39.53,34.31,1.096478099832217,1-2,8.228316060191462,0.01725341354971785,0.01725341354971785
NGC_6087,25,0.4194,0.1,0.0,-0.081,0.238,-47.58,42.49,0.1,<0.1,7.279681214060946,-0.07817097728446197,0.07817097728446197
UBC_281,18,0.4118,0.1002,0.0,-0.016,0.176,-10.78,30.32,0.0346736819996329,<0.1,7.965060420264762,0.0048314780938035935,0.0048314780938035935
UBC_276,13,0.4356,0.1003,0.0,0.012,0.196,-2.92,16.61,0.9120109194638908,0.5-1,8.050884827210956,0.022562734317918918,0.022562734317918918
Trumpler_16,6,0.4105,0.1003,0.0,-0.016,0.148,6.98,18.91,0.0134896323805684,<0.1,8.012961322980669,0.016112271814903257,0.016112271814903257
ESO_313_03,4,0.463,0.1004,0.0418,0.003,0.025,37.69,32.81,,,8.15068079579944,0.017141037512750475,0.017141037512750475
UBC_644,24,0.3839,0.1005,0.0,-0.145,0.141,53.5,28.54,0.2238723104986867,0.1-0.3,8.186483880036665,0.01954500510438373,0.01954500510438373
NGC_4052,6,0.4262,0.1006,0.0,0.012,0.171,1.13,16.47,0.3311314705081584,0.3-0.5,7.978641769728084,0.01537293806712341,0.01537293806712341
NGC_2567,35,0.3714,0.1007,0.0037,-0.211,0.214,66.08,34.96,0.3162277660168379,0.3-0.5,8.32437262001272,0.04940134302463865,0.04940134302463865
Teutsch_106,15,0.4307,0.1008,0.0,-0.041,0.111,1.75,27.39,3.0199485372543653,2-5,8.089703557566013,0.02121091592509743,0.02121091592509743
NGC_3324,27,0.3832,0.101,0.0691,-0.034,0.161,5.66,25.98,0.0107151982289039,<0.1,8.029824069811976,0.019530610103880564,0.019530610103880564
NGC_6231,11,0.4832,0.1012,0.0,0.026,0.207,-16.63,29.94,0.0138038384023379,<0.1,7.559246825825821,0.03159070984354871,0.03159070984354871
UPK_552,20,0.3697,0.1012,0.0,-0.104,0.182,26.31,30.65,0.1174896729347291,0.1-0.3,8.151975964602471,0.5198139712513833,0.5198139712513833
Platais_9,22,0.325,0.1013,0.0668,-0.12,0.199,27.91,20.8,0.0501187013514281,<0.1,9.98731012699731,0.374686767636727,0.374686767636727
NGC_4337,20,0.3971,0.1015,0.0,-0.006,0.188,-10.81,28.58,1.4454392628956645,1-2,7.95371213850184,0.04870252241715921,0.04870252241715921
NGC_2262,10,0.3015,0.1015,0.0684,-0.179,0.163,44.79,27.89,0.645654852868111,0.5-1,8.314655952226724,0.013099025449854312,0.013099025449854312
FSR_1253,25,0.389,0.1017,0.0648,-0.165,0.16,46.87,30.71,0.2951211041237279,0.1-0.3,8.25735553684215,0.017545664274220368,0.017545664274220368
Ruprecht_45,13,0.3628,0.1017,0.0,-0.223,0.144,55.48,36.8,3.1622776601683795,2-5,8.231852802379107,0.044565083523569485,0.044565083523569485
Gulliver_9,9,0.3268,0.1018,0.032,-0.179,0.25,29.12,15.56,0.0177827941003892,<0.1,8.523876319391324,-0.1665754838683184,0.1665754838683184
Ruprecht_60,13,0.3588,0.1023,0.0,-0.085,0.172,32.38,26.03,0.9772367059324804,0.5-1,8.143147300873164,0.0029958460469090113,0.0029958460469090113
NGC_6444,4,0.3818,0.1023,0.0419,0.025,0.281,3.93,24.7,0.1778279410038923,0.1-0.3,7.600993273878174,-0.014946940181641121,0.014946940181641121
BH_90,5,0.3852,0.1024,0.0726,-0.049,0.255,12.71,25.36,0.1258926517592568,0.1-0.3,8.04617152113031,0.01124090853544409,0.01124090853544409
Ruprecht_145,16,0.3236,0.1027,0.0693,-0.07,0.174,-25.97,33.84,0.8128302305789092,0.5-1,6.5711357103367645,-0.2137775315946425,0.2137775315946425
UBC_620,9,0.473,0.1027,0.0,-0.082,0.157,41.2,26.98,0.0501187013514281,<0.1,8.706201769302584,-0.01502826822533292,0.01502826822533292
UBC_280,17,0.4545,0.1028,0.0673,0.041,0.193,2.01,19.45,0.0512861429039393,<0.1,7.954738747612781,0.01641979013449123,0.01641979013449123
NGC_6705,18,0.5446,0.1028,0.0,0.046,0.16,2.16,34.14,0.3090293803866819,0.3-0.5,7.745513403016754,-0.0008246145727128645,0.0008246145727128645
LP_866,14,0.4851,0.1028,0.0,0.065,0.137,-14.9,36.49,1.9054595463785964,1-2,7.738742394386034,0.0033990047753505483,0.0033990047753505483
FSR_0985,9,0.2408,0.1029,0.0458,-0.177,0.176,35.62,44.91,0.2570394879669198,0.1-0.3,8.549834213339098,-0.022571603721536587,0.022571603721536587
NGC_2849,10,0.3308,0.1029,0.062,-0.151,0.269,41.39,28.11,1.047129651766654,1-2,8.134776268697832,0.03656452462795769,0.03656452462795769
UBC_531,4,0.4691,0.103,0.0502,0.025,0.192,-30.4,39.72,0.0812830230578909,<0.1,7.895601214619899,0.011320359413336745,0.011320359413336745
UBC_526,15,0.4496,0.1031,0.0,0.093,0.167,-22.33,29.86,0.018197018176288,<0.1,7.864366169317227,0.021562212692248995,0.021562212692248995
UBC_506,17,0.4999,0.1032,0.0,-0.041,0.207,9.34,16.84,0.2691536695250797,0.1-0.3,8.035495675399138,0.004050774925316875,0.004050774925316875
Teutsch_31,12,0.4836,0.1032,0.0,-0.017,0.125,17.05,25.87,1.6595879278457617,1-2,8.077439073105074,0.02071872574778139,0.02071872574778139
UBC_515,14,0.4365,0.1033,0.0,-0.044,0.207,-9.1,15.81,0.008128302305789,<0.1,8.01699611537143,0.017432014622768974,0.017432014622768974
UBC_517,26,0.4579,0.1035,0.0,-0.005,0.165,-15.3,21.58,0.0223872064696397,<0.1,7.943281861279074,0.011513580551727704,0.011513580551727704
Collinder_271,31,0.4206,0.1039,0.0,0.024,0.159,-18.82,29.26,0.0616594947701844,<0.1,7.914193778655958,0.010166116178127117,0.010166116178127117
UBC_261,26,0.4498,0.104,0.0727,0.019,0.113,-0.02,17.64,0.0186208705488312,<0.1,8.059074934092484,0.01379702059978934,0.01379702059978934
UBC_315,13,0.4523,0.104,0.0,0.134,0.119,-37.56,22.3,0.3715349680219835,0.3-0.5,7.732680894800753,0.026686718428180534,0.026686718428180534
UBC_272,8,0.4236,0.1042,0.0286,-0.078,0.191,0.04,30.81,0.0933253849940474,<0.1,7.98382158995404,0.009389206714899612,0.009389206714899612
UBC_474,18,0.4681,0.1042,0.0,-0.024,0.178,53.11,25.91,0.7413100459583173,0.5-1,8.17335221138503,0.025660321314091756,0.025660321314091756
NGC_1817,51,0.3619,0.1043,0.0417,-0.156,0.174,32.42,38.12,1.1220189470737862,1-2,8.656159395390894,-0.10208093138860877,0.10208093138860877
UBC_442,16,0.2898,0.1045,0.0084,-0.112,0.244,41.11,29.48,1.4454392628956645,1-2,8.279298542906567,0.007227146356186161,0.007227146356186161
UBC_82,9,0.4652,0.1045,0.0,-0.21,0.214,48.66,19.13,0.2754226042194985,0.1-0.3,8.515502055582193,0.004564365265412651,0.004564365265412651
Ruprecht_111,11,0.4951,0.1046,0.0464,0.07,0.152,-27.3,24.7,0.9120109194638908,0.5-1,7.659695777094988,0.02287788275386084,0.02287788275386084
NGC_2215,5,0.4151,0.1048,0.0,-0.293,0.097,79.41,39.13,0.6918312139914402,0.5-1,8.955274832893016,-0.15624270728513343,0.15624270728513343
UBC_206,6,0.2414,0.1049,0.0589,-0.222,0.21,22.66,14.29,0.1862089099377868,0.1-0.3,8.580607775036588,-0.04813345191933925,0.04813345191933925
UBC_662,22,0.3782,0.1053,0.0,-0.003,0.172,-1.13,26.49,0.0436515698042876,<0.1,8.036120822007348,0.02272261487355479,0.02272261487355479
NGC_2225,13,0.3333,0.1054,0.0298,-0.149,0.17,35.71,31.19,1.380385355838289,1-2,8.346734732637703,-0.028294045429180657,0.028294045429180657
UBC_294,21,0.491,0.1056,0.0,-0.023,0.208,-23.54,33.33,0.794327537013272,0.5-1,7.749864894838158,0.06569725466987465,0.06569725466987465
NGC_2251,5,0.259,0.1058,0.067,-0.23,0.179,41.35,9.18,0.2754226042194985,0.1-0.3,8.728853154423627,0.023617763131389715,0.023617763131389715
Lynga_6,5,0.4138,0.1059,0.0,0.124,0.104,-2.96,34.27,0.0030902938038668,<0.1,7.791419660520741,0.021971427398167643,0.021971427398167643
UBC_653,17,0.3847,0.1059,0.0748,-0.087,0.193,8.78,19.11,0.0309029380386681,<0.1,8.019992486898653,0.018457357696157934,0.018457357696157934
Gulliver_40,15,0.4524,0.106,0.0,-0.013,0.187,4.9,26.41,0.0416869273621118,<0.1,7.961193755855725,0.030078364063766395,0.030078364063766395
UBC_523,15,0.5032,0.1062,0.0,-0.046,0.208,-12.78,23.92,0.1659587927845761,0.1-0.3,7.959815060989037,0.0022651520332116933,0.0022651520332116933
UBC_32,15,0.3534,0.1062,0.0,-0.001,0.156,10.83,47.56,0.1380385355838289,0.1-0.3,4.890698469098302,-0.19320026822811523,0.19320026822811523
LP_198,22,0.3816,0.1063,0.052,-0.188,0.178,50.61,22.8,0.2570394879669198,0.1-0.3,8.284701946998501,0.015046708163124974,0.015046708163124974
UBC_505,15,0.4717,0.1064,0.0519,-0.041,0.143,4.26,15.38,0.602559215586761,0.5-1,8.03747334499218,0.015013566275817281,0.015013566275817281
UBC_640,21,0.3821,0.1065,0.0,-0.153,0.156,53.89,19.89,0.0870963704709874,<0.1,8.200241627996714,0.025872734129618175,0.025872734129618175
UBC_262,24,0.4549,0.1065,0.0834,-0.031,0.187,5.75,22.43,0.1819701817628807,0.1-0.3,8.0450308772356,0.013619952654583978,0.013619952654583978
FSR_1663,17,0.4657,0.1066,0.0,0.013,0.183,-20.45,25.71,1.288248533293805,1-2,7.954694040968794,0.03015435712223694,0.03015435712223694
NGC_6025,19,0.4558,0.1066,0.0,-0.02,0.302,-18.78,59.42,0.1047129651766653,0.1-0.3,7.131852229402201,-0.11159396405575754,0.11159396405575754
NGC_6755,17,0.5201,0.1067,0.0,0.061,0.147,0.54,34.21,0.1445439262895664,0.1-0.3,7.831596367051373,0.008917365936253386,0.008917365936253386
UPK_542,9,0.399,0.1068,0.0,-0.15,0.206,19.45,23.39,0.6309576215861531,0.5-1,8.149491121118864,-0.0988660691443403,0.0988660691443403
BH_111,29,0.4242,0.1069,0.0,0.003,0.181,2.14,22.21,0.1949844428490234,0.1-0.3,8.001629007393397,0.0017826618208036556,0.0017826618208036556
UBC_473,23,0.3864,0.1069,0.0,-0.179,0.112,57.87,28.62,0.7413100459583173,0.5-1,8.17569608248755,0.019585470555091532,0.019585470555091532
UPK_614,19,0.4615,0.107,0.0,0.047,0.169,-25.27,39.86,0.1,<0.1,7.258558350601691,0.0644821816131216,0.0644821816131216
NGC_3603,6,0.5802,0.107,0.0418,-0.022,0.131,-6.93,24.59,,,8.094277706088011,0.020040382219808084,0.020040382219808084
UBC_350,9,0.3155,0.1072,0.0,-0.106,0.268,9.21,34.57,0.2344228197592381,0.1-0.3,7.624160516428504,-0.03294635803353388,0.03294635803353388
UBC_263,17,0.4134,0.1075,0.0276,-0.038,0.139,6.89,27.43,0.0251188698309886,<0.1,8.010423252114263,0.016622783952418774,0.016622783952418774
UBC_572,25,0.4475,0.1076,0.0593,-0.026,0.215,-14.0,28.21,1.9054595463785964,1-2,7.496839500526036,-0.06836534343580945,0.06836534343580945
Alessi_Teutsch_8,9,0.3934,0.1079,0.0403,0.09,0.117,-7.62,15.12,0.1174896729347291,0.1-0.3,7.73065002185597,0.04289663969323089,0.04289663969323089
UBC_645,27,0.3114,0.1081,0.0,-0.177,0.229,54.82,29.13,0.9332548746146908,0.5-1,8.17462196861727,0.022787360653132697,0.022787360653132697
UBC_657,16,0.4609,0.1082,0.0,-0.031,0.151,3.93,15.93,,,8.069368737863009,0.015283996852459712,0.015283996852459712
Collinder_338,20,0.4988,0.1083,0.0,0.084,0.114,-22.12,31.3,0.1445439262895664,0.1-0.3,6.6229697115399295,-0.06890337928836059,0.06890337928836059
ASCC_77,16,0.4346,0.1084,0.0514,0.023,0.173,-20.02,23.51,0.0812830230578909,<0.1,7.584534047651017,0.006660446809850579,0.006660446809850579
NGC_3590,20,0.4314,0.1085,0.0583,-0.089,0.203,-0.47,19.94,0.0263026845396328,<0.1,7.998445111322101,0.019350539247787558,0.019350539247787558
Collinder_359,5,0.4439,0.1085,0.0751,-0.049,0.302,3.15,35.51,0.0371535375952047,<0.1,6.671858515376535,0.40027941694212277,0.40027941694212277
UPK_562,4,0.3569,0.1086,0.0944,-0.194,0.22,26.89,17.18,0.097723670593248,<0.1,7.822835963044055,0.07956362794773526,0.07956362794773526
UBC_232,39,0.3592,0.1087,0.0577,-0.201,0.186,65.12,28.64,0.3801893295314407,0.3-0.5,8.262280819803504,0.036572491232959664,0.036572491232959664
Hogg_10,28,0.3965,0.1092,0.0642,-0.063,0.199,-1.66,21.47,,,7.9943821285832914,0.021041630088785002,0.021041630088785002
Collinder_269,15,0.3418,0.1092,0.0,-0.083,0.248,-17.79,27.26,0.4168692736211187,0.3-0.5,7.800581361873641,-0.01512449016463525,0.01512449016463525
ESO_130_13,6,0.1908,0.1092,0.0,-0.214,0.345,-7.01,40.37,0.0338844319835388,<0.1,7.9400614941782965,0.04072665446588895,0.04072665446588895
NGC_3960,25,0.4356,0.1093,0.0,-0.083,0.236,-0.21,25.0,0.8709627484287175,0.5-1,7.965998312015198,0.06342623146222083,0.06342623146222083
UBC_546,31,0.403,0.1093,0.0585,0.063,0.165,-20.37,29.87,0.3388439477987164,0.3-0.5,7.6637957006100335,-0.006968082058225449,0.006968082058225449
NGC_2671,17,0.2763,0.1093,0.0499,-0.084,0.204,33.48,22.2,0.3311314705081584,0.3-0.5,8.243824146296888,0.03046480125813585,0.03046480125813585
Ruprecht_144,7,0.481,0.1096,0.0,0.081,0.092,2.68,31.58,0.0301995185303324,<0.1,7.605729965546928,0.006676157280502516,0.006676157280502516
UPK_567,18,0.3892,0.1096,0.0,-0.08,0.273,7.42,24.72,0.3388439477987164,0.3-0.5,7.703583118663449,-0.1840522429037106,0.1840522429037106
NGC_2506,31,0.3251,0.11,0.0409,-0.205,0.203,51.33,45.64,1.6595879278457617,1-2,8.30749365027006,0.07166194530012789,0.07166194530012789
UBC_282,19,0.3837,0.11,0.0218,0.003,0.152,-15.69,21.07,0.1258926517592568,0.1-0.3,7.99203583119479,0.029607600498644835,0.029607600498644835
Loden_46,25,0.4196,0.1102,0.0522,-0.086,0.214,12.72,19.98,0.8317639172213713,0.5-1,7.977535410721911,0.05461220833294368,0.05461220833294368
UBC_475,30,0.319,0.1103,0.0,-0.167,0.22,52.41,28.69,0.0398107083132505,<0.1,8.284550908081846,0.026431312517171558,0.026431312517171558
UBC_649,26,0.3822,0.1106,0.0,-0.213,0.184,36.84,36.11,,,8.165392007841602,0.13594734349934293,0.13594734349934293
Trumpler_26,37,0.4969,0.1106,0.0646,0.054,0.159,-14.31,30.59,0.2511884225153641,0.1-0.3,7.500295649420056,0.05024361840193521,0.05024361840193521
BH_99,19,0.3952,0.1107,0.0739,-0.06,0.148,8.86,17.86,0.0954992627963111,<0.1,7.78469271419649,-0.0038025180699226384,0.0038025180699226384
UBC_494,9,0.3983,0.1108,0.0499,0.028,0.167,23.4,20.1,0.6918312139914402,0.5-1,8.090383585718497,0.005178977698873339,0.005178977698873339
Juchert_10,16,0.4778,0.1109,0.055,0.103,0.13,-17.04,24.03,,,8.04536798351026,0.02006251021323038,0.02006251021323038
BH_118,19,0.4248,0.1109,0.0,-0.037,0.255,2.25,23.98,1.9054595463785964,1-2,8.098279761770979,0.023421488870544637,0.023421488870544637
FSR_1402,34,0.3118,0.1109,0.0724,-0.163,0.216,51.93,41.01,3.0199485372543653,2-5,8.152606495281576,0.04194883703826742,0.04194883703826742
UBC_483,18,0.4569,0.111,0.0944,-0.027,0.155,27.4,20.34,,,8.16205990318807,0.006974681699984515,0.006974681699984515
NGC_3572,27,0.3924,0.1111,0.0702,-0.067,0.206,-1.06,21.38,0.0047862990313698,<0.1,7.996540504558497,0.02156284513953329,0.02156284513953329
UPK_585,77,0.403,0.1112,0.0,-0.141,0.237,2.82,34.62,0.0776246877988414,<0.1,7.372959678277119,-0.31160942681388315,0.31160942681388315
Berkeley_24,6,0.349,0.1112,0.0712,-0.245,0.168,18.04,36.75,1.4125363038976315,1-2,8.254246669013463,0.011801183857396196,0.011801183857396196
Ruprecht_164,15,0.4442,0.1115,0.0,0.018,0.208,5.62,28.73,1.698241862446276,1-2,8.047528475886859,0.022569051859286,0.022569051859286
Teutsch_66,18,0.4134,0.1116,0.0,-0.044,0.128,15.09,20.45,0.2951211041237279,0.1-0.3,8.106636444350782,0.019169226070636373,0.019169226070636373
UBC_299,16,0.4816,0.1116,0.0,0.115,0.127,-24.87,29.31,0.2951211041237279,0.1-0.3,7.900779003913856,0.010062400861573232,0.010062400861573232
Gulliver_32,9,0.4268,0.1118,0.0,-0.121,0.108,30.75,42.16,1.288248533293805,1-2,8.651333746541017,0.01664837028631749,0.01664837028631749
UBC_668,10,0.4727,0.1118,0.0,0.093,0.083,-17.25,25.55,0.512861429039393,0.5-1,7.839463967027824,0.013392000750824824,0.013392000750824824
NGC_5823,3,0.6103,0.112,0.0,-0.065,0.188,-36.09,44.19,0.0794328409152129,<0.1,7.723641216856566,0.04211469377383635,0.04211469377383635
Haffner_21,7,0.3795,0.1124,0.0,-0.075,0.164,29.43,20.79,0.2691536695250797,0.1-0.3,8.247527097567843,0.02927533274676074,0.02927533274676074
UBC_561,16,0.4281,0.1124,0.0517,0.042,0.171,-23.41,24.64,0.2691536695250797,0.1-0.3,7.531056562975261,0.00906006595878513,0.00906006595878513
Ruprecht_96,26,0.3829,0.1124,0.0812,-0.025,0.227,-5.69,21.69,0.0467735223455781,<0.1,8.007727913468585,0.020022959783956743,0.020022959783956743
Gulliver_14,5,0.3993,0.1129,0.0,0.097,0.096,-24.91,40.05,0.602559215586761,0.5-1,7.388311069486624,0.022399518317843526,0.022399518317843526
Ruprecht_44,24,0.3921,0.1129,0.0,-0.103,0.177,58.81,23.14,0.0144543926289566,<0.1,8.185637602820943,0.022265350226308368,0.022265350226308368
Ruprecht_108,24,0.4916,0.113,0.0,0.01,0.179,-25.53,27.3,0.0831763917221371,<0.1,7.557642230512782,0.0864782778397843,0.0864782778397843
NGC_4463,5,0.4496,0.113,0.0,0.0,0.111,-19.06,19.68,0.0288403175645028,<0.1,7.8685322486302995,0.0016423360937224858,0.0016423360937224858
UPK_46,24,0.3276,0.1135,0.0779,-0.106,0.227,-7.58,32.65,0.1548815122441698,0.1-0.3,7.027625420570108,-0.26660818220246923,0.26660818220246923
UBC_548,21,0.543,0.1138,0.0681,0.13,0.106,-36.37,27.68,0.4168692736211187,0.3-0.5,7.744156179682304,0.02103462118910031,0.02103462118910031
Basel_17,12,0.2128,0.1139,0.0,-0.05,0.185,-3.96,30.37,0.1047129651766653,0.1-0.3,7.980794319965743,0.030531888043176542,0.030531888043176542
Collinder_140,28,0.3963,0.1141,0.0472,-0.2,0.167,55.8,25.06,0.0269153374005781,<0.1,9.50089345287047,-0.3292809354420769,0.3292809354420769
FSR_1452,20,0.4411,0.1141,0.0816,-0.069,0.14,27.45,17.79,0.2344228197592381,0.1-0.3,8.145353318737577,0.007982042762634162,0.007982042762634162
UBC_212,59,0.3767,0.1142,0.0464,-0.106,0.188,37.35,33.78,1.0715186464071411,1-2,8.405199172090686,0.009260761843613668,0.009260761843613668
NGC_6469,18,0.3857,0.1143,0.0815,-0.006,0.105,-7.01,39.97,0.069183121399144,<0.1,7.5394081912287385,0.039437013463659715,0.039437013463659715
SAI_109,8,0.2679,0.1143,0.0256,-0.044,0.169,9.88,22.11,1.047129651766654,1-2,8.113572180722507,0.023684516565796444,0.023684516565796444
NGC_3033,12,0.3731,0.1144,0.0,0.051,0.265,26.58,21.94,0.6760828566222641,0.5-1,8.050561168605146,0.0013613739784708763,0.0013613739784708763
Gulliver_36,8,0.4206,0.1144,0.0,-0.111,0.202,43.01,21.38,0.7413100459583173,0.5-1,8.364682909103655,0.014549246492230012,0.014549246492230012
UBC_502,12,0.4253,0.1151,0.0836,-0.051,0.127,7.46,19.2,0.3981075202376551,0.3-0.5,7.982646021592796,0.011819540672204882,0.011819540672204882
UBC_669,9,0.4777,0.1152,0.0234,0.098,0.108,-26.9,22.41,0.2951211041237279,0.1-0.3,7.7741612003829115,0.01368249412153762,0.01368249412153762
Gulliver_41,18,0.4428,0.1152,0.0653,0.009,0.138,-12.61,43.66,,,7.961075678134739,0.016924313435721632,0.016924313435721632
NGC_5316,23,0.3867,0.1155,0.0394,0.007,0.172,-12.03,20.83,0.1659587927845761,0.1-0.3,7.709131797381409,0.020826220673296553,0.020826220673296553
Lynga_9,21,0.444,0.1155,0.0538,0.15,0.097,-34.93,27.67,0.6309576215861531,0.5-1,7.7993853700017945,0.026701423084879734,0.026701423084879734
Ruprecht_79,12,0.3755,0.1158,0.0,-0.05,0.176,19.77,29.13,0.0616594947701844,<0.1,8.097631128079351,0.017606110204899997,0.017606110204899997
UBC_508,25,0.4165,0.116,0.0448,-0.068,0.256,-2.37,23.14,1.2022642234116694,1-2,8.077594688516603,0.01896115221489036,0.01896115221489036
Trumpler_18,21,0.4405,0.1161,0.0725,-0.065,0.205,-0.84,20.74,0.0478629903136986,<0.1,7.920187569603856,0.018787362615893134,0.018787362615893134
Trumpler_7,13,0.4216,0.1162,0.0,-0.169,0.151,41.65,35.57,0.0660693709156595,<0.1,8.426493440311836,-0.010588531793935995,0.010588531793935995
LP_1994,18,0.4418,0.1162,0.0787,-0.086,0.337,-9.0,33.95,0.7244353873869618,0.5-1,7.86908708373398,0.061710887795455374,0.061710887795455374
ASCC_29,28,0.3783,0.1163,0.0666,-0.152,0.215,34.65,28.0,0.0933253849940474,<0.1,8.913927789902427,0.02066873363854465,0.02066873363854465
Graham_1,12,0.4351,0.1163,0.0779,-0.086,0.186,6.5,13.32,0.0154881682297679,<0.1,8.04899489327711,0.009216430483905098,0.009216430483905098
UPK_40,36,0.4276,0.1164,0.0,0.001,0.219,8.93,38.34,0.5370312303176601,0.5-1,6.891585869207863,-0.29385879133130716,0.29385879133130716
UBC_500,16,0.4049,0.1166,0.0825,-0.114,0.232,4.99,26.12,0.2511884225153641,0.1-0.3,8.024788148068193,0.040707036682705075,0.040707036682705075
UPK_607,8,0.4132,0.1166,0.0,-0.105,0.251,-7.67,37.15,0.0154881682297679,<0.1,7.3529649904250665,0.04548130654080486,0.04548130654080486
Trumpler_21,9,0.357,0.1167,0.0,0.055,0.188,-15.04,22.85,0.0489778883899246,<0.1,7.702937043242616,0.016088248361634822,0.016088248361634822
Gulliver_34,13,0.214,0.117,0.0,-0.076,0.2,-3.65,29.1,,,8.04714453316388,0.02540882567036565,0.02540882567036565
UPK_604,7,0.4792,0.117,0.0332,0.128,0.183,-24.51,17.25,0.0426579631209555,<0.1,7.201739744189166,0.002939266850490691,0.002939266850490691
UPK_31,15,0.457,0.1172,0.0566,-0.037,0.214,36.24,30.76,0.5011870135142811,0.5-1,6.555447502186943,-0.19182452545228876,0.19182452545228876
Dias_6,16,0.4287,0.1172,0.0664,-0.01,0.134,-12.29,44.8,1.096478099832217,1-2,7.810984111854875,0.014067847557800234,0.014067847557800234
NGC_2186,9,0.3661,0.1175,0.0,-0.068,0.168,23.26,23.67,0.2511884225153641,0.1-0.3,8.500060418834014,-0.02279983503425317,0.02279983503425317
Saurer_2,5,0.2293,0.1175,0.0,-0.107,0.095,53.82,24.32,1.621810239813303,1-2,8.145335716031289,0.018945392082732503,0.018945392082732503
UBC_492,22,0.3883,0.1176,0.0748,-0.062,0.173,25.19,23.0,0.0588843629494562,<0.1,8.084486432757988,0.03953945090906967,0.03953945090906967
Ruprecht_107,12,0.5041,0.1177,0.0642,-0.009,0.176,-19.54,26.45,0.2041739917404129,0.1-0.3,7.985351694667677,0.011193596340748336,0.011193596340748336
Gulliver_13,11,0.3695,0.1178,0.0,-0.062,0.184,55.55,29.83,1.0,0.5-1,8.565722575962917,-0.024180195675990192,0.024180195675990192
Ruprecht_143,23,0.4873,0.1179,0.079,0.096,0.128,-1.72,33.68,0.3981075202376551,0.3-0.5,7.819350812725484,0.011985838491918671,0.011985838491918671
Pismis_17,12,0.4826,0.1179,0.0,-0.06,0.111,3.02,35.37,,,8.006995873304597,0.021183331012735136,0.021183331012735136
NGC_4852,28,0.4428,0.1181,0.0349,-0.01,0.133,-16.91,25.46,0.0776246877988414,<0.1,7.726684441365216,0.06230295451404934,0.06230295451404934
Trumpler_13,28,0.4363,0.1183,0.0352,-0.088,0.199,13.85,31.32,0.1819701817628807,0.1-0.3,8.073512934841412,0.012890072192666514,0.012890072192666514
ESO_559_13,8,0.3263,0.1186,0.0666,-0.244,0.131,51.36,21.74,0.6165949477018448,0.5-1,8.354455784874204,0.010460703902206245,0.010460703902206245
UBC_661,4,0.315,0.1186,0.0765,-0.026,0.05,-7.43,19.66,,,7.978131116283439,0.01661741093229498,0.01661741093229498
BH_19,6,0.4844,0.1187,0.0686,-0.189,0.181,46.03,24.59,0.3090293803866819,0.3-0.5,8.189269635172018,0.02089219250666244,0.02089219250666244
ASCC_58,14,0.3803,0.1192,0.0,-0.039,0.18,-2.42,19.13,0.0524807206714521,<0.1,7.964841038540467,0.06513759186808772,0.06513759186808772
NGC_2204,54,0.3228,0.1193,0.0757,-0.269,0.196,57.2,33.72,2.089294662720361,2-5,8.262823829835893,-0.036848844572576644,0.036848844572576644
UBC_452,4,0.551,0.1195,0.063,-0.028,0.263,70.04,20.27,1.0,0.5-1,8.27707084373355,0.013846047252726906,0.013846047252726906
Trumpler_11,8,0.3845,0.1197,0.0,-0.099,0.189,20.01,21.62,0.0275422906622152,<0.1,8.063865291155594,-0.00040971723710029814,0.00040971723710029814
Gulliver_35,21,0.4586,0.1197,0.0788,0.005,0.124,15.32,13.66,0.1548815122441698,0.1-0.3,8.047173847489812,0.003722857910077388,0.003722857910077388
UBC_95,16,0.3811,0.1197,0.088,-0.028,0.113,-9.88,29.97,0.3981075202376551,0.3-0.5,7.633775650977719,0.03715381123755346,0.03715381123755346
Collinder_74,31,0.4067,0.1202,0.0,-0.148,0.17,30.9,24.45,1.9054595463785964,1-2,8.475465819355332,-0.046578431561966324,0.046578431561966324
NGC_6281,23,0.4617,0.1204,0.0828,0.079,0.122,-25.81,24.86,0.512861429039393,0.5-1,6.304960128655196,0.08114882872286829,0.08114882872286829
Pismis_19,10,0.3962,0.1204,0.089,-0.008,0.197,-21.83,18.78,0.8317639172213713,0.5-1,7.944650684929086,0.018975613417434246,0.018975613417434246
Mayer_3,6,0.3885,0.1205,0.0899,-0.247,0.147,50.15,14.24,,,8.247219526559759,0.020393849234304148,0.020393849234304148
Melotte_105,20,0.4083,0.1205,0.0,0.0,0.188,1.92,23.07,0.3019948537254365,0.3-0.5,7.972571791778245,0.003243241236240913,0.003243241236240913
UBC_313,41,0.4457,0.1206,0.0557,0.052,0.16,-31.15,28.73,0.0602559877171915,<0.1,7.857074249054989,0.010856226269512315,0.010856226269512315
UBC_659,19,0.4349,0.1208,0.0817,-0.058,0.189,-6.33,23.79,0.0275422906622152,<0.1,7.99943778177217,0.018790556594598624,0.018790556594598624
UBC_524,9,0.3814,0.1212,0.0,-0.082,0.269,-15.31,26.31,0.8317639172213713,0.5-1,7.980477547860866,0.029167965975851824,0.029167965975851824
Berkeley_75,27,0.4127,0.1216,0.0363,-0.206,0.25,69.35,25.51,1.698241862446276,1-2,8.172682977227899,0.0038499770960122755,0.0038499770960122755
UBC_314,21,0.5138,0.1219,0.0,0.09,0.122,-18.92,28.08,3.090293803866819,2-5,7.59696784093569,0.027056103684501526,0.027056103684501526
UBC_355,12,0.4305,0.1219,0.0897,-0.049,0.144,-7.28,21.41,0.0245470816103821,<0.1,7.73111424363018,0.012647530882093763,0.012647530882093763
UBC_545,6,0.3699,0.1222,0.0704,0.081,0.105,-17.21,48.68,0.0354813545061708,<0.1,7.820306881097084,0.015569333163974661,0.015569333163974661
Teutsch_143a,17,0.4458,0.1223,0.0798,-0.036,0.166,-4.79,24.23,1.096478099832217,1-2,8.047224312160496,0.01930712666400815,0.01930712666400815
Melotte_22,17,0.424,0.1223,0.0,-0.171,0.161,-8.09,34.49,0.0776246877988414,<0.1,14.757683582700828,-2.905114162861594,2.905114162861594
UBC_520,20,0.3936,0.1225,0.054,-0.078,0.267,-5.84,40.43,0.794327537013272,0.5-1,7.88621693036779,-0.013653612105077439,0.013653612105077439
Collinder_272,8,0.3268,0.1226,0.0,-0.124,0.245,-15.38,51.44,0.045708802901852,<0.1,7.876333603599156,0.02882967737810312,0.02882967737810312
SAI_116,24,0.4006,0.1226,0.0796,-0.022,0.234,-6.37,22.98,0.1258926517592568,0.1-0.3,8.034583365349576,0.019770925901847442,0.019770925901847442
BH_121,12,0.3249,0.123,0.0,-0.115,0.259,5.76,25.22,0.0026302684539632,<0.1,7.966946249641418,0.009185170003151239,0.009185170003151239
UBC_672,14,0.4555,0.1231,0.0,0.069,0.186,-29.06,29.05,0.0104712850206276,<0.1,7.582108966523564,0.03531908005581001,0.03531908005581001
BH_85,13,0.3816,0.1238,0.06,-0.081,0.17,17.92,19.83,2.290865841769215,2-5,8.109910347718005,0.029169959784713522,0.029169959784713522
Trumpler_10,18,0.3426,0.1238,0.0836,-0.095,0.199,28.28,30.87,0.0323593827469971,<0.1,8.706819367762732,0.044783897669119124,0.044783897669119124
UBC_522,12,0.4246,0.1238,0.0756,0.004,0.109,-9.42,25.72,0.0151356065017864,<0.1,7.9194920344603545,0.028759557044616763,0.028759557044616763
ASCC_85,4,0.606,0.124,0.0687,-0.006,0.295,-4.77,26.91,0.0707945628925188,<0.1,7.082263929429466,0.013064946872565004,0.013064946872565004
NGC_2360,10,0.3973,0.124,0.0725,-0.204,0.173,66.64,30.36,1.0232935315766702,1-2,8.731219525337998,0.00010309924036932053,0.00010309924036932053
UPK_45,54,0.3946,0.1241,0.0475,-0.103,0.216,17.86,45.05,0.1047129651766653,0.1-0.3,7.277183074318547,-0.13118558336970226,0.13118558336970226
Kronberger_25,10,0.3676,0.1245,0.0594,0.081,0.124,-17.45,33.36,,,7.865508192330068,0.017958833122055633,0.017958833122055633
BH_84,22,0.4636,0.1246,0.0821,0.03,0.136,14.69,13.3,0.1348963238056844,0.1-0.3,8.082619519766858,0.012258133039961056,0.012258133039961056
Lynga_3,15,0.447,0.1252,0.086,0.026,0.168,-24.16,28.33,,,8.03829743828183,0.019256354733695264,0.019256354733695264
NGC_6704,11,0.3845,0.1252,0.0665,0.035,0.212,-18.27,45.42,0.1995263191254866,0.1-0.3,7.742607624514,0.0030340191384060286,0.0030340191384060286
UBC_642,33,0.3453,0.1256,0.0914,-0.112,0.257,41.29,36.6,,,8.25146216408066,0.08534544629901246,0.08534544629901246
Trumpler_34,7,0.4602,0.126,0.1011,0.023,0.2,11.25,28.12,,,7.844616272789163,0.01337671799071629,0.01337671799071629
UBC_648,35,0.3685,0.1268,0.0772,-0.178,0.224,44.37,30.5,2.238723104986867,2-5,8.146302633415665,0.05775280920423054,0.05775280920423054
Trumpler_12,32,0.4033,0.127,0.0925,-0.034,0.187,6.7,24.74,0.6606929837429628,0.5-1,8.065424646729506,0.004362972691547718,0.004362972691547718
Ruprecht_135,13,0.4102,0.1273,0.0,0.006,0.201,4.94,42.99,0.645654852868111,0.5-1,7.266976674777979,0.11698791037771589,0.11698791037771589
Gulliver_58,13,0.4492,0.1276,0.0529,0.004,0.117,-13.59,24.47,0.6606929837429628,0.5-1,7.91646206723401,0.026507760212876447,0.026507760212876447
UBC_511,39,0.376,0.1278,0.1043,-0.1,0.227,9.21,27.77,0.5370312303176601,0.5-1,7.89975916825103,-0.13619867601313973,0.13619867601313973
Ruprecht_167,10,0.3808,0.1279,0.1019,0.017,0.203,-9.8,33.99,0.5370312303176601,0.5-1,7.7069336169134806,0.041528668623243406,0.041528668623243406
Ruprecht_117,33,0.4422,0.1283,0.0685,0.066,0.152,-35.65,26.43,0.1318256391182683,0.1-0.3,7.8783160927160285,0.012362421644713548,0.012362421644713548
UBC_510,15,0.4934,0.1283,0.0678,-0.026,0.188,-4.31,27.78,0.0154881682297679,<0.1,8.062784770526196,0.011445899876150984,0.011445899876150984
UBC_655,16,0.3983,0.1286,0.0396,-0.047,0.257,5.1,25.55,,,8.040268809286744,-0.00015357779394107804,0.00015357779394107804
UBC_527,9,0.4365,0.1288,0.0,-0.004,0.15,-17.03,19.83,0.2511884225153641,0.1-0.3,7.798284134360404,-0.02054210253224138,0.02054210253224138
UPK_629,39,0.4001,0.1288,0.0527,-0.209,0.399,-37.93,40.88,0.5248077829311784,0.5-1,7.204684605124373,-0.13717562730294217,0.13717562730294217
UBC_273,15,0.4173,0.1291,0.0515,0.038,0.186,3.57,16.91,0.045708802901852,<0.1,7.9710544488975055,0.023272240240448733,0.023272240240448733
UBC_343,8,0.506,0.1294,0.0781,0.136,0.13,-2.0,27.29,0.0199526319125486,<0.1,7.672526756781432,0.006514042464625645,0.006514042464625645
LP_2100,18,0.4911,0.1296,0.0922,0.082,0.236,-24.41,22.17,0.2511884225153641,0.1-0.3,7.76423288677271,0.0022070592142511454,0.0022070592142511454
UBC_318,8,0.5343,0.1298,0.0,0.138,0.085,-27.14,12.84,0.0112201894707378,<0.1,7.818074910839111,0.013118025025227454,0.013118025025227454
Alessi_43,12,0.3688,0.13,0.0555,-0.051,0.184,24.91,21.62,0.0114815347022194,<0.1,8.318868704519977,0.048176303838171466,0.048176303838171466
Ruprecht_71,7,0.4341,0.1303,0.0,-0.143,0.15,38.74,27.45,0.021379617139194,<0.1,8.167088343703048,0.0045370606430342915,0.0045370606430342915
Teutsch_84,5,0.43,0.1304,0.1063,-0.062,0.218,-48.0,21.3,1.047129651766654,1-2,7.73163256220394,0.01656579040278457,0.01656579040278457
Ruprecht_43,16,0.38,0.1305,0.0291,-0.14,0.177,60.51,24.23,,,8.165362762024765,0.02155920976489459,0.02155920976489459
UPK_17,5,0.4381,0.1305,0.0,0.023,0.25,-33.03,18.21,0.5370312303176601,0.5-1,6.735942101383622,-0.08856501086414277,0.08856501086414277
Ferrero_1,22,0.3378,0.1306,0.0,-0.174,0.152,-11.06,75.62,0.2511884225153641,0.1-0.3,6.989071188798237,-0.14458153265202345,0.14458153265202345
Basel_8,12,0.2906,0.1308,0.0836,-0.103,0.123,33.06,29.1,0.069183121399144,<0.1,8.697281388822828,0.020559464809297424,0.020559464809297424
IC_2948,9,0.3295,0.1311,0.0,-0.109,0.273,8.95,26.41,0.006456541439665,<0.1,7.966043577679642,0.008944162749740154,0.008944162749740154
UBC_295,17,0.4738,0.1317,0.0999,0.007,0.191,-16.85,26.58,0.5011870135142811,0.5-1,7.7621077812243175,0.03647243299798143,0.03647243299798143
Loden_372,23,0.4439,0.1317,0.1021,-0.019,0.147,0.4,17.45,0.0954992627963111,<0.1,7.926862827699536,0.046604562971288246,0.046604562971288246
NGC_3680,10,0.3797,0.1317,0.0723,-0.124,0.332,18.76,45.09,2.1877623926123007,2-5,7.910325809854691,0.2916373987553077,0.2916373987553077
UPK_540,50,0.3631,0.1318,0.0,-0.14,0.212,39.43,36.55,0.0371535375952047,<0.1,8.491704173349724,-0.772711781367741,0.772711781367741
UPK_642,13,0.4272,0.1318,0.0,-0.033,0.154,-20.87,40.16,0.1659587927845761,0.1-0.3,7.139189692390259,-0.0866734046333421,0.0866734046333421
FSR_1380,16,0.4694,0.1319,0.1027,-0.015,0.124,34.86,27.07,1.0232935315766702,1-2,8.185446364736361,0.005109617918905355,0.005109617918905355
UBC_514,34,0.4496,0.1319,0.0848,-0.088,0.228,9.17,28.8,2.238723104986867,2-5,7.940253857830649,-0.0935147408664482,0.0935147408664482
Harvard_13,28,0.5055,0.1319,0.0843,0.001,0.16,-30.22,35.04,0.8511386362915022,0.5-1,7.372889524751896,-0.03822184632185181,0.03822184632185181
ASCC_87,7,0.2859,0.1325,0.1182,-0.124,0.302,-42.48,35.88,0.0831763917221371,<0.1,6.869547592506027,0.1963761877588964,0.1963761877588964
Ivanov_8,12,0.3205,0.1327,0.0924,-0.206,0.208,40.89,19.08,,,8.146638162272676,0.021240918483677363,0.021240918483677363
ASCC_79,17,0.4072,0.133,0.0661,0.063,0.127,-17.18,26.82,0.0186208705488312,<0.1,7.262108919764457,-0.04108481227597709,0.04108481227597709
UPK_579,27,0.3576,0.133,0.1055,-0.147,0.223,-7.06,30.69,0.1202264223411669,0.1-0.3,7.478882335712025,0.31086614452074096,0.31086614452074096
Hogg_17,16,0.4292,0.1332,0.0967,0.032,0.16,-24.9,22.5,0.1479108648008083,0.1-0.3,7.840040229246578,0.013981889395214098,0.013981889395214098
UPK_38,11,0.4528,0.1334,0.0,0.056,0.164,-4.94,26.87,0.0144543926289566,<0.1,6.733384960943001,0.047859954261948806,0.047859954261948806
Collinder_277,39,0.3823,0.1335,0.0901,-0.062,0.206,-15.18,31.19,0.9772367059324804,0.5-1,7.776047570186619,-0.01856790910109186,0.01856790910109186
Turner_5,42,0.3584,0.1336,0.0897,-0.12,0.231,33.5,29.57,0.323593827469971,0.3-0.5,8.669087150241616,0.48280302107300427,0.48280302107300427
LP_658,8,0.2944,0.1339,0.0263,-0.129,0.244,46.72,18.51,0.9332548746146908,0.5-1,8.69101376829162,-0.07505312920084159,0.07505312920084159
ESO_312_03,15,0.439,0.134,0.0715,0.011,0.1,37.48,17.96,0.0870963704709874,<0.1,8.167603121634963,0.012531261446025847,0.012531261446025847
UBC_467,17,0.4082,0.1343,0.0462,-0.185,0.192,57.06,33.02,1.4454392628956645,1-2,8.194307251932262,0.034609810569997485,0.034609810569997485
UBC_317,13,0.4938,0.1347,0.0,0.098,0.078,-17.28,23.09,0.323593827469971,0.3-0.5,7.72929779263603,0.011154434181982881,0.011154434181982881
UBC_252,33,0.314,0.1348,0.1044,-0.14,0.209,28.55,28.63,0.9772367059324804,0.5-1,8.109721801720667,0.01027541173457298,0.01027541173457298
Alessi_9,5,0.4952,0.1354,0.0818,-0.085,0.196,-57.46,69.7,0.2818381693478142,0.1-0.3,3.7684612281010543,-0.7500554239604994,0.7500554239604994
Alessi_13,3,0.4122,0.1365,0.1117,-0.038,0.25,32.49,52.67,0.0354813545061708,<0.1,11.917580236867298,-7.911795758050233,7.911795758050233
FSR_1063,15,0.3897,0.1367,0.1052,-0.108,0.107,45.75,21.61,0.1096478099832217,0.1-0.3,8.459710529697926,-0.004820282365160879,0.004820282365160879
Pismis_2,6,0.283,0.1368,0.1126,-0.108,0.241,57.42,38.26,1.862089099377868,1-2,8.16750893507458,0.008030415884387593,0.008030415884387593
LP_403,20,0.4963,0.1368,0.0688,-0.047,0.204,7.01,23.21,0.0263026845396328,<0.1,8.023206200346133,0.02515682367040294,0.02515682367040294
Berkeley_25,19,0.1481,0.1369,0.0972,-0.112,0.209,33.48,25.74,2.454710856206481,2-5,8.174340532708738,0.008054117854862217,0.008054117854862217
Teutsch_80,6,0.3628,0.137,0.0987,0.057,0.109,-19.58,14.21,0.2238723104986867,0.1-0.3,7.868607172895459,0.013538423957720248,0.013538423957720248
LP_2238,14,0.4608,0.1373,0.0776,-0.017,0.267,-2.14,25.34,0.2951211041237279,0.1-0.3,7.888429085834862,0.06833422440583421,0.06833422440583421
IC_4756,19,0.4346,0.1374,0.0851,-0.084,0.303,-6.3,44.77,1.288248533293805,1-2,6.5596093317841815,0.2107508748730567,0.2107508748730567
Hogg_18,15,0.3074,0.1381,0.0967,-0.1,0.253,-24.09,31.46,0.2630268453963283,0.1-0.3,7.695743816223102,0.08267589734455703,0.08267589734455703
UBC_638,27,0.317,0.1384,0.0846,-0.327,0.481,65.34,31.79,1.5848924964027185,1-2,8.162908722806339,0.03160202816769735,0.03160202816769735
UBC_637,27,0.317,0.1384,0.0846,-0.327,0.481,65.34,31.79,1.6595879278457617,1-2,8.207937975117142,0.043289065368630295,0.043289065368630295
UBC_513,14,0.483,0.1385,0.0564,-0.003,0.128,14.19,19.47,0.2041739917404129,0.1-0.3,7.987769380424889,0.018702885554203342,0.018702885554203342
IC_2395,15,0.3474,0.1385,0.0763,-0.127,0.194,24.77,24.16,0.0204173767566041,<0.1,8.318533432263322,-0.06623241613227569,0.06623241613227569
Sher_1,14,0.3914,0.1388,0.0759,-0.139,0.298,-2.58,32.36,0.0131825639118268,<0.1,8.085675869102959,0.02023949573043454,0.02023949573043454
Hogg_21,7,0.5761,0.1391,0.0,0.125,0.075,-22.94,14.14,0.0891250546711345,<0.1,7.784088994500403,0.010665904086289136,0.010665904086289136
NGC_1901,19,0.233,0.1391,0.1074,-0.247,0.335,56.57,76.54,0.8912505467113453,0.5-1,8.060049496453937,-1.2859272935275632,1.2859272935275632
IC_4651,18,0.3441,0.1392,0.0563,-0.046,0.228,-15.05,42.32,1.6595879278457617,1-2,7.1476718714927605,-0.12689620252248832,0.12689620252248832
Andrews_Lindsay_5,4,0.634,0.1396,0.073,0.022,0.104,8.57,36.2,,,8.000977285850817,0.01889441233914988,0.01889441233914988
Westerlund_1,8,0.5316,0.1397,0.0958,-0.051,0.205,-13.24,49.49,,,7.886364247703064,0.018431719545811857,0.018431719545811857
ASCC_16,27,0.3802,0.14,0.1143,-0.089,0.198,27.68,34.57,0.0134896323805684,<0.1,10.680592637079693,-0.8673284450924761,0.8673284450924761
NGC_6631,14,0.4424,0.1401,0.0763,0.062,0.17,0.18,24.78,0.1995263191254866,0.1-0.3,7.8125805599514555,0.01902124239999566,0.01902124239999566
Lynga_1,20,0.4398,0.1403,0.0986,0.096,0.126,-18.01,24.49,0.1659587927845761,0.1-0.3,7.852497939885936,0.017607339173883647,0.017607339173883647
NGC_6728,11,0.3746,0.1404,0.0,-0.022,0.242,9.21,36.71,0.602559215586761,0.5-1,7.645361349532987,-0.033722265989192354,0.033722265989192354
ASCC_66,12,0.3715,0.1407,0.0896,-0.135,0.223,7.18,39.39,0.0588843629494562,<0.1,7.849517884734124,0.10383692912600175,0.10383692912600175
Ruprecht_102,7,0.2635,0.1411,0.0,0.059,0.191,-2.25,23.76,0.4365161773191,0.3-0.5,7.980429442872449,0.019544596560708036,0.019544596560708036
NGC_3496,20,0.4254,0.1412,0.0772,-0.069,0.283,0.3,26.62,0.5011870135142811,0.5-1,7.999936611129613,0.017636121761352836,0.017636121761352836
NGC_6208,32,0.4448,0.1412,0.0461,-0.001,0.205,-26.49,34.04,1.4125363038976315,1-2,7.390522563013292,-0.06413346609215807,0.06413346609215807
Ruprecht_8,8,0.4267,0.1414,0.0,-0.059,0.261,50.59,27.9,0.3981075202376551,0.3-0.5,8.434960671045772,-0.00862192992150972,0.00862192992150972
NGC_3114,25,0.4127,0.1415,0.0846,-0.078,0.235,13.37,24.28,0.1445439262895664,0.1-0.3,7.9581609068071915,-0.04307352847493144,0.04307352847493144
NGC_4755,16,0.4694,0.1416,0.0,-0.02,0.203,-14.57,28.73,0.0120226422341166,<0.1,7.878614073850529,0.04030099961815324,0.04030099961815324
NGC_2184,24,0.2798,0.1416,0.1106,-0.124,0.266,36.22,31.37,0.645654852868111,0.5-1,9.618097633221543,-0.2971149291251797,0.2971149291251797
FSR_1580,16,0.4268,0.1417,0.0813,-0.011,0.163,-0.1,15.95,,,8.075712330265342,0.026427759530370392,0.026427759530370392
Ruprecht_94,15,0.3697,0.1419,0.1,-0.053,0.21,3.87,27.43,0.0245470816103821,<0.1,7.978592488734407,0.007907977230603509,0.007907977230603509
Ruprecht_101,13,0.3191,0.1421,0.0604,0.014,0.125,-18.63,21.61,1.047129651766654,1-2,7.997034125244267,0.01805837661552744,0.01805837661552744
BH_92,13,0.3768,0.1424,0.0913,0.006,0.121,10.83,16.63,0.2137961713919407,0.1-0.3,8.043656508016705,0.023492089705446462,0.023492089705446462
UBC_519,13,0.3524,0.1426,0.1139,-0.069,0.29,-11.49,27.65,0.645654852868111,0.5-1,7.980084661642168,0.03222412316795506,0.03222412316795506
ESO_518_03,9,0.4802,0.1429,0.083,-0.032,0.198,-24.71,25.48,1.4125363038976315,1-2,7.571143022389219,0.14125725746712778,0.14125725746712778
UPK_578,15,0.4563,0.1429,0.0689,-0.004,0.217,-17.15,21.85,0.8709627484287175,0.5-1,7.605571590259041,0.11959294498895291,0.11959294498895291
UPK_624,56,0.3804,0.1432,0.0851,-0.046,0.257,-15.24,34.66,0.0398107083132505,<0.1,5.70845554113734,-0.5664209227854534,0.5664209227854534
UBC_663,26,0.3845,0.1438,0.0,-0.046,0.193,-17.49,26.36,,,7.956270472179792,0.013401186910321123,0.013401186910321123
NGC_2580,33,0.2667,0.1439,0.1185,-0.227,0.189,57.7,30.66,0.5370312303176601,0.5-1,8.190561615182371,0.03340275738903756,0.03340275738903756
ASCC_32,8,0.4442,0.1439,0.0817,-0.048,0.24,44.69,28.26,0.0251188698309886,<0.1,8.826058018269228,-0.17913094659242892,0.17913094659242892
BH_144,24,0.3934,0.1444,0.0919,0.048,0.149,-19.3,20.44,1.4791086480080835,1-2,8.096060939127797,0.01825245199720157,0.01825245199720157
LP_1540,8,0.4922,0.1447,0.0787,-0.038,0.126,-7.18,18.65,1.621810239813303,1-2,8.00112504894415,0.029902410675168706,0.029902410675168706
UPK_23,22,0.4341,0.1453,0.0983,-0.001,0.172,11.62,43.71,0.1096478099832217,0.1-0.3,7.183384773047335,-0.07547863694437679,0.07547863694437679
Ruprecht_147,60,0.4145,0.1466,0.093,-0.095,0.251,-1.12,46.96,3.0199485372543653,2-5,5.28592735539565,-0.7046288340202587,0.7046288340202587
FSR_1435,6,0.5029,0.1472,0.0854,-0.072,0.17,27.87,33.4,,,8.172677088182667,0.029253032303386068,0.029253032303386068
Lynga_2,6,0.4062,0.1472,0.1293,-0.004,0.197,-24.61,24.95,0.102329353157667,0.1-0.3,7.443293803132206,0.011040400027572578,0.011040400027572578
UBC_507,32,0.4258,0.1473,0.1137,-0.047,0.174,2.99,21.95,0.1659587927845761,0.1-0.3,8.076015049000835,0.015899842747269976,0.015899842747269976
SAI_94,9,0.5426,0.1478,0.0378,0.004,0.098,46.55,21.28,1.4791086480080835,1-2,8.140767130091547,0.013097473187704291,0.013097473187704291
Mamajek_4,63,0.3153,0.1491,0.047,-0.118,0.273,-22.3,48.8,0.3715349680219835,0.3-0.5,6.10687416372808,-0.6342772729350931,0.6342772729350931
NGC_5764,27,0.3062,0.1497,0.1164,-0.031,0.226,-31.28,36.41,1.3182563911826832,1-2,7.7619899862012876,0.06827170756537478,0.06827170756537478
ASCC_99,11,0.3919,0.1499,0.1284,-0.101,0.199,-29.62,34.09,0.3548135450617081,0.3-0.5,5.003077924343583,-0.44005713316392886,0.44005713316392886
UPK_533,17,0.2485,0.1503,0.1215,-0.149,0.211,37.5,31.62,0.0891250546711345,<0.1,8.728643914386584,-0.49169077366774333,0.49169077366774333
UBC_215,9,0.4334,0.1509,0.109,-0.13,0.305,65.41,25.0,0.407379955757968,0.3-0.5,8.678785400185218,-0.03159095810304573,0.03159095810304573
UBC_283,14,0.3537,0.151,0.0284,-0.109,0.236,-6.93,30.49,0.3162277660168379,0.3-0.5,7.82095008816063,-0.0561309446801906,0.0561309446801906
IC_2488,3,0.4243,0.1515,0.1278,-0.038,0.335,29.78,14.04,0.1621810239813303,0.1-0.3,8.056089273786606,-0.035052572176307126,0.035052572176307126
UBC_5,11,0.4132,0.1526,0.1317,-0.127,0.213,-19.5,25.13,0.1995263191254866,0.1-0.3,6.607334976081126,0.16069660146659234,0.16069660146659234
Pismis_18,14,0.4072,0.1534,0.0844,0.0,0.139,-30.8,22.45,0.5754402406055371,0.5-1,7.920840139224535,0.022084638004788205,0.022084638004788205
Platais_10,6,0.413,0.1535,0.0589,-0.005,0.065,-18.84,36.39,0.1096478099832217,0.1-0.3,6.368155849149886,0.2313803451151207,0.2313803451151207
UPK_545,11,0.3619,0.1537,0.058,-0.118,0.281,34.6,30.26,0.0794328409152129,<0.1,8.402996138540795,-0.5026104499651268,0.5026104499651268
UBC_268,33,0.4161,0.1537,0.1109,-0.018,0.175,4.02,23.26,1.698241862446276,1-2,8.042268016128236,0.007172692153164382,0.007172692153164382
UBC_560,23,0.4361,0.154,0.1116,0.042,0.237,-30.8,40.93,0.6309576215861531,0.5-1,7.487357553525748,0.06445910404129283,0.06445910404129283
UPK_654,45,0.3745,0.1549,0.1147,-0.133,0.354,-5.57,47.84,0.0794328409152129,<0.1,6.188059190989018,-0.3541010799569469,0.3541010799569469
NGC_2243,28,0.3403,0.1549,0.0609,-0.249,0.259,49.83,26.9,4.365161773191001,2-5,8.225865725283501,-0.04418063284468422,0.04418063284468422
UPK_599,20,0.2398,0.1554,0.0901,-0.164,0.238,-1.56,56.12,0.0194984442849023,<0.1,7.254874935134482,0.5923828466190991,0.5923828466190991
NGC_5715,16,0.3806,0.1555,0.1162,0.043,0.173,-23.23,41.38,0.5370312303176601,0.5-1,7.806849681329146,0.03581733176700293,0.03581733176700293
BH_150,17,0.4303,0.1563,0.0953,0.026,0.217,-4.82,28.66,0.021877623926123,<0.1,8.01331736162606,0.01758206856061809,0.01758206856061809
NGC_2354,14,0.3727,0.1569,0.0,-0.063,0.238,51.22,28.97,1.4125363038976315,1-2,8.53791621641058,-0.06785482832845201,0.06785482832845201
UPK_606,60,0.4004,0.1571,0.0742,-0.091,0.254,-8.76,45.66,,,5.322170278240596,1.38384389811121,1.38384389811121
UPK_587,30,0.3581,0.1573,0.1203,-0.116,0.201,-8.01,34.15,0.1174896729347291,0.1-0.3,7.498410540416314,0.2622782188762056,0.2622782188762056
SAI_118,6,0.4529,0.159,0.092,0.015,0.181,-22.11,27.72,0.0316227766016837,<0.1,7.810646088055593,0.012258962295069526,0.012258962295069526
Ruprecht_171,15,0.4664,0.1591,0.1063,0.018,0.207,2.29,29.02,2.7542260421949853,2-5,7.5303505731243,-0.014130605909013935,0.014130605909013935
NGC_2571,41,0.2793,0.1596,0.1285,-0.176,0.205,64.45,30.13,0.0269153374005781,<0.1,8.409994072331822,0.06628930158239911,0.06628930158239911
Trumpler_29,21,0.3555,0.1599,0.1019,-0.063,0.234,-22.31,37.02,0.0512861429039393,<0.1,7.462987004538049,-0.04104513197555641,0.04104513197555641
UBC_488,24,0.3374,0.1612,0.1298,-0.059,0.156,29.95,26.77,0.1905459546378596,0.1-0.3,8.113297441922718,0.014777799781435796,0.014777799781435796
IC_4665,49,0.2959,0.1612,0.1409,-0.231,0.304,7.94,56.39,0.0331131106939867,<0.1,5.923617142005,0.8559027488105991,0.8559027488105991
UPK_24,13,0.3496,0.1613,0.1252,-0.055,0.218,5.05,46.93,0.2691536695250797,0.1-0.3,6.386733103800981,-0.14342643122492188,0.14342643122492188
NGC_6568,4,0.3046,0.1618,0.1277,-0.089,0.205,-16.15,25.41,0.8709627484287175,0.5-1,7.200643343837471,-0.008705143446171664,0.008705143446171664
UBC_498,12,0.3958,0.1641,0.0865,-0.04,0.234,17.79,33.38,0.407379955757968,0.3-0.5,8.051281086631564,0.009354308287876287,0.009354308287876287
UBC_267,9,0.2915,0.1644,0.1017,-0.09,0.163,1.92,26.57,0.0128824994773753,<0.1,8.018255381090423,0.02910480688887217,0.02910480688887217
UBC_293,15,0.3586,0.1653,0.0608,-0.026,0.191,-15.38,28.27,0.0199526319125486,<0.1,7.947879962168897,0.02410935919340221,0.02410935919340221
UPK_645,17,0.2803,0.1657,0.1448,-0.221,0.543,-17.56,61.84,0.1047129651766653,0.1-0.3,6.74103009025819,-0.2204103017017745,0.2204103017017745
Alessi_Teutsch_12,85,0.3696,0.1664,0.1296,-0.052,0.245,-22.04,49.46,0.0870963704709874,<0.1,6.769433434160517,-0.27562986009138646,0.27562986009138646
UPK_613,15,0.362,0.1678,0.1363,-0.202,0.419,-37.01,31.68,0.0831763917221371,<0.1,7.230999259284473,0.1799646329049054,0.1799646329049054
UBC_338,14,0.4254,0.1679,0.1509,-0.003,0.181,-1.89,29.73,0.2344228197592381,0.1-0.3,7.525258357480526,0.0025674132136796375,0.0025674132136796375
FSR_1211,17,0.3082,0.1679,0.0,-0.186,0.275,63.32,38.6,1.2022642234116694,1-2,8.318785572418316,0.05397822522555515,0.05397822522555515
UPK_612,74,0.3493,0.1682,0.1308,-0.072,0.245,-15.92,42.13,0.1,<0.1,5.418142146265707,-1.0978548751835935,1.0978548751835935
NGC_5593,10,0.3874,0.1684,0.134,-0.101,0.387,-7.5,25.85,0.0870963704709874,<0.1,7.468562670962399,0.11160612553292616,0.11160612553292616
UBC_496,28,0.3448,0.1695,0.1301,-0.142,0.236,20.81,45.78,0.075857777492195,<0.1,8.000718720862759,0.05769457056936801,0.05769457056936801
NGC_3293,44,0.3568,0.1696,0.1495,-0.028,0.185,15.84,48.11,0.0102329353157667,<0.1,8.027368454961003,0.021026681595985797,0.021026681595985797
Trumpler_22,18,0.3422,0.1697,0.1486,-0.019,0.272,-18.15,29.33,0.0323593827469971,<0.1,7.855491286187346,0.016146955636041672,0.016146955636041672
LP_5,73,0.2738,0.1706,0.1285,-0.132,0.26,11.06,39.38,2.691536695250797,2-5,7.9467154804320845,-0.09214246205325248,0.09214246205325248
UPK_13,7,0.3886,0.1715,0.1516,-0.113,0.201,-15.96,30.74,0.1778279410038923,0.1-0.3,7.116277496209696,-0.12046753122478594,0.12046753122478594
ESO_092_05,19,0.3036,0.1718,0.0645,-0.139,0.246,16.67,36.23,4.466831997992294,2-5,8.105346008209233,0.012789152225703072,0.012789152225703072
NGC_3330,31,0.3727,0.1723,0.1297,-0.102,0.205,15.78,26.36,0.0812830230578909,<0.1,8.00475997566738,0.05720576806900447,0.05720576806900447
NGC_5288,14,0.4677,0.1738,0.1065,0.07,0.211,-23.94,17.03,0.4677352234557817,0.3-0.5,7.909564751127472,0.005270198331360321,0.005270198331360321
UBC_297,20,0.3485,0.1746,0.1524,0.051,0.149,-25.59,21.67,0.3548135450617081,0.3-0.5,7.896790248504911,0.010992417385778126,0.010992417385778126
Alessi_24,77,0.3662,0.1751,0.1351,-0.188,0.32,-18.55,45.8,0.0724436182787123,<0.1,6.497103068307711,-0.5015970764001051,0.5015970764001051
UPK_26,8,0.3152,0.1751,0.1196,0.043,0.248,-11.23,41.5,0.0724436182787123,<0.1,7.131659097314774,-0.0779850546136031,0.0779850546136031
Bica_3,9,0.3875,0.1763,0.1518,0.006,0.201,-10.5,26.55,,,7.752067331159593,0.017005121440054543,0.017005121440054543
Dias_2,27,0.3125,0.1764,0.1013,-0.161,0.203,40.94,29.57,1.7377999128939918,1-2,8.312805392969375,-0.0052481260193719854,0.0052481260193719854
FSR_1407,35,0.2697,0.1789,0.1404,-0.14,0.211,39.63,27.81,4.07379955757968,2-5,8.163694459459814,0.08057866723667931,0.08057866723667931
UBC_290,43,0.3407,0.1814,0.1168,0.021,0.172,-16.07,24.08,0.1905459546378596,0.1-0.3,7.819137973063309,0.05617705659295684,0.05617705659295684
UPK_20,14,0.458,0.1818,0.1393,-0.085,0.502,8.79,28.44,2.137961713919407,2-5,6.181855340336916,-0.16960119839891796,0.16960119839891796
NGC_6253,80,0.415,0.1825,0.1549,-0.032,0.281,-26.28,31.09,3.2359382746997105,2-5,7.616586834263017,-0.04185735083290844,0.04185735083290844
UPK_50,14,0.3717,0.1827,0.0915,-0.027,0.248,1.97,27.68,0.21877623926123,0.1-0.3,7.411206041420088,0.0750809265244648,0.0750809265244648
UBC_11,31,0.3549,0.1869,0.1387,-0.07,0.269,-18.38,36.18,0.0676082856622264,<0.1,6.442810337436757,-0.2657894149822914,0.2657894149822914
Bochum_13,10,0.2902,0.1884,0.1749,-0.033,0.256,-41.13,19.65,0.0089125054671134,<0.1,7.562258013967841,0.033052541465519156,0.033052541465519156
UBC_353,10,0.2527,0.1891,0.146,-0.018,0.146,2.69,14.97,0.0295120780093289,<0.1,7.740618291087565,0.020419324871869593,0.020419324871869593
UBC_14,29,0.2951,0.1921,0.1441,-0.04,0.261,0.01,33.66,0.0524807206714521,<0.1,7.210794272467784,-0.1821107422149588,0.1821107422149588
Blanco_1,11,0.5102,0.1945,0.1688,-0.131,0.33,-4.58,40.89,0.1047129651766653,0.1-0.3,7.365866365689732,-4.115008037754525,4.115008037754525
NGC_6583,29,0.5602,0.2,0.1467,-0.05,0.154,-7.12,33.61,1.2022642234116694,1-2,7.715115647315447,0.0014331884240097285,0.0014331884240097285
UBC_337,50,0.3621,0.2053,0.18,-0.624,0.734,-22.8,32.27,0.0416869273621118,<0.1,7.559783558570274,0.0001599919870543566,0.0001599919870543566
UPK_21,4,0.3274,0.209,0.1958,-0.091,0.364,9.42,16.72,1.148154730847072,1-2,6.5844178174616115,-0.1827382746795574,0.1827382746795574
