group,N,C_O_mean,C_O_std,intrinsic_scatter,feh_mean,feh_std,mg_mean,umap1_mean,umap2_mean,rv_mean,rv_std,parallax_mean
0,218,0.4391,0.0645,0.0,-0.27,0.047,0.066,8.909,-1.171,1.14,35.34,0.803
1,104,0.4855,0.0681,0.0,0.043,0.069,0.004,13.868,0.92,-6.15,34.9,0.86
2,96,0.4958,0.0585,0.0,0.065,0.069,0.06,13.473,0.932,-3.15,38.03,0.841
3,74,0.454,0.0561,0.0,-0.12,0.046,0.032,12.261,0.69,-1.66,34.2,0.877
4,141,0.45,0.0377,0.0,-0.162,0.057,0.047,12.617,-0.056,4.29,35.34,0.845
5,65,0.4735,0.0402,0.0,-0.168,0.047,0.038,12.31,0.173,6.04,32.3,0.778
6,54,0.4954,0.0526,0.0,-0.019,0.028,-0.059,14.501,-0.056,1.58,34.45,0.791
7,201,0.345,0.0614,0.0,-0.412,0.078,0.112,5.968,-1.953,-4.14,41.27,0.677
8,55,0.5085,0.0265,0.0,0.005,0.022,-0.063,14.742,-0.013,2.26,35.7,0.769
9,456,0.4617,0.0406,0.0,-0.17,0.047,0.015,13.033,-0.509,1.75,37.95,0.777
10,88,0.1818,0.1116,0.06459999829530716,-1.109,0.083,0.384,-1.723,0.912,64.27,43.98,0.619
11,83,0.4384,0.052,0.0,-0.092,0.046,0.014,13.347,0.109,15.09,36.41,0.809
12,267,0.5788,0.0714,0.0,0.233,0.079,-0.072,15.317,0.477,-2.14,36.28,0.773
13,363,0.5534,0.1027,0.0,0.116,0.078,-0.029,14.398,0.918,-2.87,36.02,0.874
14,119,0.5158,0.044,0.0,0.053,0.03,-0.068,15.035,0.161,-2.02,35.16,0.843
15,173,0.5548,0.1261,0.06880000233650208,0.044,0.071,-0.024,14.369,0.359,-3.5,39.19,0.758
16,113,0.6333,0.0835,0.0,0.213,0.054,-0.044,14.91,0.75,-3.65,30.64,0.905
17,177,0.5032,0.0707,0.02370000071823597,-0.047,0.051,-0.064,14.093,-0.186,-3.41,37.01,0.718
18,93,0.4544,0.0481,0.0,-0.094,0.036,-0.022,13.715,-0.283,-7.92,33.76,0.788
19,102,0.3518,0.1101,0.0649000033736229,-0.035,0.088,0.01,13.749,-0.051,9.27,32.74,0.943
20,216,0.5398,0.0846,0.0,0.105,0.089,-0.034,14.646,0.595,2.56,36.1,0.853
21,70,0.544,0.0585,0.0,0.126,0.097,-0.036,14.786,0.41,3.58,38.32,0.822
22,64,0.1464,0.0437,0.0,-0.868,0.138,0.301,-0.681,0.37,23.9,87.19,0.739
23,73,0.404,0.0413,0.0,-0.348,0.056,0.081,7.184,-1.917,-3.78,38.79,0.678
24,122,0.4563,0.1337,0.09780000150203705,0.118,0.093,-0.178,15.341,4.836,0.47,26.95,0.93
25,68,0.4593,0.0441,0.0,-0.154,0.048,0.034,12.03,0.433,9.22,32.61,0.865
26,156,0.4368,0.0261,0.0,-0.26,0.033,0.041,8.261,-1.907,-1.5,36.68,0.762
27,79,0.3837,0.0646,0.0,-0.132,0.095,0.157,4.276,2.795,10.16,42.21,1.105
28,71,0.328,0.0763,0.0,-0.495,0.081,0.17,4.335,-1.176,-2.41,56.51,0.686
29,117,0.5024,0.0614,0.0,0.109,0.11,0.076,6.424,4.586,8.08,39.76,0.945
30,281,0.4634,0.0739,0.0,0.03,0.075,0.076,7.141,3.824,2.41,38.53,1.015
31,237,0.4295,0.0876,0.0,-0.045,0.106,0.124,6.293,3.347,4.02,44.96,0.976
32,51,0.7488,0.0854,0.0,0.253,0.052,0.133,7.315,7.579,-2.24,35.94,1.19
33,84,0.3783,0.0642,0.0,-0.155,0.062,0.079,6.052,2.174,0.22,35.82,1.051
34,67,0.3653,0.0964,0.0,-0.187,0.091,0.12,5.194,2.023,8.25,43.33,0.972
35,68,0.6601,0.0809,0.0,0.119,0.054,0.07,6.8,6.759,10.19,37.95,0.97
36,231,0.531,0.0683,0.0,-0.007,0.062,0.163,5.133,4.645,4.21,42.17,1.059
37,140,0.4579,0.0836,0.0,-0.03,0.076,0.13,5.401,4.084,6.38,47.81,1.155
38,124,0.4802,0.0705,0.0,0.024,0.079,0.132,5.617,4.379,3.23,37.83,1.336
39,67,0.3898,0.081,0.0,-0.184,0.066,0.141,4.448,2.476,4.34,44.16,0.952
40,93,0.4533,0.0473,0.0,-0.286,0.078,0.09,8.939,-0.835,5.15,31.77,0.763
41,54,0.3086,0.0384,0.0,-0.526,0.038,0.155,5.227,-2.14,5.2,55.61,0.656
42,268,0.3206,0.0659,0.0,-0.491,0.097,0.164,5.02,-1.877,4.93,55.84,0.696
43,161,0.2141,0.1016,0.08839999884366989,-0.536,0.115,0.19,4.385,-1.591,6.66,67.39,0.651
44,58,0.2623,0.056,0.0,-0.621,0.12,0.202,4.56,-1.984,5.25,77.62,0.645
45,167,0.2187,0.0775,0.05510000139474869,-0.803,0.303,0.269,4.303,-1.965,4.66,75.26,0.659
46,63,0.3702,0.0664,0.0,-0.152,0.085,0.073,6.282,2.016,1.18,41.09,1.064
47,72,0.3775,0.0877,0.0,0.014,0.071,-0.02,13.586,1.917,1.67,31.92,1.006
48,137,0.4079,0.0813,0.0,-0.035,0.063,-0.009,13.163,1.303,-2.86,28.41,0.991
49,235,0.6506,0.096,0.0,0.324,0.063,-0.056,12.264,7.344,9.82,31.44,1.38
50,97,0.4566,0.0489,0.0,0.043,0.085,-0.018,13.967,2.245,-3.1,30.73,1.084
51,74,0.3415,0.0902,0.04320000112056732,-0.095,0.049,0.011,12.708,1.195,3.52,29.21,1.092
52,109,0.4058,0.0996,0.0,-0.016,0.065,0.093,6.729,3.563,0.25,45.99,1.047
53,68,0.4426,0.0671,0.0,0.087,0.131,0.08,6.622,3.958,3.98,34.44,0.961
54,256,0.4282,0.0752,0.0,-0.217,0.073,0.172,3.861,2.492,6.32,45.86,0.912
55,230,0.3938,0.0694,0.0,-0.036,0.074,0.066,6.967,3.081,8.4,36.56,1.094
56,82,0.3823,0.0538,0.0,-0.27,0.085,0.073,7.933,-1.668,-1.92,40.05,0.791
57,559,0.4156,0.0895,0.0,-0.157,0.071,0.102,6.069,2.647,5.81,41.25,1.007
58,51,0.3921,0.0781,0.0,-0.099,0.066,0.129,5.035,2.791,12.21,39.45,1.078
59,1025,0.4552,0.0989,0.07360000163316727,-0.252,0.133,0.04,5.106,-1.08,-1.1,42.87,0.701
60,603,0.4947,0.1142,0.07829999923706055,-0.11,0.136,-0.049,6.047,-0.721,-2.31,39.44,0.77
61,69,0.5361,0.0683,0.0,0.057,0.073,0.127,5.601,4.884,11.23,36.36,1.116
62,280,0.4668,0.0864,0.0,-0.233,0.111,0.068,6.146,-1.15,0.39,43.75,0.756
63,160,0.3897,0.0809,0.03229999914765358,-0.22,0.091,0.044,6.772,-1.136,-3.59,38.55,0.715
64,68,0.4038,0.0441,0.0,-0.277,0.093,0.073,7.693,-1.644,-1.36,41.42,0.754
65,62,0.4101,0.0275,0.0,-0.314,0.041,0.062,7.737,-1.908,-1.62,42.05,0.706
66,69,0.4459,0.0587,0.0,-0.241,0.107,0.058,6.773,-1.391,0.57,46.18,0.74
67,66,0.3369,0.0679,0.0,-0.221,0.078,0.075,7.549,-1.093,-6.31,43.31,0.853
68,344,0.3967,0.0733,0.0,-0.273,0.105,0.091,7.298,-1.362,6.49,40.99,0.806
69,71,0.2736,0.1063,0.041999999433755875,-0.221,0.12,0.066,7.348,-0.887,-0.56,37.67,0.954
70,64,0.2257,0.1383,0.11429999768733978,-0.24,0.109,0.045,6.979,-0.68,-3.76,37.54,0.843
71,110,0.2645,0.07,0.02370000071823597,-0.252,0.073,0.044,7.381,-0.718,-1.37,29.59,0.994
72,89,0.312,0.0659,0.0,-0.219,0.097,0.032,7.555,-0.574,4.79,36.95,0.965
73,73,0.3655,0.0659,0.0,-0.216,0.073,0.135,4.325,1.594,1.16,41.35,1.075
74,157,0.3753,0.0779,0.0,-0.25,0.093,0.152,3.973,1.87,9.02,43.85,0.864
75,291,0.4487,0.1001,0.0,-0.105,0.074,0.117,5.563,3.463,7.33,42.11,0.949
76,55,0.4211,0.0927,0.0,-0.151,0.096,0.161,4.347,3.085,1.55,56.15,1.017
77,71,0.4111,0.0806,0.0,-0.152,0.076,0.101,5.635,2.268,-8.92,36.72,0.985
78,91,0.4232,0.0852,0.0,-0.14,0.102,0.112,5.574,2.638,3.79,39.9,0.916
79,159,0.3835,0.1007,0.0,-0.164,0.079,0.128,5.318,2.377,5.12,42.39,0.965
80,234,0.5071,0.0781,0.0,-0.059,0.078,0.15,4.743,4.184,7.64,40.26,1.122
81,372,0.5005,0.0876,0.0,-0.107,0.107,0.155,4.433,3.583,8.71,42.48,1.03
82,161,0.4445,0.0854,0.0,-0.108,0.09,0.146,4.934,3.544,5.83,41.87,1.009
83,133,0.4339,0.0745,0.0,-0.139,0.069,0.136,4.789,2.92,5.39,45.12,0.962
84,372,0.4379,0.0921,0.0,-0.129,0.075,0.126,5.295,3.04,1.77,45.08,0.941
85,53,0.411,0.0458,0.0,-0.379,0.05,0.256,0.556,2.916,24.5,52.46,0.826
86,80,0.5955,0.043,0.0,0.071,0.066,0.099,6.267,5.965,13.87,43.01,1.029
87,154,0.5538,0.0776,0.0,0.061,0.09,0.124,6.353,5.28,2.48,42.1,0.983
88,51,0.5689,0.0853,0.0,0.011,0.059,0.125,6.128,5.431,4.46,40.48,1.061
89,88,0.5711,0.077,0.0,0.045,0.073,0.126,6.048,5.628,6.58,37.62,0.918
90,57,0.55,0.0671,0.0,0.003,0.079,0.173,5.216,5.062,-1.38,53.47,0.832
91,84,0.5819,0.085,0.0,0.055,0.068,0.148,5.752,5.346,4.38,45.75,1.092
92,87,0.6091,0.0604,0.0,0.046,0.078,0.169,5.428,5.235,9.61,37.15,0.991
93,225,0.3239,0.0893,0.0,-0.136,0.071,0.062,6.794,1.94,4.55,30.11,1.039
94,183,0.4614,0.0439,0.0,-0.145,0.046,0.016,11.727,0.765,2.43,36.67,0.874
95,183,0.4403,0.0846,0.0,-0.127,0.119,0.172,3.993,3.266,0.43,45.88,1.135
96,88,0.153,0.0406,0.0,-0.7,0.204,0.311,-1.111,0.779,23.83,56.06,1.177
97,83,0.5019,0.0554,0.0,0.031,0.065,0.045,8.527,4.382,2.96,37.56,1.048
98,150,0.4794,0.0573,0.0,0.038,0.054,0.044,8.778,4.232,1.32,42.85,1.022
99,131,0.4537,0.0735,0.0,0.022,0.076,0.051,7.668,3.739,6.27,38.17,1.12
100,55,0.3662,0.0844,0.0,-0.291,0.059,0.072,10.111,-0.392,9.36,34.52,0.91
101,65,0.472,0.0739,0.0,0.129,0.112,0.076,6.718,4.377,-0.35,33.87,0.886
102,97,0.5887,0.088,0.0,-0.145,0.061,0.149,3.127,4.083,-1.42,49.09,0.819
103,233,0.5895,0.0857,0.0,0.089,0.078,0.068,6.785,6.293,3.76,40.11,0.98
104,109,0.5957,0.0717,0.0,0.064,0.073,0.093,6.943,5.814,9.26,38.34,1.044
105,71,0.3348,0.0634,0.0,-0.372,0.062,0.239,0.518,2.674,13.12,56.22,0.964
106,50,0.3169,0.0497,0.0,-0.419,0.062,0.133,3.197,0.59,-5.55,45.19,0.995
107,376,0.3533,0.0803,0.0,-0.268,0.099,0.188,2.801,2.432,7.49,48.93,0.988
108,84,0.3171,0.0551,0.0,-0.343,0.093,0.209,2.162,1.938,11.95,52.74,0.943
109,249,0.3542,0.0682,0.0,-0.315,0.084,0.196,2.691,1.756,1.98,52.36,0.806
110,126,0.5299,0.0558,0.0,0.008,0.068,0.092,7.706,4.796,-1.93,41.3,0.976
111,95,0.2416,0.1112,0.04019999876618385,-0.359,0.101,0.149,3.113,1.101,0.48,46.31,1.033
112,69,0.3739,0.0791,0.0,-0.274,0.127,0.196,2.306,2.434,0.39,52.61,0.898
113,109,0.3582,0.0723,0.0,-0.268,0.102,0.204,2.424,2.746,9.8,48.65,1.014
114,68,0.4973,0.0502,0.0,0.029,0.07,0.062,7.9,4.228,-2.87,35.48,1.11
115,145,0.3314,0.067,0.0,-0.258,0.1,0.068,8.026,-0.28,2.86,34.59,1.006
116,107,0.3858,0.0927,0.0,-0.264,0.072,0.176,3.205,2.071,6.76,45.55,0.798
117,411,0.3142,0.0693,0.0,-0.327,0.092,0.181,2.993,1.491,5.51,50.22,0.853
118,106,0.4308,0.0931,0.0,-0.347,0.093,0.233,1.68,3.093,13.54,49.56,0.927
119,85,0.7284,0.0826,0.0,0.246,0.051,0.053,8.382,8.089,1.58,35.83,1.188
120,471,0.7379,0.1121,0.0,0.283,0.059,0.081,7.887,7.96,5.82,35.61,1.214
121,254,0.2201,0.067,0.0,-0.429,0.103,0.144,2.518,0.41,4.92,40.59,1.028
122,85,0.2451,0.0637,0.0,-0.383,0.092,0.105,3.331,0.288,3.24,46.69,1.251
123,126,0.257,0.0566,0.0,-0.415,0.112,0.139,2.942,0.328,0.93,44.69,0.989
124,80,0.2911,0.0687,0.0,-0.402,0.085,0.125,3.128,0.412,10.56,37.3,1.08
125,190,0.5742,0.0953,0.0,-0.239,0.081,0.195,2.616,3.791,6.47,48.81,0.789
126,50,0.5581,0.0707,0.0,-0.215,0.075,0.2,2.816,3.662,7.27,40.64,0.822
127,69,0.4973,0.0732,0.0,-0.24,0.096,0.211,2.581,3.427,17.74,48.8,0.928
128,64,0.2752,0.0474,0.0,-0.439,0.177,0.25,-0.145,1.507,6.56,51.88,0.911
129,60,0.3655,0.0742,0.0,-0.277,0.086,0.128,4.578,1.423,-5.77,41.46,1.086
130,121,0.5154,0.0866,0.0,-0.294,0.076,0.196,2.259,3.614,12.93,50.38,0.835
131,59,0.2006,0.0736,0.0357000008225441,-0.425,0.088,0.16,2.065,0.659,4.98,56.02,0.805
132,72,0.3344,0.0646,0.0,-0.327,0.106,0.213,2.294,1.566,9.98,47.77,0.939
133,242,0.4833,0.0667,0.0,-0.345,0.08,0.235,1.849,3.454,5.37,53.32,0.76
134,454,0.1435,0.0317,0.0,-0.625,0.114,0.269,-0.061,0.401,22.02,72.9,0.77
135,104,0.2251,0.0413,0.0,-0.453,0.078,0.229,0.903,0.628,16.77,62.15,0.841
136,308,0.1976,0.0478,0.0,-0.509,0.101,0.253,0.621,0.618,13.98,64.82,0.848
137,86,0.1538,0.0812,0.05909999832510948,-0.607,0.146,0.267,0.265,0.75,4.81,70.49,0.762
138,82,0.2146,0.0672,0.0,-0.539,0.124,0.243,0.405,0.83,10.22,58.64,0.979
139,55,0.3208,0.0667,0.0,-0.394,0.115,0.226,1.559,1.953,-0.13,51.98,0.918
140,119,0.4682,0.0934,0.0,-0.232,0.102,0.202,3.39,3.148,5.69,48.31,0.878
141,147,0.447,0.1082,0.0,-0.234,0.092,0.228,3.138,3.116,5.51,48.2,0.89
142,77,0.4001,0.1116,0.0,-0.248,0.104,0.208,3.15,2.813,16.27,45.08,0.847
143,129,0.3212,0.0704,0.0,-0.346,0.096,0.2,2.196,1.299,6.3,49.64,0.882
144,151,0.5364,0.1155,0.0,-0.234,0.085,0.183,3.259,3.541,10.81,43.91,0.902
145,56,0.5219,0.0992,0.0,-0.242,0.106,0.222,2.936,3.384,21.53,38.78,0.842
146,108,0.2544,0.0618,0.0,-0.363,0.118,0.202,1.656,1.396,18.44,55.56,0.939
147,124,0.3576,0.0625,0.0,-0.322,0.089,0.243,1.2,2.761,11.08,44.45,1.046
148,269,0.4367,0.0714,0.0,-0.231,0.115,0.213,2.419,3.185,11.1,49.43,0.952
149,104,0.4352,0.0797,0.0,-0.235,0.117,0.209,2.787,3.072,21.46,50.79,1.017
150,62,0.288,0.0482,0.0,-0.504,0.128,0.241,0.077,1.237,15.01,50.64,0.799
151,52,0.2441,0.0748,0.020400000736117363,-0.44,0.098,0.208,1.745,1.057,15.75,61.19,0.855
152,238,0.1768,0.07,0.019099999219179153,-0.445,0.098,0.213,1.577,0.871,8.26,54.41,0.818
153,60,0.1833,0.0489,0.0,-0.413,0.068,0.206,1.355,0.694,3.55,52.12,0.817
154,153,0.2639,0.0656,0.0,-0.344,0.093,0.174,2.523,1.082,10.73,48.06,0.893
155,211,0.2585,0.0713,0.0,-0.361,0.093,0.191,2.051,1.044,2.25,54.48,0.851
156,62,0.316,0.0551,0.0,-0.465,0.113,0.228,0.165,1.452,7.81,64.66,0.876
157,68,0.295,0.0633,0.0,-0.437,0.096,0.233,1.302,1.545,15.36,56.33,0.874
158,191,0.2611,0.0901,0.0,-0.448,0.125,0.232,0.975,1.453,3.15,56.23,0.883
159,110,0.2934,0.0752,0.0,-0.473,0.116,0.244,0.497,1.244,5.7,55.07,0.933
160,116,0.473,0.0519,0.0,0.048,0.068,0.053,8.236,4.186,4.0,36.75,1.081
161,300,0.2698,0.0855,0.0,-0.383,0.124,0.239,1.251,1.937,10.81,51.75,0.956
162,62,0.4305,0.0712,0.0,0.062,0.085,0.05,8.463,3.974,2.78,36.78,1.038
163,73,0.4527,0.0613,0.0,0.033,0.069,0.039,8.349,3.644,4.96,33.89,1.088
164,63,0.4147,0.0952,0.0,-0.227,0.12,0.212,2.12,3.085,15.31,47.71,1.02
165,114,0.3328,0.0594,0.0,-0.226,0.102,0.219,1.92,2.893,14.88,47.83,1.118
166,329,0.3195,0.0716,0.0,-0.243,0.112,0.22,1.814,2.414,7.61,47.02,1.276
167,123,0.3062,0.0654,0.0,-0.446,0.142,0.246,0.134,1.72,12.75,56.19,0.951
168,147,0.304,0.0855,0.0,-0.252,0.112,0.237,1.52,2.525,15.59,49.03,1.203
169,60,0.2937,0.093,0.0,-0.292,0.124,0.237,1.307,2.339,5.08,46.33,1.182
170,233,0.3086,0.0705,0.0,-0.291,0.113,0.234,1.14,2.414,14.52,52.28,1.153
171,165,0.2851,0.0698,0.0,-0.405,0.107,0.247,0.388,2.288,12.53,50.78,0.964
172,80,0.6167,0.0769,0.0,0.09,0.083,0.119,6.804,5.541,5.5,41.2,0.934
173,338,0.2704,0.0713,0.0,-0.362,0.133,0.246,0.703,2.105,8.52,55.96,1.036
174,163,0.2478,0.0983,0.0,-0.428,0.116,0.247,0.506,1.868,12.85,57.12,0.974
175,55,0.2434,0.0708,0.0,-0.525,0.152,0.245,-0.218,1.262,22.62,55.72,0.938
176,51,0.2386,0.0676,0.0,-0.596,0.121,0.263,-0.303,1.099,10.18,61.81,0.876
177,67,0.2722,0.0524,0.0,-0.552,0.104,0.282,-0.685,1.463,7.45,67.73,0.951
178,251,0.2533,0.0628,0.0,-0.614,0.129,0.283,-0.56,1.209,20.27,66.92,0.909
179,85,0.4528,0.0632,0.0,0.02,0.079,0.048,8.067,3.782,8.68,34.03,1.08
180,185,0.4239,0.065,0.0,-0.002,0.069,0.045,7.9,3.387,3.35,33.98,1.112
181,118,0.1549,0.0556,0.0,-0.67,0.163,0.328,-1.419,1.058,29.26,71.27,1.04
182,232,0.3007,0.0668,0.0,-0.423,0.098,0.257,0.092,2.436,15.63,55.35,1.069
183,171,0.2553,0.0728,0.0,-0.485,0.106,0.262,-0.565,1.757,9.61,57.48,0.966
184,85,0.2445,0.0738,0.0,-0.618,0.18,0.293,-1.123,1.04,27.54,61.05,0.996
185,90,0.2526,0.0758,0.0,-0.438,0.119,0.246,-0.011,2.079,10.47,52.82,1.018
186,245,0.2299,0.0579,0.0,-0.539,0.126,0.282,-1.123,1.309,18.64,61.76,0.984
187,154,0.2,0.054,0.0,-0.652,0.115,0.331,-1.377,1.36,20.4,71.13,1.136
188,308,0.2568,0.0476,0.0,-0.512,0.104,0.301,-0.919,1.938,20.49,60.01,1.104
189,114,0.232,0.0564,0.0,-0.613,0.112,0.308,-1.119,1.593,30.77,66.14,1.051
190,68,0.2535,0.0648,0.0,-0.423,0.142,0.244,-0.302,1.81,14.6,55.88,0.982
191,176,0.5068,0.0588,0.0,0.035,0.069,0.016,10.143,4.535,4.56,35.8,1.017
192,208,0.2505,0.0708,0.0,-0.431,0.11,0.265,-0.27,2.051,16.5,53.81,1.122
193,108,0.2843,0.0925,0.0,-0.508,0.136,0.271,-0.203,2.332,13.78,72.09,1.03
194,91,0.5352,0.0667,0.0,0.023,0.042,0.085,8.183,5.047,0.13,40.79,0.965
195,81,0.5615,0.0728,0.0,0.051,0.079,0.05,8.963,4.918,1.85,30.44,0.961
196,50,0.4945,0.0588,0.0,0.01,0.083,0.063,8.119,4.433,1.91,33.92,1.105
197,408,0.5271,0.0616,0.0,0.024,0.063,0.066,8.409,4.73,4.58,41.03,1.025
198,71,0.5657,0.0586,0.0,0.049,0.047,0.069,8.308,5.302,-3.99,40.49,0.869
199,99,0.5795,0.0599,0.0,0.044,0.058,0.064,8.102,5.31,-3.22,36.28,0.885
200,996,0.438,0.1068,0.0,-0.177,0.067,0.041,11.189,0.004,3.78,36.36,0.887
201,189,0.5154,0.0651,0.0,0.114,0.116,0.067,6.963,4.816,0.94,39.34,0.888
202,174,0.5534,0.0745,0.0,0.063,0.096,0.067,7.406,5.104,1.21,38.79,0.892
203,71,0.5573,0.0732,0.0,0.044,0.067,0.085,7.749,5.366,-5.24,44.19,0.884
204,186,0.5724,0.0684,0.0,0.082,0.074,0.097,7.35,5.552,-1.31,39.41,0.951
205,67,0.3755,0.0777,0.0,-0.284,0.089,0.079,8.389,-0.159,-1.65,29.2,0.939
206,106,0.4267,0.0566,0.0,-0.149,0.048,0.019,11.361,1.057,0.36,33.9,0.901
207,59,0.251,0.1344,0.06210000067949295,-0.183,0.069,0.075,6.509,1.676,5.24,33.43,1.123
208,153,0.4456,0.0773,0.0,0.048,0.067,0.011,10.469,4.238,4.61,32.18,1.076
209,355,0.4169,0.0789,0.0,-0.302,0.068,0.09,8.906,-0.344,0.35,38.22,0.913
210,76,0.7715,0.0793,0.0,0.277,0.053,0.043,8.594,8.347,12.82,34.92,1.247
211,98,0.4185,0.0723,0.0,0.021,0.056,0.049,8.655,3.762,1.2,40.83,1.068
212,81,0.3893,0.0599,0.0,-0.055,0.075,0.056,7.491,2.969,2.39,31.47,1.108
213,489,0.3735,0.0724,0.0,-0.33,0.089,0.099,5.057,0.805,6.31,34.1,0.954
214,82,0.4444,0.0472,0.0,-0.135,0.041,0.024,11.07,1.135,3.57,35.22,0.916
215,64,0.3445,0.0643,0.0,-0.075,0.058,0.045,8.875,2.378,-0.01,32.41,1.158
216,124,0.4295,0.0564,0.0,-0.134,0.045,0.018,10.854,1.228,1.59,39.02,0.907
217,101,0.4157,0.066,0.0,-0.128,0.043,0.023,10.599,1.293,-1.42,34.5,0.949
218,114,0.389,0.0605,0.0,-0.135,0.049,0.047,9.173,1.704,4.53,37.03,1.018
219,113,0.4001,0.0486,0.0,-0.109,0.046,0.051,9.119,2.008,12.7,37.86,1.088
220,132,0.3894,0.0714,0.0,-0.043,0.054,0.023,12.589,1.579,0.35,34.81,0.992
221,92,0.3864,0.0598,0.0,-0.079,0.048,0.037,9.615,2.201,3.42,31.65,1.076
222,114,0.4408,0.0809,0.0,-0.216,0.044,0.068,8.926,0.519,4.78,35.51,0.894
223,103,0.3757,0.0666,0.0,-0.105,0.046,0.044,9.349,2.093,9.11,35.12,1.14
224,107,0.383,0.0638,0.0,-0.132,0.06,0.033,9.442,1.815,2.78,33.0,1.034
225,65,0.3573,0.0616,0.0,-0.003,0.057,-0.078,15.158,4.435,3.74,27.13,0.93
226,50,0.4545,0.0592,0.0,-0.142,0.042,0.027,10.008,1.413,-1.0,36.36,0.825
227,273,0.3133,0.0635,0.0,-0.402,0.08,0.114,4.395,0.479,2.84,37.98,0.975
228,54,0.2885,0.0588,0.0,-0.361,0.097,0.107,3.59,0.467,12.47,35.81,1.156
229,51,0.3703,0.0758,0.0,-0.172,0.105,0.108,4.95,1.68,11.83,36.97,0.996
230,112,0.3476,0.0544,0.0,-0.368,0.07,0.12,4.187,0.953,4.39,41.41,0.988
231,82,0.448,0.0541,0.0,-0.155,0.038,0.031,10.371,0.968,4.83,34.42,0.85
232,64,0.3224,0.0766,0.0,-0.358,0.077,0.121,3.739,0.674,-2.29,36.65,1.038
233,84,0.2719,0.081,0.0,-0.392,0.075,0.11,4.046,0.388,6.71,35.61,1.061
234,109,0.263,0.0659,0.0,-0.396,0.088,0.103,3.787,0.413,5.37,34.5,1.02
235,52,0.5595,0.0604,0.0,0.168,0.099,0.022,8.212,5.905,-2.3,36.07,0.884
236,813,0.3179,0.0698,0.0,-0.388,0.114,0.104,5.0,0.156,0.45,37.77,0.97
237,110,0.2663,0.1449,0.10300000011920929,-0.192,0.063,0.073,6.631,1.476,4.12,32.9,1.06
238,74,0.3356,0.0788,0.0,-0.182,0.083,0.089,5.776,1.531,6.6,35.57,1.173
239,434,0.3263,0.0743,0.0,-0.122,0.134,0.079,5.377,1.644,5.35,36.92,0.987
240,128,0.3734,0.0826,0.0,-0.263,0.092,0.066,7.964,0.013,0.57,31.88,0.959
241,163,0.3812,0.0697,0.0,-0.252,0.075,0.102,5.617,1.12,6.28,35.46,1.059
242,138,0.3985,0.0619,0.0,-0.205,0.151,0.098,5.333,1.253,-6.25,44.07,1.012
243,59,0.4996,0.0693,0.0,0.135,0.082,-0.023,12.644,5.764,-0.08,34.83,1.152
244,89,0.792,0.1333,0.0,0.273,0.048,0.023,10.272,8.115,8.21,38.76,1.404
245,91,0.3745,0.0846,0.0,-0.166,0.051,0.044,8.583,1.509,8.89,35.4,0.932
246,76,0.371,0.1031,0.0,-0.249,0.053,0.054,10.444,-0.157,-3.04,35.21,0.903
247,197,0.4221,0.0919,0.0,-0.182,0.049,0.041,8.456,1.145,2.9,35.33,0.921
248,78,0.3801,0.0702,0.0,-0.122,0.058,0.072,8.672,1.872,2.2,30.55,1.051
249,115,0.5112,0.0514,0.0,0.056,0.058,0.03,9.767,4.563,5.82,32.74,1.11
250,68,0.4025,0.0621,0.0,-0.137,0.031,0.035,10.352,1.271,1.92,29.53,0.942
251,226,0.4507,0.058,0.0,-0.159,0.042,0.023,10.11,1.098,6.26,37.4,0.913
252,91,0.4847,0.0489,0.0,-0.175,0.059,0.032,10.808,0.325,6.16,36.49,0.882
253,58,0.5658,0.0689,0.0,0.052,0.049,0.029,10.059,5.053,-0.74,35.64,1.017
254,113,0.4298,0.07,0.0,-0.269,0.067,0.083,8.754,-0.078,-1.19,40.53,0.883
255,124,0.5148,0.0954,0.0,0.061,0.076,0.036,9.931,4.936,0.89,32.6,1.071
256,106,0.5317,0.0484,0.0,0.049,0.057,0.035,9.635,4.759,7.96,35.13,1.095
257,272,0.3932,0.1035,0.0,-0.19,0.051,0.044,8.842,1.125,2.99,40.45,0.962
258,103,0.5759,0.0875,0.0,0.074,0.065,0.032,9.413,5.117,-1.23,36.88,1.044
259,53,0.4636,0.062,0.0,-0.145,0.049,0.026,9.843,1.092,5.29,40.85,0.975
260,111,0.4792,0.0642,0.0,0.032,0.059,0.041,9.343,4.181,-7.85,35.68,1.096
261,180,0.4375,0.0937,0.0,-0.243,0.068,0.077,8.666,0.193,4.28,38.78,0.879
262,66,0.4678,0.0708,0.0,-0.158,0.042,0.04,9.156,0.915,-1.11,44.52,0.842
263,105,0.4518,0.0776,0.0,-0.161,0.036,0.035,9.251,1.151,2.58,38.59,0.892
264,53,0.5554,0.0529,0.0,0.032,0.068,0.054,9.177,4.739,13.15,39.2,0.988
265,299,0.5549,0.0887,0.0,0.044,0.069,0.038,9.284,4.744,2.77,36.09,0.942
266,92,0.422,0.0719,0.0,-0.192,0.06,0.054,8.125,0.982,7.5,37.53,0.974
267,290,0.4492,0.0832,0.0,-0.153,0.045,0.03,9.549,1.16,4.01,37.15,0.933
268,68,0.4531,0.0806,0.0,-0.168,0.039,0.052,9.453,0.788,7.31,44.46,0.939
269,105,0.5816,0.0593,0.0,0.064,0.055,0.049,8.422,5.485,-6.14,37.31,0.938
270,202,0.376,0.0988,0.0,-0.216,0.06,0.057,8.168,0.684,1.33,33.21,0.903
271,196,0.4174,0.0952,0.0,-0.212,0.054,0.063,8.548,0.655,4.57,35.97,0.953
272,81,0.4458,0.0686,0.0,-0.185,0.048,0.062,8.844,0.816,-2.81,40.0,0.881
273,69,0.4212,0.0799,0.0,-0.218,0.065,0.069,7.833,0.623,8.06,30.02,0.943
274,254,0.5804,0.116,0.0,0.067,0.066,0.046,8.895,5.261,-0.24,36.22,0.959
275,66,0.5596,0.0663,0.0,0.098,0.056,0.042,8.604,5.637,6.48,37.67,0.969
276,56,0.4353,0.072,0.0,-0.167,0.056,0.039,10.348,0.464,5.06,38.76,0.888
277,83,0.4358,0.0996,0.0,-0.248,0.067,0.065,7.304,0.58,5.17,37.05,0.941
278,59,0.4495,0.084,0.0,-0.267,0.069,0.068,7.365,0.43,-2.07,37.43,0.919
279,55,0.3224,0.1003,0.03370000049471855,-0.105,0.047,0.055,8.229,2.064,13.78,36.34,1.13
280,117,0.3319,0.0918,0.02810000069439411,-0.285,0.085,0.07,7.61,0.027,3.99,34.92,1.037
281,91,0.3919,0.0756,0.0,-0.274,0.069,0.065,7.874,0.289,2.33,34.15,0.952
282,55,0.3257,0.0795,0.024800000712275505,-0.243,0.115,0.038,6.035,-0.088,-3.89,42.85,0.934
283,75,0.3628,0.0631,0.0,-0.076,0.044,0.02,10.099,2.183,6.93,34.54,1.102
284,635,0.3688,0.0746,0.0,-0.058,0.063,0.025,10.508,2.278,2.67,35.33,1.028
285,55,0.2218,0.0748,0.032999999821186066,-0.324,0.096,0.093,6.901,-0.281,0.46,37.73,0.832
286,109,0.3605,0.0741,0.0,-0.299,0.072,0.067,7.502,0.214,1.31,33.22,0.955
287,108,0.3875,0.0739,0.0,-0.115,0.049,0.052,8.401,2.018,8.32,34.99,1.151
288,53,0.4163,0.0717,0.0,-0.156,0.054,0.058,10.106,0.365,2.06,41.93,0.826
289,138,0.4915,0.0578,0.0,-0.174,0.052,0.048,10.55,0.186,3.33,34.49,0.92
290,68,0.358,0.0677,0.0,-0.327,0.079,0.079,6.888,0.248,6.41,41.55,0.838
291,161,0.3311,0.0553,0.0,-0.338,0.082,0.077,6.644,0.183,5.52,37.69,0.891
292,90,0.4091,0.0921,0.0,-0.288,0.071,0.089,6.836,0.514,4.86,33.82,1.039
293,372,0.3529,0.0581,0.0,-0.332,0.072,0.083,7.137,0.134,6.49,38.85,0.874
294,321,0.4818,0.0798,0.0,-0.227,0.067,0.088,9.479,-0.116,1.68,39.48,0.901
295,74,0.4575,0.051,0.0,-0.165,0.052,0.038,10.616,0.531,-2.87,31.8,0.845
296,65,0.4499,0.0468,0.0,-0.176,0.059,0.027,10.877,0.653,0.07,35.15,0.869
297,282,0.4509,0.0569,0.0,-0.16,0.053,0.039,10.346,0.714,4.52,36.96,0.901
298,81,0.4615,0.0627,0.0,-0.178,0.05,0.062,9.426,0.596,2.75,39.22,0.91
299,179,0.4438,0.0815,0.0,-0.192,0.058,0.052,10.273,0.155,4.61,37.04,0.869
300,172,0.4484,0.0916,0.0,-0.22,0.057,0.079,10.035,-0.098,5.23,38.71,0.883
301,86,0.4523,0.0905,0.0,-0.18,0.065,0.066,9.88,0.169,3.86,36.35,0.843
302,59,0.3811,0.0635,0.0,-0.201,0.044,0.069,7.385,1.273,1.98,35.43,1.189
303,116,0.3955,0.1326,0.009999999776482582,-0.228,0.071,0.063,7.684,0.782,1.01,38.21,0.964
304,97,0.3607,0.0889,0.0,-0.143,0.056,0.052,8.306,1.67,2.65,33.14,1.109
305,64,0.3506,0.0946,0.0,-0.135,0.053,0.053,8.506,1.791,7.85,33.05,0.978
306,90,0.4153,0.0858,0.0,-0.191,0.059,0.053,7.676,1.284,-1.62,34.46,1.029
307,109,0.4258,0.1005,0.0,-0.192,0.064,0.047,7.923,1.065,6.14,35.03,0.948
308,97,0.4424,0.0771,0.0,-0.178,0.064,0.052,9.896,0.611,-2.6,40.12,0.869
309,52,0.263,0.1451,0.0868000015616417,-0.224,0.061,0.08,7.436,0.988,7.28,37.95,1.106
310,70,0.3501,0.0598,0.0,-0.318,0.096,0.065,6.22,0.292,1.75,30.06,0.85
311,81,0.3914,0.1006,0.0,-0.177,0.039,0.049,7.966,1.435,7.09,39.83,1.119
312,190,0.3883,0.0778,0.0,-0.155,0.048,0.053,7.965,1.664,5.37,32.7,1.062
313,118,0.3037,0.0593,0.0,-0.362,0.097,0.091,5.582,0.176,0.39,39.84,1.028
314,103,0.4844,0.0786,0.0,-0.225,0.065,0.078,8.99,0.163,2.98,36.24,0.901
315,117,0.4991,0.093,0.0,-0.225,0.053,0.08,9.235,0.285,13.14,39.26,0.856
316,378,0.3152,0.0671,0.0,-0.349,0.087,0.088,5.755,0.405,1.51,36.36,0.973
317,106,0.3287,0.0954,0.0,-0.292,0.058,0.082,5.791,0.843,-0.09,31.5,1.015
318,51,0.3251,0.0783,0.0,-0.254,0.061,0.084,6.72,0.792,2.54,34.07,1.119
319,113,0.4777,0.0868,0.0,-0.232,0.068,0.065,9.565,0.219,-2.43,37.64,0.892
320,70,0.4837,0.0646,0.0,-0.19,0.065,0.058,9.595,0.462,-6.17,38.75,0.813
321,270,0.3932,0.0688,0.0,-0.235,0.058,0.078,7.156,0.967,-0.27,35.36,1.042
322,380,0.354,0.0898,0.0,-0.266,0.063,0.084,6.324,0.872,-1.11,35.16,1.073
323,141,0.3786,0.0765,0.0,-0.244,0.056,0.083,6.618,1.162,2.77,36.75,1.018
324,56,0.3821,0.0936,0.0,-0.218,0.057,0.075,6.841,1.225,12.09,31.27,1.108
325,69,0.6208,0.1004,0.0,0.241,0.061,0.001,10.966,7.486,7.83,33.59,1.37
326,79,0.4953,0.0606,0.0,0.068,0.063,0.006,10.556,4.511,7.85,35.64,1.185
327,63,0.4706,0.0846,0.0,0.118,0.087,-0.027,12.967,5.449,9.13,30.82,1.116
328,70,0.5294,0.0864,0.0,0.113,0.079,-0.015,12.468,5.916,6.6,27.17,1.301
329,71,0.6462,0.0818,0.0,0.248,0.087,0.04,7.529,7.128,-4.72,30.49,0.864
330,144,0.5512,0.0895,0.0,0.128,0.073,0.002,12.896,5.961,1.96,35.72,1.264
331,93,0.5139,0.0541,0.0,0.04,0.066,0.022,10.429,4.775,8.01,34.31,0.964
332,53,0.5839,0.0853,0.0,0.188,0.076,-0.035,13.267,6.12,5.71,33.57,1.123
333,125,0.5956,0.1292,0.0,0.145,0.093,0.008,12.972,6.306,7.08,35.36,1.19
334,80,0.4016,0.0588,0.0,0.018,0.075,0.036,8.151,3.184,3.48,38.93,1.215
335,150,0.3711,0.0629,0.0,-0.012,0.061,0.055,7.987,2.828,0.06,38.96,1.025
336,190,0.3272,0.0736,0.0,-0.048,0.06,0.076,7.604,2.632,6.97,40.5,1.039
337,102,0.3561,0.0634,0.0,-0.116,0.04,0.057,7.642,2.201,5.08,35.3,1.093
338,86,0.3401,0.0686,0.0,-0.092,0.068,0.064,7.247,2.526,-0.56,36.34,1.17
339,131,0.3488,0.0849,0.0,-0.147,0.051,0.061,7.315,2.037,1.15,38.69,1.191
340,51,0.382,0.0648,0.0,-0.129,0.055,0.067,7.402,2.252,3.13,33.02,1.167
341,86,0.4384,0.1096,0.0,0.091,0.097,-0.06,13.802,5.004,-7.29,32.43,1.093
342,76,0.5403,0.052,0.0,0.099,0.056,0.025,10.833,5.749,-1.63,37.89,0.98
343,77,0.4377,0.0436,0.0,0.018,0.059,0.05,8.937,3.733,5.4,35.8,1.053
344,104,0.4935,0.0688,0.0,0.044,0.062,0.013,10.049,4.191,10.22,34.06,0.996
345,268,0.4542,0.0634,0.0,0.039,0.058,0.022,9.58,3.838,5.98,34.44,1.15
346,55,0.4361,0.0844,0.0,0.017,0.061,0.012,10.052,3.84,4.07,36.05,0.975
347,93,0.415,0.0531,0.0,0.027,0.066,0.022,10.003,3.576,4.16,41.77,1.069
348,66,0.4135,0.0566,0.0,0.021,0.069,0.027,9.735,3.547,6.95,41.25,1.042
349,98,0.4663,0.0723,0.0,0.112,0.09,-0.009,12.498,5.306,1.26,35.62,1.104
350,333,0.4708,0.0859,0.0,0.096,0.08,-0.019,12.839,5.212,2.67,32.79,1.125
351,1041,0.4859,0.0882,0.0,0.114,0.095,-0.046,13.404,5.258,2.05,33.13,1.109
352,61,0.5961,0.0976,0.0,0.26,0.053,-0.014,11.23,7.434,11.87,36.43,1.419
353,153,0.7955,0.1164,0.0,0.319,0.065,-0.001,10.729,8.187,5.83,31.42,1.522
354,54,0.4847,0.0573,0.0,0.098,0.075,-0.01,12.588,5.026,-2.52,37.24,1.095
355,160,0.471,0.067,0.0,0.076,0.068,-0.011,12.47,4.874,0.63,36.7,1.211
356,63,0.4852,0.0503,0.0,0.061,0.058,-0.001,12.222,4.803,2.33,37.6,0.954
357,62,0.4138,0.0656,0.0,-0.007,0.064,0.021,9.132,3.361,14.25,33.81,1.157
358,244,0.3811,0.0688,0.0,-0.015,0.073,-0.009,13.971,2.902,-1.54,29.37,1.073
359,262,0.6158,0.089,0.0,0.217,0.069,0.008,11.294,7.227,1.87,33.44,1.294
360,60,0.534,0.0625,0.0,0.112,0.057,0.015,11.822,6.083,-0.6,35.67,1.124
361,129,0.4149,0.0583,0.0,0.007,0.054,0.026,8.804,3.345,-2.53,41.23,1.144
362,67,0.428,0.0683,0.0,0.046,0.054,-0.003,12.177,4.091,3.1,32.79,0.913
363,136,0.6649,0.0741,0.0,0.211,0.097,0.032,7.654,6.719,-1.67,38.28,0.862
364,233,0.3675,0.0524,0.0,0.028,0.07,-0.013,14.259,3.633,-1.84,28.92,1.079
365,152,0.4272,0.0535,0.0,0.035,0.077,0.016,10.663,3.788,4.29,37.18,1.107
366,89,0.3658,0.0832,0.018799999728798866,-0.026,0.051,0.018,10.938,2.422,3.23,36.77,1.022
367,58,0.3751,0.0636,0.0,-0.005,0.047,0.018,9.952,3.199,6.19,45.76,0.982
368,160,0.3536,0.0596,0.0,-0.009,0.066,0.039,8.38,2.659,-5.79,34.98,1.027
369,104,0.3378,0.0832,0.0,-0.074,0.051,0.059,8.088,2.361,1.24,32.88,0.998
370,60,0.4119,0.0684,0.0,0.021,0.072,0.008,11.168,3.501,-1.67,41.51,0.991
371,103,0.3997,0.0569,0.0,0.017,0.065,0.008,11.322,3.401,2.18,33.86,1.051
372,64,0.4147,0.0635,0.0,0.029,0.077,0.018,10.996,3.588,8.88,31.72,1.053
373,157,0.3584,0.0605,0.0,-0.02,0.059,0.03,10.754,2.759,2.34,37.74,0.986
374,88,0.3687,0.0613,0.0,-0.043,0.053,0.029,9.034,2.675,7.2,31.56,1.075
375,70,0.3725,0.0517,0.0,-0.038,0.049,0.037,10.038,2.648,3.1,36.28,1.04
376,54,0.3699,0.0495,0.0,-0.008,0.061,0.038,9.618,2.936,1.6,36.16,1.015
377,53,0.3556,0.0565,0.0,-0.02,0.06,0.025,10.555,2.801,2.2,33.7,1.0
378,59,0.3911,0.0624,0.0,-0.004,0.057,0.028,9.552,3.168,1.46,41.81,1.06
379,50,0.38,0.0538,0.0,-0.026,0.048,0.046,8.72,2.799,7.21,35.23,0.999
380,79,0.3698,0.0561,0.0,-0.038,0.059,0.039,9.627,2.757,-2.58,39.2,1.18
381,75,0.3915,0.0691,0.0,-0.05,0.053,0.045,9.757,2.64,-5.52,43.01,1.109
382,54,0.4095,0.0562,0.0,0.046,0.074,-0.037,14.645,4.177,6.59,28.14,1.024
383,66,0.4021,0.0515,0.0,0.081,0.07,-0.028,14.442,4.154,-3.17,27.06,1.092
384,60,0.3688,0.0494,0.0,-0.026,0.059,0.031,8.715,2.961,10.55,30.98,1.006
385,164,0.5159,0.0854,0.0,0.158,0.076,-0.008,12.474,6.327,-3.09,31.09,1.097
386,141,0.5316,0.0867,0.0,0.13,0.068,-0.009,12.169,6.197,-0.97,31.35,1.151
387,262,0.5447,0.0796,0.0,0.149,0.079,-0.0,12.056,6.477,3.04,36.87,1.144
388,84,0.5943,0.0772,0.0,0.091,0.062,0.037,9.49,5.623,-1.96,33.1,0.952
389,63,0.3791,0.058,0.0,-0.014,0.046,0.027,8.949,3.106,9.58,34.97,1.063
390,90,0.378,0.0637,0.0,0.009,0.06,0.024,9.251,3.157,6.13,34.8,1.08
391,78,0.3713,0.0622,0.0,-0.019,0.046,0.018,11.078,2.734,3.27,35.1,0.921
392,1345,0.3891,0.0594,0.0,0.008,0.057,0.021,10.538,3.168,3.04,35.84,1.034
393,57,0.4758,0.0523,0.0,0.058,0.061,-0.008,12.36,4.552,6.58,29.82,1.016
394,78,0.4237,0.0602,0.0,0.056,0.064,0.012,11.84,4.021,-4.82,42.35,0.976
395,200,0.6638,0.0891,0.0,0.282,0.066,-0.008,10.891,7.824,8.34,32.51,1.502
396,81,0.7556,0.1144,0.0,0.351,0.068,-0.012,11.077,8.145,5.63,30.97,1.542
397,73,0.5322,0.0657,0.0,0.103,0.068,0.006,11.717,5.865,6.62,37.0,0.961
398,91,0.4139,0.0755,0.0,0.039,0.059,0.009,11.743,3.811,0.88,32.18,0.939
399,115,0.3737,0.0585,0.0,0.019,0.061,-0.019,13.969,3.293,0.27,30.83,1.011
400,65,0.6482,0.0631,0.0,0.197,0.063,0.014,9.208,7.108,-2.98,28.2,1.021
401,185,0.6063,0.09,0.0,0.136,0.061,0.017,9.364,6.034,-4.48,33.76,0.937
402,732,0.4264,0.0716,0.0,0.058,0.069,-0.021,13.859,4.158,0.59,31.42,1.037
403,69,0.3967,0.0619,0.0,0.053,0.06,-0.027,13.747,3.519,-2.67,29.17,1.012
404,88,0.5457,0.0604,0.0,0.107,0.073,0.025,10.144,5.766,-3.18,31.85,0.996
405,122,0.5686,0.0681,0.0,0.082,0.056,0.031,10.143,5.341,2.03,37.09,0.902
406,101,0.5677,0.0648,0.0,0.092,0.052,0.037,9.931,5.459,-0.45,37.16,0.886
407,237,0.4809,0.1062,0.0,0.107,0.109,-0.073,14.306,4.764,1.01,31.37,1.024
408,55,0.4328,0.0453,0.0,0.049,0.05,0.004,11.951,3.812,4.61,29.41,0.952
409,183,0.7909,0.1024,0.0,0.286,0.066,0.014,9.437,8.312,7.1,34.63,1.274
410,91,0.3827,0.048,0.0,-0.014,0.068,-0.013,14.595,3.634,1.19,25.46,1.08
411,473,0.37,0.0764,0.0,-0.016,0.074,-0.017,14.949,3.976,0.08,29.49,1.031
412,129,0.4269,0.1217,0.05770000070333481,0.094,0.084,-0.075,14.609,4.545,-1.65,29.92,1.043
413,98,0.3969,0.0804,0.0,0.094,0.073,-0.045,14.456,4.478,-3.7,28.2,1.064
414,80,0.3463,0.0925,0.05480000004172325,-0.037,0.064,-0.001,13.267,2.354,-3.8,31.53,1.009
415,73,0.3784,0.0655,0.0,-0.063,0.045,0.029,12.243,1.415,0.86,36.2,1.002
416,159,0.4348,0.0602,0.0,0.052,0.068,0.018,10.963,3.915,2.9,32.28,1.048
417,58,0.3766,0.0817,0.01720000058412552,-0.038,0.048,0.027,11.229,2.324,-2.98,32.08,1.026
418,108,0.7896,0.0959,0.0,0.275,0.052,0.044,9.083,8.264,6.41,37.33,1.315
419,55,0.3671,0.0774,0.0,-0.06,0.062,0.024,11.504,2.063,3.13,32.91,0.986
420,56,0.4773,0.081,0.0,0.09,0.099,0.007,11.561,5.494,-0.64,36.49,0.979
421,143,0.3523,0.0782,0.0,-0.009,0.054,0.016,11.952,2.609,3.35,32.85,0.983
422,120,0.3626,0.0565,0.0,-0.01,0.052,0.006,12.192,2.665,1.54,28.66,0.953
423,127,0.3596,0.0598,0.0,-0.002,0.053,0.007,12.412,2.724,4.84,30.67,1.078
424,147,0.4439,0.0595,0.0,0.046,0.055,0.003,12.008,4.357,-0.69,33.29,1.007
425,106,0.4579,0.0528,0.0,0.036,0.056,-0.005,12.294,4.219,-0.34,38.23,1.027
426,96,0.3603,0.0769,0.0,-0.049,0.044,0.035,11.249,2.037,-0.54,36.02,1.097
427,61,0.4047,0.0717,0.0,0.043,0.066,-0.005,12.877,3.641,2.16,33.78,1.074
428,175,0.4529,0.0981,0.0,0.057,0.074,-0.02,13.07,4.493,2.81,33.1,1.1
429,76,0.359,0.0574,0.0,0.021,0.048,0.007,12.127,3.003,-0.11,35.16,0.988
430,63,0.3783,0.0483,0.0,0.022,0.059,0.024,11.92,3.006,-0.32,36.94,0.989
431,173,0.7613,0.0937,0.0,0.266,0.06,0.03,8.877,8.24,5.84,40.32,1.242
432,62,0.4722,0.0684,0.0,0.055,0.076,-0.022,12.806,4.586,4.29,33.62,1.061
433,149,0.3512,0.0558,0.0,0.001,0.047,0.02,11.482,2.722,0.26,34.76,1.083
434,215,0.3735,0.0593,0.0,-0.024,0.039,0.022,11.444,2.504,-1.23,36.54,1.035
435,58,0.4483,0.0517,0.0,0.03,0.06,0.01,11.265,3.784,8.24,34.45,1.017
436,64,0.794,0.0929,0.0,0.287,0.047,0.02,9.798,8.257,0.96,33.91,1.429
437,87,0.5816,0.0702,0.0,0.166,0.067,0.007,11.369,6.897,6.27,32.72,1.295
438,229,0.5695,0.0752,0.0,0.16,0.075,0.018,11.717,6.805,3.23,35.8,1.195
439,79,0.6184,0.0609,0.0,0.133,0.054,0.016,9.681,5.864,-1.71,34.5,0.816
440,83,0.646,0.0624,0.0,0.194,0.06,0.025,8.98,6.964,0.93,34.98,1.073
441,283,0.3821,0.0645,0.0,0.001,0.062,-0.009,13.572,3.034,0.8,31.19,1.031
442,92,0.6269,0.0687,0.0,0.16,0.07,0.012,10.45,7.129,6.29,36.86,1.024
443,80,0.3141,0.1121,0.062300000339746475,-0.085,0.041,0.04,11.095,1.828,1.98,28.8,1.107
444,87,0.3694,0.0893,0.0,-0.068,0.049,0.031,11.02,2.029,1.02,36.35,1.032
445,183,0.3677,0.0568,0.0,0.009,0.05,0.012,11.714,2.945,2.27,34.65,0.99
446,129,0.5881,0.1158,0.0,0.111,0.069,0.001,9.883,5.993,-0.71,37.3,0.89
447,149,0.5625,0.0659,0.0,0.118,0.056,0.021,10.204,6.094,2.16,31.08,1.008
448,99,0.4893,0.0739,0.0,0.109,0.077,-0.004,12.239,5.363,6.38,33.23,1.243
449,242,0.5094,0.0787,0.0,0.089,0.075,-0.004,12.085,5.643,5.57,34.75,1.236
450,75,0.4663,0.0788,0.0,0.05,0.072,0.005,11.97,4.886,-2.92,33.47,0.964
451,149,0.4679,0.0702,0.0,0.048,0.056,0.012,11.887,4.681,0.89,34.59,1.022
452,87,0.4123,0.0538,0.0,0.037,0.051,0.006,11.67,3.544,3.2,35.71,0.989
453,79,0.5476,0.0651,0.0,0.071,0.058,0.029,10.512,5.281,0.38,36.25,0.97
454,57,0.5371,0.0567,0.0,0.062,0.06,0.019,10.669,5.294,4.74,36.09,0.979
455,88,0.5522,0.0474,0.0,0.05,0.044,0.034,10.383,5.043,-6.77,33.41,0.944
456,138,0.534,0.0547,0.0,0.062,0.056,0.023,10.658,5.016,0.07,31.28,1.042
457,54,0.4644,0.0571,0.0,0.051,0.057,0.011,11.372,4.368,5.0,42.49,0.955
458,60,0.3529,0.0824,0.007799999788403511,-0.07,0.047,0.04,11.362,1.806,-2.31,33.56,0.996
459,151,0.5063,0.0798,0.0,0.082,0.071,0.005,11.741,5.42,2.66,34.73,1.062
460,192,0.5452,0.0608,0.0,0.081,0.056,0.02,10.852,5.37,3.48,35.21,0.887
461,244,0.5453,0.0521,0.0,0.09,0.064,0.026,10.525,5.593,-0.86,37.24,0.934
462,62,0.368,0.0799,0.0,-0.075,0.036,0.035,11.492,1.689,-1.93,72.35,0.975
463,137,0.4355,0.0754,0.0,0.053,0.057,0.007,11.446,4.06,0.5,35.23,0.974
464,228,0.4615,0.058,0.0,0.057,0.057,0.014,11.119,4.206,1.69,33.31,0.976
465,101,0.4447,0.056,0.0,0.041,0.06,-0.004,12.246,3.838,0.26,31.79,1.004
466,82,0.4306,0.0569,0.0,0.037,0.052,-0.0,12.272,3.707,-1.01,33.33,0.949
467,137,0.3737,0.0702,0.0,0.03,0.047,0.005,12.219,3.239,4.97,33.96,1.089
468,163,0.3954,0.0511,0.0,0.037,0.057,-0.007,12.063,3.46,1.51,33.95,1.05
469,977,0.4956,0.066,0.0,0.063,0.062,0.013,11.333,4.916,0.48,35.18,0.995
470,82,0.386,0.0601,0.0,0.045,0.053,-0.004,12.689,3.454,-2.54,29.75,1.21
471,197,0.4219,0.0591,0.0,0.035,0.06,0.003,12.436,3.487,3.27,35.15,1.054
472,58,0.6863,0.0698,0.0,0.204,0.066,0.029,8.632,7.139,-1.31,40.85,0.917
473,108,0.4532,0.0811,0.0,0.033,0.072,-0.022,12.926,4.322,6.13,34.07,1.028
474,206,0.4602,0.0684,0.0,0.036,0.078,-0.007,12.724,3.941,1.16,33.24,1.009
475,185,0.5157,0.0665,0.0,0.077,0.06,0.019,11.242,5.453,1.27,37.47,0.964
476,93,0.512,0.0569,0.0,0.087,0.073,0.022,11.302,5.69,3.26,36.16,1.052
477,459,0.3898,0.0903,0.031199999153614044,-0.064,0.051,0.013,12.076,1.854,1.19,30.33,1.0
478,67,0.6045,0.0775,0.0,0.165,0.065,0.012,9.226,6.237,2.72,32.05,0.919
479,80,0.4224,0.0467,0.0,-0.066,0.041,0.022,11.813,1.639,4.52,31.3,0.873
480,62,0.3665,0.0726,0.0,-0.058,0.044,0.029,11.74,1.833,10.71,34.65,0.917
481,112,0.4663,0.0769,0.0,0.025,0.081,-0.028,12.665,4.404,-3.03,34.83,0.977
482,65,0.4526,0.0693,0.0,0.026,0.064,-0.013,12.62,4.225,4.11,35.71,1.026
483,295,0.6124,0.0651,0.0,0.209,0.082,0.03,8.038,6.233,-5.99,35.75,0.861
484,74,0.6233,0.0986,0.0,0.206,0.055,0.009,10.544,7.353,1.43,29.44,1.05
485,53,0.7206,0.0921,0.0,0.257,0.062,0.047,8.514,7.834,-0.85,31.22,1.251
486,157,0.5409,0.068,0.0,0.098,0.062,0.012,11.483,6.387,5.28,35.74,1.07
487,197,0.5498,0.0593,0.0,0.101,0.079,0.026,11.231,6.062,6.11,36.26,1.072
488,75,0.4454,0.0704,0.0,0.037,0.064,-0.006,13.099,4.103,1.39,30.2,1.051
489,146,0.3873,0.0562,0.0,-0.026,0.041,0.001,12.97,2.312,-1.46,32.99,0.992
490,68,0.7734,0.0864,0.0,0.25,0.06,0.033,8.701,7.956,3.06,35.39,1.165
491,397,0.6809,0.0738,0.0,0.231,0.062,0.041,8.217,7.396,1.74,35.68,1.036
492,65,0.3742,0.0541,0.0,-0.019,0.051,-0.005,13.04,2.496,4.62,32.15,0.98
493,58,0.3881,0.0618,0.0,-0.013,0.063,-0.002,13.286,2.618,-2.71,32.4,1.058
494,90,0.4124,0.0752,0.0,0.03,0.067,-0.027,13.416,3.879,2.36,34.39,1.02
495,122,0.3856,0.0701,0.0,0.009,0.054,0.014,12.78,3.201,0.47,32.8,1.073
496,628,0.3679,0.0683,0.0,-0.016,0.051,0.003,12.763,2.619,2.45,34.08,1.001
497,51,0.4113,0.0573,0.0,0.05,0.058,0.002,13.143,3.788,5.37,25.78,1.161
498,91,0.4379,0.0776,0.0,0.032,0.084,-0.007,12.992,3.957,2.62,31.69,1.067
499,273,0.3916,0.0671,0.0,0.028,0.058,0.004,13.029,3.345,3.43,33.76,1.024
500,140,0.4321,0.0497,0.0,0.031,0.059,-0.014,13.416,3.583,-2.53,32.74,1.013
501,150,0.4097,0.0612,0.0,0.027,0.063,-0.005,13.343,3.328,0.14,31.35,1.113
502,299,0.3831,0.072,0.0,-0.003,0.063,0.002,13.239,2.936,1.66,31.27,1.032
503,69,0.5822,0.0706,0.0,0.104,0.064,0.015,11.227,6.676,6.67,38.77,0.999
504,94,0.5747,0.1147,0.0,0.217,0.07,0.01,10.815,7.275,1.73,31.39,1.186
505,67,0.6489,0.0689,0.0,0.185,0.071,0.021,9.412,7.191,8.54,33.09,1.119
506,54,0.6286,0.0658,0.0,0.268,0.094,0.032,8.281,6.343,-7.94,37.86,0.813
507,50,0.7273,0.0683,0.0,0.221,0.059,0.005,10.561,7.71,11.29,32.59,1.195
508,262,0.6685,0.1022,0.0,0.192,0.065,0.021,9.207,7.38,3.17,32.04,1.135
509,59,0.7576,0.0945,0.0,0.24,0.047,0.001,9.831,8.014,7.66,28.96,1.224
510,63,0.6873,0.0948,0.0,0.206,0.071,0.044,8.735,7.367,3.64,32.82,1.235
511,184,0.6656,0.0723,0.0,0.228,0.087,0.034,7.956,6.866,-4.55,34.18,0.934
512,113,0.704,0.0915,0.0,0.193,0.065,0.019,9.25,7.762,4.69,32.8,1.11
513,93,0.6681,0.1057,0.0,0.183,0.065,0.028,9.019,7.543,1.98,36.37,1.111
514,74,0.6636,0.0893,0.0,0.184,0.061,0.027,8.8,7.538,4.95,32.61,1.11
515,130,0.6013,0.094,0.0,0.164,0.074,0.009,9.65,7.113,4.35,34.89,1.067
516,53,0.6737,0.084,0.0,0.188,0.073,0.016,9.656,7.348,6.37,35.1,1.089
517,50,0.7389,0.0642,0.0,0.209,0.044,0.012,10.285,7.724,4.32,34.01,1.224
518,306,0.6967,0.0922,0.0,0.199,0.064,0.01,9.644,7.806,5.07,34.4,1.15
519,885,0.655,0.0781,0.0,0.168,0.073,-0.002,10.103,7.412,5.03,34.26,1.092
520,90,0.6039,0.0885,0.0,0.129,0.07,0.008,10.195,6.433,3.03,32.99,1.187
521,75,0.5793,0.0689,0.0,0.172,0.07,0.004,10.769,7.019,0.75,32.64,1.256
522,136,0.5942,0.0751,0.0,0.142,0.059,0.013,10.277,6.781,3.01,35.03,0.979
523,130,0.5598,0.0536,0.0,0.111,0.05,0.014,10.53,6.2,1.61,35.81,1.024
524,78,0.6033,0.0566,0.0,0.141,0.064,0.007,10.069,6.882,5.4,33.59,1.012
525,65,0.5547,0.059,0.0,0.1,0.067,0.022,11.132,6.29,-1.12,38.35,1.074
526,167,0.5601,0.0608,0.0,0.135,0.065,0.016,10.609,6.536,1.09,35.24,0.996
527,100,0.5599,0.0626,0.0,0.111,0.074,0.02,10.929,6.452,6.15,41.1,1.102
528,92,0.581,0.0514,0.0,0.161,0.06,0.005,10.706,6.805,7.94,34.25,1.159
529,66,0.6051,0.0503,0.0,0.14,0.055,0.002,11.075,6.766,8.54,36.54,1.066
530,126,0.592,0.0606,0.0,0.144,0.066,0.001,10.905,6.809,7.3,34.49,1.02
531,101,0.6412,0.0491,0.0,0.161,0.078,0.012,9.84,6.995,4.91,31.5,0.976
532,50,0.6117,0.0794,0.0,0.145,0.064,0.019,9.873,6.51,1.18,33.37,1.181
533,144,0.6463,0.0718,0.0,0.155,0.074,0.012,9.836,6.732,9.54,33.89,1.034
534,63,0.6173,0.0518,0.0,0.233,0.069,0.04,8.768,6.527,-5.33,37.48,0.932
535,318,0.6307,0.0791,0.0,0.171,0.071,0.02,9.397,6.679,2.49,36.05,1.011
536,79,0.6519,0.0572,0.0,0.244,0.092,0.018,8.222,6.619,2.07,35.25,0.825
537,109,0.6721,0.0606,0.0,0.25,0.074,0.031,8.274,6.777,-3.83,34.78,0.863
538,364,0.6404,0.0688,0.0,0.26,0.075,0.044,8.553,6.492,-4.03,35.56,0.883
539,109,0.6427,0.0628,0.0,0.28,0.091,0.051,8.475,6.271,-8.63,36.53,0.833
540,75,0.6024,0.0974,0.0,0.239,0.094,0.03,8.682,6.14,1.09,41.03,0.896
541,242,0.6386,0.0642,0.0,0.212,0.074,0.026,8.948,6.325,-1.98,37.7,0.853
542,77,0.6309,0.0534,0.0,0.217,0.078,0.016,9.182,6.432,-3.47,36.14,0.916
