rank,sid,main_id,hd,hip,tmass,constellation,hab,sCO,sMgSi,sFeH,sMgFe,sSiFe,sCaFe,sAlFe,sVol,sAge,CO,MgSi,feh,mgfe,sife,cafe,alfe,bafe,plx,dist,G,ruwe,nss,teff,logg,radius,age,ra,dec,north,rv,rv_bib,nbref,has_planet,in_18,hard_pass,fails
1,4663415673990011648,UCAC4 129-004232,,,,Dorado,0.9987275459895524,1.0,0.9993022,0.9999486,0.99751645,0.99958163,0.9922606336593611,0.9996025618288331,0.9969762,1.0,0.5236319,1.0349452,-0.003041245,0.0105782375,-0.0043391474,-0.024931058,0.054229453,0.06945636,1.0115967683278386,988.5361749948964,13.264594,0.94482285,0,5707.0674,3.9111273,1.9757,6.9395022,70.07041931152344,-64.24183654785156,False,54.335999,2021MNRAS.506..150B,2.0,False,False,False,dist>=200pc(989); G>=12(13.3)
2,4390713043425023360,UCAC4 482-065215,,,,Ophiucus,0.9980798205443564,1.0,0.99943334,0.99406993,0.99930143,0.9998283,0.9986561112769717,0.9988480917252204,0.9950855,1.0,0.31658873,1.0065324,-0.03271968,0.005607493,0.0027797278,0.010372242,0.057201788,0.0251842,1.1793530256289604,847.9225289363126,13.112826,0.98778355,0,5639.883,3.8840833,2.0959,6.8404994,262.1531982421875,6.238916873931885,True,55.709999,2021MNRAS.506..150B,3.0,False,False,False,dist>=200pc(848); G>=12(13.1)
3,6667731741137898624,UCAC4 200-187381,,,,Telescopium,0.997183601863609,0.9999265,0.99597937,0.99957156,0.9986188,0.99511164,0.9998967113770187,0.9795236281154911,0.9987606,1.0,0.65181834,0.9840945,0.008782409,0.007886596,0.014849801,-0.0028746333,0.080512315,0.062450983,1.5576196384704084,642.0052593725679,12.40069,1.126645,0,5371.9185,3.8280218,2.0697,6.5572925,306.1360778808594,-50.088165283203125,False,-35.942001,2021MNRAS.506..150B,2.0,False,False,False,dist>=200pc(642); G>=12(12.4)
4,6836023059603519872,,,,,Capricornus,0.9970681159335274,1.0,0.99424475,0.99925363,0.9907999,0.99916536,0.997352206586093,0.9986685550006428,0.99636924,0.9997239708900452,0.40470898,1.0629767,0.011592574,0.020394117,-0.0061296616,0.0145638045,0.057743058,0.071323045,1.0104411742755182,989.6667173296809,13.654563,0.9435375,0,5661.0083,3.9540462,1.7729,8.093981,320.8268737792969,-15.9526948928833,True,,,,False,False,False,dist>=200pc(990); G>=12(13.7); age8.1
5,5942188271648650752,,,,,Norma,0.9967591321427872,1.0,0.99739265,0.98775125,0.9999203,0.999912,0.9911005562474533,0.997585082038894,0.9998453,1.0,0.16975197,0.99109596,-0.04709971,-0.0018942282,0.0019900743,-0.026742147,0.060430855,0.054397054,2.104085437572545,475.2658718809853,12.257417,0.8695333,0,5643.971,3.9121802,,7.6018085,247.3335418701172,-46.3836669921875,False,,,,False,False,False,dist>=200pc(475); G>=12(12.3)
6,6109239272278109440,UCAC4 230-072703,,,,Centaurus,0.9964454526776656,1.0,0.9999473,0.99478173,0.9997396,0.9997395,0.9824976262649748,0.9989794741296386,0.98671836,1.0,0.31636047,1.0158919,0.030687775,0.0034233928,-0.0034241043,-0.037584413,0.05677843,0.009118162,1.1619295649090835,860.6373658099027,13.063944,1.0362796,0,5611.753,3.893537,1.9397,6.842955,210.3034210205078,-44.11527633666992,False,-59.181,2021MNRAS.506..150B,2.0,False,False,False,dist>=200pc(861); G>=12(13.1)
7,6452052875966169088,TYC 9103-300-1,,,,Pavo,0.9962214713466436,1.0,0.9924697,0.99611443,0.9987463,0.99081665,0.9969357677645589,0.9922925540402603,0.9999365,1.0,0.22855654,0.97081864,-0.026471741,0.007513568,0.020375453,0.015668916,0.068659544,0.05281751,1.541052621111648,648.9071082327116,12.2210045,1.0270755,0,5601.9736,3.8266003,2.0977,5.5245104,321.7829895019531,-61.1214714050293,False,-7.04,2018yCat.1345....0G,2.0,False,False,False,dist>=200pc(649); G>=12(12.2)
8,4759952107712818944,TYC 8531-1006-1,,,,Pictor,0.9961567287299448,1.0,0.9974055,0.99778706,0.9926285,0.98920524,0.9969570860640008,0.98674055183976,0.9999765,1.0,0.3215127,0.99116737,-0.019969545,0.018246815,0.02209983,-0.015614232,0.025491506,0.048287466,2.5930971103885017,385.63924042558455,11.016173,0.73963815,0,5700.438,3.837033,2.2006,5.315863,84.75962829589844,-58.61608505249024,False,72.3117,2022ApJS..259...35A,15.0,False,False,False,dist>=200pc(386)
9,2709423150235886976,UCAC4 483-138337,,,,Pegasus,0.9956451004559226,1.0,0.99955904,0.99999785,0.9910705,0.99907273,0.9996878800816723,0.992506079631246,0.97656953,1.0,0.3024573,1.0318799,0.00062384456,0.02009058,0.0064614452,0.0049973484,0.06839827,-0.00443957,1.3249949722137522,754.7198449585339,12.954201,1.1958371,0,5746.1206,3.8965354,2.3243,6.115281,337.3169250488281,6.589499950408936,True,7.433,2021MNRAS.506..150B,3.0,False,False,False,dist>=200pc(755); G>=12(13.0)
10,5494740369752611200,TYC 8533-632-1,,,,Pictor,0.9955995186416114,1.0,0.99815375,0.9984019,0.9937039,0.992228,0.9987838417760799,0.9985691256070294,0.98218524,1.0,0.21116307,0.99568266,-0.0169672,0.016858809,0.018737856,0.009866705,0.04197283,0.00259839,1.810708622073795,552.2699719929016,11.6744995,0.8366203,0,5651.874,3.8102257,2.2386,4.935448,91.60216522216795,-58.74305725097656,False,-6.4214,2022ApJS..259...35A,5.0,False,False,False,dist>=200pc(552)
11,6377300829901433600,UCAC4 067-034720,,,,Octans,0.995440034638662,1.0,0.9957925,0.99713737,0.9992373,0.99995214,0.9969102408880489,0.9973888709360675,0.98530096,0.9855813384056092,0.37108377,0.98326826,-0.022716083,-0.0058597997,0.0014681872,-0.015734147,0.060846865,0.006976515,1.6530030968311002,604.9595441878216,12.560425,1.0709794,0,5711.137,3.980077,1.6757,8.681731,358.2115478515625,-76.7265853881836,False,63.956001,2021MNRAS.506..150B,3.0,False,False,False,dist>=200pc(605); G>=12(12.6); age8.7
12,6086144137917932288,TYC 8250-948-1,,,,Centaurus,0.9949754092453515,1.0,0.9991906,0.99613285,0.9979499,0.9971656,0.9998595003932421,0.941193156278878,0.99821645,1.0,0.33976808,1.0039037,-0.026409045,-0.009609669,-0.011301722,-0.003352724,-0.0022236556,0.035061702,1.3788847496996448,725.2237724855719,12.544912,1.3028327,0,5711.268,3.8685825,,6.0422206,196.109130859375,-47.29127883911133,False,-26.951,2021MNRAS.506..150B,3.0,False,False,False,dist>=200pc(725); G>=12(12.5)
13,4794963650317511936,TYC 8092-739-1,,,,Pictor,0.9946776293509167,1.0,0.99114054,0.996255,0.994519,0.99997824,0.9962468447035375,0.9607855727002416,0.9996814,1.0,0.33367187,0.9666366,-0.025988005,-0.015726574,-0.0009898115,-0.017344085,0.007571459,0.056310885,1.629730768515986,613.5982821939285,12.074221,0.9374798,0,5688.459,3.8437235,2.137,5.543687,88.37183380126953,-48.41539001464844,False,5.679519,2019A&A...624A..19B,3.0,False,False,False,dist>=200pc(614); G>=12(12.1)
14,3484234258298495616,UCAC4 313-068351,,,,Hydra,0.994513484746011,1.0,0.99454445,0.9878924,0.98525935,0.99999905,0.9986911265762584,0.9981563555536105,0.9947813,1.0,0.31089684,1.0618395,-0.04682587,0.025850862,-0.00020800903,-0.010236135,0.04088734,0.024425827,1.526653949956012,655.0272902571099,12.4107275,0.92130905,0,5689.5503,3.877316,1.9205,6.396965,175.74342346191406,-27.457111358642575,True,-2.014,2021MNRAS.506..150B,3.0,False,False,False,dist>=200pc(655); G>=12(12.4)
15,4654681875191452800,UCAC4 094-005264,,,,Mensa,0.9943934121123998,1.0,0.99816054,0.9975124,0.9990167,0.9994894,0.9997027122483686,0.9211999167071893,0.9999843,1.0,0.32696643,0.99572694,-0.02117385,-0.006653525,-0.0047937986,0.0048771463,-0.010774329,0.051398575,1.0474519800045483,954.6977036557397,13.343739,0.95144993,0,5718.4907,3.895748,1.9771,6.5833287,74.14379119873047,-71.21430206298828,False,-6.846,2021MNRAS.506..150B,2.0,False,False,False,dist>=200pc(955); G>=12(13.3)
16,6379813798086252160,UCAC4 084-063466,,,,Tucana,0.9943799995132172,1.0,0.98897725,0.9971144,0.99999094,0.9926938,0.9983005787116264,0.983435389147992,0.9882605,1.0,0.2890201,0.96044433,-0.022806957,0.0006377697,0.018165559,-0.011664877,0.07741624,0.011579834,1.8232326824388765,548.4763462348283,11.944187,0.87413067,0,5504.232,3.824838,2.165,5.895405,355.361083984375,-73.20280456542969,False,12.232,2018MNRAS.478.4513B,3.0,False,False,False,dist>=200pc(548)
17,6454535302641197312,,,,,Pavo,0.9941417776950412,1.0,0.99900985,0.9999758,0.9744739,0.99282944,0.9825457214200586,0.9902698581585903,0.9968641,1.0,0.35612276,1.0378053,0.0020860806,0.034111433,0.017995562,-0.03753228,0.029023811,0.06981417,1.0274264142396747,973.3057142978254,13.411553,0.9886385,0,5571.182,3.8867202,1.9174,7.0660276,311.525634765625,-60.57041549682617,False,,,,False,False,False,dist>=200pc(973); G>=12(13.4)
18,6696350169087896576,,,,,Sagittarius,0.993957246643712,1.0,0.9984167,0.9978283,0.9942791,0.9999097,0.9834198857013243,0.9928940619833442,0.9707913,1.0,0.30441374,1.0425178,-0.019782342,0.016068056,-0.0020154063,-0.036572233,0.032086074,0.110872544,1.2076221623957182,828.0735739531056,12.822522,1.2745521,0,5595.763,3.846389,1.9771,6.089805,306.6899108886719,-34.89583206176758,False,,,,False,False,False,dist>=200pc(828); G>=12(12.8)
19,5775633597438062976,UCAC4 052-018347,,,,Apus,0.9936855317850626,1.0,0.9902687,0.9992687,0.9839807,0.99728465,0.9975672997898553,0.9630013074078085,0.9992753,1.0,0.34476238,0.9640601,0.01147474,-0.026957475,-0.011061599,-0.01395898,0.008811131,0.040481232,1.45356489277323,687.963781301926,12.501972,1.0812743,0,5747.4907,3.8766098,2.05,5.722877,249.72900390625,-79.79597473144531,False,30.447001,2021MNRAS.506..150B,3.0,False,False,False,dist>=200pc(688); G>=12(12.5)
20,6454525716274227584,,,,,Pavo,0.9935958287990466,1.0,0.9875066,0.98864144,0.9994248,0.98688865,0.9996181381545626,0.9982903988751717,0.99461126,1.0,0.23953348,0.9565725,0.045345753,0.00508821,0.024370331,-0.005527638,0.058774844,0.07598878,1.1261203964812647,888.0045181000653,13.131406,0.9977348,0,5367.961,3.805534,2.4005,5.7000217,311.2030029296875,-60.79475021362305,False,,,,False,False,False,dist>=200pc(888); G>=12(13.1)
21,3533935516768922752,UCAC4 326-063414,,,,Crater,0.9934681944800524,1.0,0.9748641,0.99766064,0.9958078,0.99291486,0.9926633208715007,0.9990044447400049,0.99999946,0.9997999668121338,0.39233226,0.9297432,0.02053222,-0.0137493685,0.017887648,0.024271341,0.043305054,0.050259262,0.8671817713291516,1153.1607709733964,13.940423,1.029289,0,5459.996,3.8943923,2.0076,8.080008,172.46636962890625,-24.841806411743164,True,27.992001,2021MNRAS.506..150B,2.0,False,False,False,dist>=200pc(1153); G>=12(13.9); age8.1
22,5926741718143504256,TYC 9038-2486-1,,,,Ara,0.9931944521681076,1.0,0.99993134,0.99146897,0.99899566,0.99966764,0.9802435848128926,0.9999808497256831,0.96514803,1.0,0.27077916,1.0246885,0.039270528,0.006724268,-0.0038675833,0.039954156,0.049071684,-0.016589977,3.586144464778584,278.85100832426787,10.611984,0.7781313,0,5698.509,3.8788695,2.0924,5.9338207,251.76470947265625,-60.29327774047852,False,-12.368,2021MNRAS.506..150B,1.0,False,False,False,dist>=200pc(279)
23,6090404088342636416,TYC 8275-1826-1,,,,Centaurus,0.992958206568184,1.0,0.9998878,0.99976104,0.99933904,0.9970673,0.9465263038999188,0.9805114134426991,0.97981656,1.0,0.35449547,1.0140085,-0.0065582916,-0.005454771,-0.011496384,0.06630627,0.020240217,0.10048499,2.2438676814793603,445.65907707209794,11.577844,1.2455703,0,5648.0215,3.8538368,2.3271,5.888377,208.50045776367188,-50.83135986328125,False,68.87,2018yCat.1345....0G,1.0,False,False,False,dist>=200pc(446)
24,4082492588121972096,UCAC4 352-164732,,,,Sagittarius,0.9928698979707824,1.0,0.99999964,0.98517835,0.98703676,0.9946772,0.9725488318806736,0.9898154386843689,0.99721235,1.0,0.30454525,1.0203148,0.05184456,0.02423139,0.015497223,0.047188975,0.028537124,0.031319797,2.084188512470857,479.8030475729258,11.747956,0.7991599,0,5690.733,3.8464932,2.5205,5.2466335,286.9195861816406,-19.781723022460938,True,12.1454,2022ApJS..259...35A,4.0,False,False,False,dist>=200pc(480)
25,5041407258853950464,CD-23   508,,,,Cetus,0.992827898389698,1.0,0.987412,0.9955934,0.99893516,0.9847284,0.9904381861446193,0.9683454393572425,0.99998623,1.0,0.24672836,0.9563311,-0.028194591,0.0069241747,0.026315916,0.0277241,0.088045865,0.048689984,4.164623041943441,240.11777054697012,10.144638,1.1724916,0,5541.656,3.8512084,,6.494504,20.80270767211914,-23.318527221679688,True,28.011095,2019A&A...624A..19B,4.0,False,False,False,dist>=200pc(240)
