apogee_id,ra,dec,tic_id,Tmag,R_star,M_star,Teff_tic,n_lc_sectors_actual,TEFF,LOGG,FE_H,SNR,n_sectors_predicted
2M19424886+7023240,295.703622,70.390022,,,1.1629964196244946,1.0200459959884356,5972.33,48,5972.33,4.317463,0.05186,164.64015,48
2M17553458+5807436,268.894104,58.12878,,,1.1181564449627197,1.0286322652061504,6056.352,48,6056.352,4.355255,0.043277,154.68887,48
2M19435353+7025233,295.973072,70.423149,,,0.8256210446737959,0.91240384913024,4959.3267,48,4959.3267,4.5666256,0.1223,257.8116,48
2M19435208+7105023,295.967009,71.083992,,,1.9206319337530458,0.9796575524735999,5583.4336,48,5583.4336,3.864186,0.025142,323.00662,48
2M16534845+6031375,253.451894,60.527084,,,1.5703354013322746,1.0221246049270427,5992.6274,48,5992.6274,4.057519,0.06323,344.74738,48
2M17552730+5722257,268.863764,57.373825,,,1.795465873212023,1.0235939484154677,6006.992,48,6006.992,3.9417734,-0.1041,252.24413,48
2M19411319+7024574,295.304997,70.41597,,,0.9553912176691027,0.9872839787658707,5656.0645,48,5656.0645,4.4740796,-0.0078161,156.91994,48
2M16560954+6449127,254.039758,64.820206,,,0.9867869310603222,0.9898235404130281,5680.3335,48,5680.3335,4.447111,-0.027854,164.66818,48
2M19421409+7052329,295.558739,70.875832,,,1.7394649586081812,1.0751408635722934,6519.583,48,6519.583,3.990634,-0.13731,306.70932,48
2M19422463+6314409,295.602664,63.244713,,,1.4352433647854885,1.063227241960089,6399.6226,48,6399.6226,4.152775,0.019788,194.58582,48
2M17535536+5648366,268.480676,56.810181,,,0.8042165740206043,0.8754907025842023,4629.4575,48,4629.4575,4.5715055,0.16012,235.8865,48
2M17535536+5648366,268.480676,56.810181,,,0.8003742875477454,0.8750701235150465,4625.7515,48,4625.7515,4.5754566,0.15626,201.35367,48
2M17535686+5641478,268.486925,56.696636,,,0.8855318127002881,0.9436638875583623,5245.736,48,5245.736,4.520409,0.11342,226.08762,48
2M17535686+5641478,268.486925,56.696636,,,0.8884968388683665,0.9470039140533261,5276.7173,48,5276.7173,4.51904,0.12784,198.50192,48
2M16535678+5928010,253.486588,59.466961,,,0.9781778420929916,0.9642122432678566,5437.4917,48,5437.4917,4.443337,0.13384,245.94969,48
2M19444153+6546503,296.173053,65.78064,,,1.1685298250555096,1.0330187473794632,6099.4575,48,6099.4575,4.3188286,0.061,164.21207,48
2M16521938+6019143,253.080759,60.32066,,,0.7934384863223984,0.8978914267553302,4828.5557,48,4828.5557,4.5941973,-0.23678,269.8803,48
2M16513518+5934383,252.896618,59.577316,,,1.5406691117922138,0.9910276037487047,5691.8545,48,5691.8545,4.060667,0.070626,375.54733,48
2M18075106+5740149,271.962761,57.670815,,,1.4700132227549016,0.9920658097058879,5701.796,48,5701.796,4.101898,0.37816,224.005,48
2M16502308+5951503,252.596206,59.863991,,,1.3485087761084051,1.0036291214589543,5812.9907,48,5812.9907,4.1818657,0.20465,248.11487,48
2M16515141+5856317,252.964237,58.942162,,,0.9936377235935588,0.9958573714024089,5738.1616,48,5738.1616,4.443741,-0.028369,240.15242,48
2M16505595+5929079,252.733125,59.485554,,,1.1378841419372892,1.0345333366880374,6114.3696,48,6114.3696,4.3425484,-0.051192,213.17818,48
2M19420596+6546497,295.524857,65.780487,,,1.1745774059402818,0.9002047186646975,4849.307,48,4849.307,4.254578,-0.22205,249.85583,48
2M16232658+6757309,245.860783,67.958603,,,0.8696656599830694,0.8999374881292467,4846.908,48,4846.908,4.5155077,0.23307,161.1905,48
2M16550664+6034097,253.777674,60.569386,,,0.8836964754210452,0.949064973917162,5295.8716,48,5295.8716,4.5246897,-0.21516,188.28522,48
2M16572376+5937015,254.349031,59.6171,,,1.8133753586965877,1.0486658368947939,6254.214,48,6254.214,3.9436617,-0.18226,301.71426,48
2M16570811+5941317,254.283833,59.692142,,,1.154042096721425,1.0071496410480991,5847.015,48,5847.015,4.3186507,0.15165,152.8211,48
2M16571584+5930300,254.316038,59.508347,,,1.5863106273201697,1.0524943363552302,6292.3154,48,6292.3154,4.0614433,-0.48578,650.3007,48
2M19472318+6441322,296.8466,64.692291,,,0.8362435338124528,0.9323383431292153,5141.227,48,5141.227,4.564908,-0.075336,166.11424,48
2M19395282+6500494,294.970119,65.013741,,,0.9179598910599001,0.9693852593675722,5486.199,48,5486.199,4.500849,-0.056029,335.23926,48
2M19395282+6500494,294.970119,65.013741,,,0.9087708888589183,0.9782708508276644,5570.2676,48,5570.2676,4.5135503,-0.022707,650.6189,48
2M19391949+7019110,294.831231,70.319725,,,0.9012502893816544,0.943713644702793,5246.197,48,5246.197,4.5051494,0.27857,274.85504,48
2M16563447+6046555,254.143628,60.782097,,,1.9051989516599739,1.0416016704968531,6184.1543,48,6184.1543,3.897821,-0.14326,206.78072,48
2M19481784+6444470,297.074358,64.746407,,,1.3922013220714693,1.0117031068721158,5891.14,48,5891.14,4.157649,0.13208,236.38077,48
2M16563758+6017480,254.156598,60.296684,,,1.2554770849988968,0.9984039274394806,5762.638,48,5762.638,4.2416887,0.063928,268.84714,48
2M16563250+6037494,254.135424,60.630398,,,1.3196124982000128,1.0056770519527367,5832.7734,48,5832.7734,4.2015657,-0.071204,365.03195,48
2M16563442+6023587,254.143417,60.399654,,,0.8586178092618152,0.9432616647281871,5242.01,48,5242.01,4.5470324,0.033743,448.26813,48
2M16563442+6023587,254.143417,60.399654,,,0.8696542133856568,0.9414477261200115,5225.2197,48,5225.2197,4.535103,0.015804,608.9611,48
2M19403140+7017111,295.130854,70.286423,,,0.7787202280515638,0.8883733302494201,4743.549,48,4743.549,4.6058326,-0.050756,419.5409,48
2M16573739+6051483,254.405815,60.863419,,,1.8285861813472788,0.9934938131627402,5715.4814,48,5715.4814,3.9129343,-0.34198,167.7583,48
2M19383053+6509456,294.627223,65.162674,,,1.4703767969463215,1.0346567170444914,6115.585,48,6115.585,4.119939,-0.50153,229.6476,48
2M19480336+7019122,297.014036,70.320061,,,1.3695110845965888,1.0073741525324258,5849.1875,48,5849.1875,4.1700597,0.124,169.56953,48
2M16573813+6027201,254.408915,60.455589,,,1.3784930426851938,1.0087363177058022,5862.3755,48,5862.3755,4.1649685,0.31991,575.73615,48
2M19395789+6509005,294.991245,65.150154,,,1.569744131951346,1.0520363273600135,6287.7524,48,6287.7524,4.070373,-0.14677,199.47852,48
2M16584441+5817239,254.685059,58.289982,,,1.0139103825007785,0.9812137841136306,5598.224,48,5598.224,4.4197645,0.13226,196.05208,48
2M18464473+5923422,281.686394,59.395081,,,1.4837294754820054,0.9887806269790397,5670.362,48,5670.362,4.0923905,-0.41247,210.86948,48
2M18465371+5652577,281.7238,56.882706,,,1.7514811857947494,1.0501514904187033,6268.9883,48,6268.9883,3.974441,0.037081,213.43857,48
2M18481299+6634361,282.054136,66.576706,,,1.6560722961195686,0.9925865456854978,5706.785,48,5706.785,3.9986098,0.23181,301.45334,48
2M18414592+5818402,280.441346,58.311192,,,1.107980615610195,0.989249466543058,5674.8438,48,5674.8438,4.3462415,0.098014,192.18648,48
2M17553997+5747197,268.916548,57.788807,,,2.0524470834443824,1.028677256104043,6056.7935,48,6056.7935,3.8277352,-0.023323,276.9966,48
2M16271320+6258050,246.805038,62.968075,,,0.7669576898298923,0.8631643846057948,4521.3354,48,4521.3354,4.6065507,0.043131,199.72188,48
2M16353404+7409513,248.891839,74.164268,,,1.11611279104715,1.0421385724983705,6189.468,48,6189.468,4.3625093,0.053725,335.55292,48
2M18411669+6024358,280.319546,60.409958,,,0.9623080035375116,0.9818670719256118,5604.4375,48,5604.4375,4.4654245,-0.17398,246.4688,48
2M18412939+6018105,280.372499,60.302921,,,1.4457249943053008,1.023051222581722,6001.6846,48,6001.6846,4.129726,-0.59012,502.25552,48
2M18425738+5956205,280.739092,59.939053,,,1.3721476854986638,1.0178896883229844,5951.303,48,5951.303,4.172899,-0.37095,278.33835,48
2M18431359+5653462,280.806629,56.896168,,,1.8310942090319036,1.031523385622238,6084.749,48,6084.749,3.9280577,0.065234,310.29346,48
2M18425217+7153082,280.717384,71.885628,,,1.6646671760776872,0.931956050846232,5137.714,48,5137.714,3.9667406,0.32873,178.82352,48
2M16175444+6653486,244.476859,66.896851,,,1.5193931084638188,1.0554904409478603,6322.1973,48,6322.1973,4.100114,0.16252,184.09535,48
2M16175444+6653486,244.476859,66.896851,,,1.4383278873113865,1.0506019483777347,6273.4707,48,6273.4707,4.1457224,0.11571,217.43849,48
2M19385368+6502447,294.72368,65.045769,,,1.266404437514571,1.028626354639626,6056.294,48,6056.294,4.2471128,0.14929,273.2171,48
2M19381719+6608049,294.571625,66.134705,,,0.7841341309762173,0.8710151632376109,4590.0815,48,4590.0815,4.591245,0.041177,161.84033,48
2M16590307+6106298,254.762822,61.108295,,,0.9842226265570274,1.0040933477971223,5817.4727,48,5817.4727,4.4555874,-0.094386,245.7556,48
2M16590373+6108498,254.765555,61.147194,,,1.861111235090386,1.0400271140462778,6168.5815,48,6168.5815,3.9175,-0.042958,752.9098,48
2M19373633+6351220,294.401378,63.856125,,,1.849089776685128,1.037378863225891,6142.425,48,6142.425,3.9220214,-0.12487,258.62268,48
2M19374791+6610463,294.449633,66.179535,,,0.9928452717646726,0.9562713485705523,5363.0615,48,5363.0615,4.426818,0.043628,225.87766,48
2M19375361+6504258,294.473416,65.073853,,,0.9225083754799712,0.9782314824972137,5569.894,48,5569.894,4.500501,-0.23187,243.60962,48
2M19381493+7033548,294.562229,70.565224,,,1.0615778558323201,0.9558223940288373,5358.8657,48,5358.8657,4.3684735,-0.11273,211.26717,48
2M19373908+6616380,294.412844,66.277229,,,1.5610481436529182,1.0113463102408555,5887.6777,48,5887.6777,4.0580673,-0.14056,205.42856,48
2M16590373+6108498,254.765555,61.147194,,,1.8061164131554048,1.0425768530243993,6193.807,48,6193.807,3.9446166,-0.029817,605.8097,48
2M16590801+6044459,254.783383,60.74609,,,1.246088884539187,1.0221580282222076,5992.954,48,5992.954,4.25842,0.11257,212.31494,48
2M16581296+6503094,254.554034,65.052635,,,1.2440828366654642,1.0157744792238514,5930.7056,48,5930.7056,4.2570987,0.11272,217.12457,48
2M17023124+5913040,255.630187,59.217785,,,1.277789977712686,0.9905384877529192,5687.1733,48,5687.1733,4.2229524,0.30249,388.20923,48
2M19352793+7045182,293.866396,70.755066,,,1.8612645316066871,1.003340176533246,5810.2017,48,5810.2017,3.901832,-0.27905,266.402,48
2M19495132+7022250,297.463839,70.373634,,,1.2487397873014785,1.0551086872633526,6318.3867,48,6318.3867,4.2703533,0.22204,184.7797,48
2M16245967+6241380,246.248625,62.693913,,,1.0263264536786345,1.0106622540232593,5881.042,48,5881.042,4.422035,-0.15505,182.38159,48
2M17025603+5914217,255.733483,59.239384,,,0.804974474815856,0.8931599049394482,4786.2227,48,4786.2227,4.579365,0.10272,159.6909,48
2M18432150+5639287,280.839605,56.657982,,,0.9365534942725567,0.8965554958356703,4816.588,48,4816.588,4.449512,-0.43473,204.26276,48
2M17533333+5700033,268.388905,57.000931,,,0.8602839892496833,0.9027462242048988,4872.1465,48,4872.1465,4.526282,0.10521,177.49493,48
2M18432407+5954586,280.850298,59.916302,,,1.4265215909261963,1.049604535039915,6263.5474,48,6263.5474,4.152469,-0.045105,252.32921,48
2M17543857+5704214,268.660718,57.07262,,,1.7295711194637662,1.031477002603231,6084.293,48,6084.293,3.9775827,-0.1507,159.28642,48
2M18461955+5925445,281.581486,59.429043,,,0.8940695437554705,0.9585480808547545,5384.3594,48,5384.3594,4.5188713,-0.045321,168.64162,48
2M17532219+5640300,268.342483,56.675014,,,1.7464317178304085,1.0451483046733088,6219.289,48,6219.289,3.9748747,0.032262,218.78755,48
2M17533333+5700033,268.388905,57.000931,,,0.8612279302441646,0.9026579505210756,4871.3525,48,4871.3525,4.525287,0.098717,202.85777,48
2M18461955+5925445,281.581486,59.429043,,,0.9077690898497689,0.9595510417617602,5393.7524,48,5393.7524,4.5061173,-0.050767,251.35558,48
2M17004013+6026044,255.167222,60.434566,,,0.95847961250995,1.003687369933796,5813.553,48,5813.553,4.4784327,0.0078168,495.25262,48
2M17035102+5719091,255.9626,57.319206,,,0.9816313007982962,0.9859332113461973,5643.173,48,5643.173,4.4499507,-0.68768,260.92676,48
2M17035291+5721555,255.970495,57.365429,,,1.4121418758683877,1.014580856683512,5919.095,48,5919.095,4.14653,0.070802,252.27011,48
2M17032344+6457574,255.847687,64.965965,,,1.162021051209578,1.016914386976595,5941.8022,48,5941.8022,4.3168564,0.01892,248.55142,48
2M19502464+7101117,297.602702,71.019943,,,1.4136729926393201,1.0600211297672102,6367.492,48,6367.492,4.1646166,0.040746,161.22264,48
2M19502802+7018188,297.616773,70.305244,,,1.7447278829055437,0.9377291214790527,5190.8667,48,5190.8667,3.928622,0.16346,285.83798,48
2M19503843+7054114,297.66014,70.903168,,,1.1797075163153827,1.0063382796226747,5839.1665,48,5839.1665,4.2991953,0.23784,176.52063,48
2M19332414+7053426,293.350598,70.895187,,,1.962523481063707,1.0507108654234616,6274.5547,48,6274.5547,3.8758535,0.246,255.80295,48
2M19335175+7405594,293.465635,74.099854,,,0.9360356602403574,0.9823926144632539,5609.438,48,5609.438,4.4897003,-0.2924,395.6187,48
2M19330779+7006422,293.282494,70.111748,,,1.0520573812134977,0.9924909501655408,5705.869,48,5705.869,4.3926477,-0.055535,438.00186,48
2M17030648+6501097,255.777,65.019371,,,0.9398297300701524,1.0019114926042252,5796.4194,48,5796.4194,4.494731,-0.46468,214.73651,48
2M19342740+6622279,293.614169,66.374435,,,0.9237220211103526,0.9837193049345366,5622.0693,48,5622.0693,4.5017886,-0.26544,195.18047,48
2M19312249+7049560,292.843745,70.832245,,,1.8248021161130914,1.0611787673361788,6379.086,48,6379.086,3.943357,-0.48424,154.19695,48
2M17055571+5731519,256.482148,57.531105,,,1.7628804183419424,1.0420066905580814,6188.1626,48,6188.1626,3.9654248,-0.15438,215.77698,48
2M17052393+5734337,256.349737,57.576031,,,1.6759533027721718,0.9647869653750194,5442.8945,48,5442.8945,3.9759076,-0.0262,348.59177,48
2M17052622+5742441,256.35928,57.712276,,,1.4560702467612114,1.0248413862418888,6019.198,48,6019.198,4.124292,0.041438,176.58385,48
2M17054755+6123218,256.448142,61.389393,,,0.9457726189642313,0.9767307783055484,5555.66,48,5555.66,4.4782014,0.16887,159.19743,48
2M17053037+6129064,256.376548,61.485126,,,1.2055529620261607,0.9915759595297237,5697.1045,48,5697.1045,4.2739534,-0.10768,196.78647,48
2M17055571+5731519,256.482148,57.531105,,,1.7839633914386044,1.0548856294077165,6316.1606,48,6316.1606,3.9604335,-0.050013,248.52037,48
2M17055963+5743365,256.49849,57.726833,,,0.8547586091390992,0.9376405207921218,5190.0493,48,5190.0493,4.5483494,-0.25359,150.18056,48
2M17050530+6509514,256.272103,65.164284,,,1.047495063372365,1.004119889926747,5817.729,48,5817.729,4.4014816,0.064529,658.3635,48
2M16380422+7403012,249.517603,74.050339,,,1.296265815318989,1.0341228543281704,6110.3267,48,6110.3267,4.229184,-0.093683,174.30959,48
2M17384440+7645127,264.685003,76.753532,,,0.8157424764784984,0.9116374423933579,4952.3857,48,4952.3857,4.576716,-0.12646,157.32988,48
2M17050048+6138524,256.252018,61.647896,,,1.381008631708579,1.0052284837988261,5828.438,48,5828.438,4.161872,0.16659,155.54707,48
2M17050186+6141490,256.25777,61.696968,,,0.8385349196731181,0.9346900205706871,5162.8584,48,5162.8584,4.5636253,-0.036766,184.39633,48
2M17050186+6141490,256.25777,61.696968,,,0.8427032466810783,0.9335419412135545,5152.2935,48,5152.2935,4.5587845,-0.041902,224.05028,48
2M19321727+7026274,293.071967,70.440971,,,1.2493681334810367,1.0365910366043782,6134.6523,48,6134.6523,4.2622266,-0.22726,369.5923,48
2M17044195+5718572,256.174809,57.315899,,,0.9686372098097273,0.9641255598521349,5436.677,48,5436.677,4.4518113,0.1957,409.81516,48
2M19281895+7455595,292.078966,74.933212,,,0.8194230367808989,0.9285928569018052,5106.85,48,5106.85,4.580809,-0.10058,158.80006,48
2M17082578+6118577,257.10745,61.316055,,,1.03379820411117,0.9992785076735966,5771.0537,48,5771.0537,4.410815,-0.044595,461.74673,48
2M19272992+7512144,291.874689,75.204025,,,1.2218309311958158,1.010739481842517,5881.791,48,5881.791,4.270617,0.095501,218.8112,48
2M17072401+6200024,256.850072,62.00069,,,1.1354303917153252,1.0219814884940384,5991.229,48,5991.229,4.339122,-0.15065,203.51611,48
2M19510829+6545443,297.784574,65.762314,,,1.058163662827392,1.0067809461274377,5843.448,48,5843.448,4.3938293,-0.37364,207.54756,48
2M19512078+6555579,297.836624,65.932777,,,1.201785669369812,0.9839312224477442,5624.088,48,5624.088,4.2733107,-0.16811,271.0479,48
2M19514643+7100087,297.943469,71.002441,,,0.9093600821945198,0.9480511568009943,5286.4463,48,5286.4463,4.49936,0.17813,168.91582,48
2M19515616+7029139,297.984002,70.487213,,,1.1187571482866516,1.0112998585717274,5887.227,48,5887.227,4.3474083,0.14054,253.3143,48
2M19282703+7510177,292.112661,75.171585,,,1.6452938548460063,1.0356427070703096,6125.3013,48,6125.3013,4.022723,-0.0076959,190.40681,48
2M17072401+6200024,256.850072,62.00069,,,1.3131692590884432,1.0105444353543591,5879.8994,48,5879.8994,4.207914,-0.21055,195.17197,48
2M17091482+6152119,257.311777,61.869999,,,1.5378085783574034,1.0640110994117382,6407.488,48,6407.488,4.0931416,-0.08379,195.43459,48
2M19265521+7502035,291.730059,75.034317,,,1.931464342901229,1.0592400422017845,6359.674,48,6359.674,3.893221,-0.1621,436.51324,48
2M17091463+6012555,257.310959,60.215439,,,1.3400692129864011,1.0571447552107671,6338.721,48,6338.721,4.20988,-0.10289,245.7559,48
2M17093014+6151202,257.375595,61.855629,,,0.8066131942386201,0.8999671211337626,4847.174,48,4847.174,4.580896,-0.027165,167.64386,48
2M17084962+6123161,257.206759,61.387817,,,0.9287528111853556,0.9750419085220654,5539.6587,48,5539.6587,4.493223,-0.1505,160.55162,48
2M19265521+7502035,291.730059,75.034317,,,1.853621991521547,1.0631490284213572,6398.838,48,6398.838,3.9305518,-0.10836,327.12695,48
2M19260625+6022149,291.526083,60.370815,,,1.060245299470156,0.9991944461879664,5770.2446,48,5770.2446,4.3888373,-0.18829,160.14682,48
2M17082219+6150134,257.092471,61.837067,,,0.9414283632773135,0.9932714604352376,5713.3496,48,5713.3496,4.4894934,-0.4793,151.80692,48
2M17074318+6139165,256.929923,61.65461,,,1.580380560757942,1.0015648121745262,5793.077,48,5793.077,4.0431557,-0.25153,421.16003,48
2M19234514+6130041,290.938107,61.501141,,,1.9288446498341119,1.0753194506215087,6521.388,48,6521.388,3.900943,-0.20194,335.46,48
2M16442571+6142517,251.10713,61.714363,,,1.5260754680338777,0.9919985151116156,5701.1514,48,5701.1514,4.069359,0.083575,167.93321,48
2M17091482+6152119,257.311777,61.869999,,,1.433148119564548,1.0718214800269448,6486.07,48,6486.07,4.1575403,-0.015946,193.47804,48
2M17100477+6225188,257.519894,62.42189,,,0.8737400210104099,0.9307052364568983,5126.2266,48,5126.2266,4.5260477,-0.12387,317.54434,48
2M17100477+6225188,257.519894,62.42189,,,0.8659986682850568,0.9322801735392306,5140.6924,48,5140.6924,4.534512,-0.12074,381.0306,48
2M17104630+5842445,257.692919,58.712383,,,1.4878725828620505,1.0356332421554395,6125.208,48,6125.208,4.1100745,-0.16929,404.23776,48
2M18535647+6636366,283.485304,66.610176,,,1.0102377887237053,0.985866749194275,5642.539,48,5642.539,4.424971,-0.37869,166.61214,48
2M17102056+6021246,257.585689,60.356846,,,1.2593218818213607,1.0050049466019617,5826.278,48,5826.278,4.2418947,0.17841,157.63239,48
2M19245988+6126018,291.249527,61.433853,,,1.7020554767579905,1.0713459266554144,6481.2744,48,6481.2744,4.0079823,-0.017655,514.14734,48
2M17111559+5848253,257.814988,58.807034,,,0.7925835000272669,0.893706782597949,4791.108,48,4791.108,4.593105,-0.22307,202.0675,48
2M16213549+6809401,245.397903,68.16114,,,0.8864225327521399,0.9361188156103749,5176.0186,48,5176.0186,4.5160494,0.014897,152.99883,48
2M17113484+6210305,257.895197,62.175163,,,1.4752468225310678,0.9969224492898292,5748.3936,48,5748.3936,4.100932,-0.032594,281.9712,48
2M19530321+7029035,298.26338,70.484322,,,0.9652454998573053,1.0195712274855047,5967.6978,48,5967.6978,4.479142,0.16174,151.45836,48
2M19532524+7045399,298.355193,70.761108,,,1.5031679709370098,1.0292456181718634,6062.372,48,6062.372,4.098504,-0.22123,259.1934,48
2M17114257+5903460,257.927389,59.062786,,,1.6626259231447456,1.070464070920294,6472.3853,48,6472.3853,4.027983,0.10192,343.16632,48
2M17114257+5903460,257.927389,59.062786,,,1.6603301650120708,1.05345555252139,6301.896,48,6301.896,4.0222273,-0.010331,384.4268,48
2M19204848+7416261,290.202015,74.273933,,,1.8707146157629497,0.9770922727967967,5559.0874,48,5559.0874,3.8859205,-0.14342,238.32703,48
2M17114025+6148349,257.917721,61.809708,,,2.178081333122726,1.0894813140990074,6665.159,48,6665.159,3.8010716,-0.069247,843.4865,48
2M17110011+6222258,257.75047,62.373844,,,1.3279747079429596,1.0294294950656455,6064.1772,48,6064.1772,4.206217,-0.042364,407.6357,48
2M19232379+7510102,290.849134,75.169525,,,1.1759254507043448,1.0275360792144157,6045.599,48,6045.599,4.3110375,0.077482,305.01028,48
2M17130293+6053521,258.26223,60.897812,,,0.7707005804552833,0.8680102870328666,4563.72,48,4563.72,4.6047535,-0.053819,243.09598,48
2M17130293+6053521,258.26223,60.897812,,,0.7657849761830758,0.8688653608009069,4571.2153,48,4571.2153,4.6107388,-0.040648,213.61949,48
2M16430739+7341527,250.780794,73.69799,,,1.5273725985625433,1.053707302804396,6304.4062,48,6304.4062,4.09483,0.13841,417.01416,48
2M19215219+6054190,290.467483,60.9053,,,1.3846455669180824,1.0465713438926274,6233.4087,48,6233.4087,4.1770916,-0.017765,268.27728,48
2M16253240+6238452,246.385018,62.645889,,,1.186062409377413,1.0090911179370077,5865.8125,48,5865.8125,4.2957153,0.22012,206.04634,48
2M19195218+6149234,289.967451,61.823174,,,0.8915050729642656,0.8978889721543335,4828.5337,48,4828.5337,4.492975,-0.09172,208.11041,48
2M19555083+7022509,298.961813,70.380806,,,0.8614330260517186,0.9456208423502226,5263.8794,48,5263.8794,4.545274,-0.37831,167.46825,48
2M19184372+7412576,289.682187,74.216003,,,1.8580169633726842,1.043989544899718,6207.801,48,6207.801,3.9205968,-0.00014066696,166.14023,48
2M19183248+7418559,289.635337,74.315529,,,1.2619944185092236,1.0010640566992797,5788.2505,48,5788.2505,4.238347,0.23895,153.83742,48
2M17140787+5602316,258.532813,56.042133,,,0.914472553608225,0.9567761716435339,5367.781,48,5367.781,4.498469,-0.096,279.62216,48
2M19170358+5939229,289.264945,59.656384,,,1.3693083681098057,1.0537219440456604,6304.5522,48,6304.5522,4.1897235,0.0018063001,177.95998,48
2M19170738+6158303,289.280768,61.975094,,,0.8669228057766164,0.8959759570730297,4811.4,48,4811.4,4.5163355,-0.30187,176.38268,48
2M19171459+5902497,289.310802,59.047165,,,1.090469337988511,1.0791577079005639,6560.23,48,6560.23,4.397858,0.038569,165.91469,48
2M19561852+7024198,299.077176,70.405518,,,1.1438438950487229,1.018379895856039,5956.0806,48,5956.0806,4.3311763,-0.016848,186.90652,48
2M16421436+7349058,250.559838,73.818298,,,1.1534302089746027,0.9948283276525618,5728.2827,48,5728.2827,4.3137655,0.098093,166.1588,48
2M19181056+5854100,289.544014,58.902786,,,0.9632909846333181,0.9842997879681625,5627.5996,48,5627.5996,4.4656124,-0.0068061,168.21611,48
2M17305165+5624570,262.715225,56.41584,,,1.1358403261700007,1.016154084292363,5934.4,48,5934.4,4.336325,-0.43144,248.42809,48
2M18560806+6327558,284.03362,63.465515,,,1.42873403952509,1.0009301789085847,5786.9604,48,5786.9604,4.130501,-0.87938,224.15775,48
2M16382482+6242040,249.603455,62.701126,,,0.9396390667168145,0.9659584137947859,5453.9136,48,5453.9136,4.4790363,-0.037348,175.45712,48
2M16384195+7324547,249.674817,73.415199,,,0.965443536193071,0.9782340115437643,5569.918,48,5569.918,4.460989,0.17727,226.41704,48
2M17141811+6235222,258.57546,62.589523,,,0.7761132985174592,0.8846460650074492,4710.4253,48,4710.4253,4.6069193,-0.16851,515.77527,48
2M17152456+5625447,258.852337,56.429096,,,1.2889081140667185,1.016630922683964,5939.042,48,5939.042,4.2267194,-0.095453,151.39977,48
2M19155851+5937407,288.993808,59.627987,,,1.6574552702758278,1.0686587200563369,6454.2026,48,6454.2026,4.0299554,-0.34987,199.98,48
2M19160164+5958331,289.006862,59.975868,,,1.0934942333502164,0.9963019817343735,5742.432,48,5742.432,4.360758,0.18774,481.24216,48
2M19160164+5958331,289.006862,59.975868,,,1.1036407041575043,1.0013959237750252,5791.449,48,5791.449,4.3549504,0.20481,596.33685,48
2M19170093+5909255,289.253885,59.157108,,,1.3369756264892885,1.0711911599920783,6479.714,48,6479.714,4.21762,0.02519,323.74625,48
2M19160648+6001294,289.027018,60.024845,,,0.9123833755133355,0.9534825007219184,5337.019,48,5337.019,4.498958,-0.023171,219.7897,48
2M19163052+5946237,289.127199,59.773273,,,1.0811633261658127,0.9979679898968421,5758.445,48,5758.445,4.371334,0.038698,295.54544,48
2M19163052+5946237,289.127199,59.773273,,,1.091509598395594,0.9940383006133018,5720.703,48,5720.703,4.361348,0.014589,218.74026,48
2M17150788+5558476,258.782874,55.9799,,,1.6700858755281924,0.923288032056559,5058.319,48,5058.319,3.9598596,-0.21578,234.41728,48
2M17144542+5602305,258.689255,56.041817,,,0.9740242538715355,0.986555546328243,5649.111,48,5649.111,4.456982,0.15,255.16266,48
2M17145048+6245102,258.710335,62.752857,,,0.8738079657880409,0.9436957496014879,5246.0312,48,5246.0312,4.532,-0.090462,155.64531,48
2M17164296+6241572,259.179015,62.699238,,,0.8111649462813837,0.878976065786912,4660.215,48,4660.215,4.5657587,-0.022897,359.3333,48
2M17173902+5640097,259.412602,56.669365,,,0.7731653966642369,0.8731511242444732,4608.857,48,4608.857,4.6045446,-0.04937,243.06874,48
2M17170274+5629255,259.26143,56.49044,,,0.9162912465234911,0.979706693901476,5583.9004,48,5583.9004,4.507029,-0.54043,309.787,48
2M17170274+5629255,259.26143,56.49044,,,0.9199727248732297,0.9784258164860103,5571.7383,48,5571.7383,4.502978,-0.55337,158.646,48
2M19140848+6003335,288.535337,60.059315,,,1.3511560320106835,1.0778678266167556,6547.1665,48,6547.1665,4.2111545,-0.12951,274.3064,48
2M19142702+5924240,288.612608,59.406689,,,1.0176732521849696,0.966902581958473,5462.8013,48,5462.8013,4.410166,0.16852,336.46207,48
2M19133761+6452488,288.406735,64.880249,,,0.8681041081913037,0.9536761526711719,5338.8257,48,5338.8257,4.5422573,-0.10554,510.5658,48
2M17160409+5634245,259.017079,56.573475,,,1.1759434527857253,1.0377104182638097,6145.6973,48,6145.6973,4.3153033,0.12663,165.2402,48
2M19152269+6213135,288.844559,62.220417,,,1.131285482385382,0.9923352707858932,5704.3774,48,5704.3774,4.329514,-0.075523,167.37183,48
2M17183724+6243575,259.655175,62.732647,,,0.7768137874688867,0.8779764163135833,4651.385,48,4651.385,4.602849,-0.11005,185.8213,48
2M17171022+5615190,259.292599,56.255295,,,1.1095024330644598,0.9949815275997632,5729.753,48,5729.753,4.3475585,0.14175,226.8375,48
2M17175174+5626020,259.465596,56.433914,,,1.8952178931701118,0.9132359429116799,4966.867,48,4966.867,3.8452647,0.29305,276.92642,48
2M17174179+5645351,259.42414,56.759773,,,1.1644876810265683,1.0046962866031746,5823.296,48,5823.296,4.309765,0.017694,200.5642,48
2M19121090+6457587,288.045424,64.966316,,,1.6530535473917287,0.9744371745008584,5533.9336,48,5533.9336,3.99218,0.34398,538.45953,48
2M17174875+5634047,259.453137,56.567997,,,1.6647037283294097,1.0022417831636328,5799.6045,48,5799.6045,3.9982986,0.069035,221.46959,48
2M19121278+6009234,288.053282,60.156509,,,0.8117477153032139,0.9054972796554169,4896.9175,48,4896.9175,4.578045,0.042245,268.95905,48
2M17172107+5631515,259.337812,56.530998,,,1.3273224816334115,1.0409462397507425,6177.67,48,6177.67,4.2114754,0.31514,312.0127,48
2M19125164+6214097,288.215201,62.236038,,,1.0013912100892073,1.0023496658814819,5800.645,48,5800.645,4.4398117,-0.17553,202.73465,48
2M17180323+5634391,259.513466,56.577541,,,1.1376682772843647,0.9838781068324545,5623.582,48,5623.582,4.32091,-0.10752,174.9613,48
2M17180575+5632498,259.523988,56.547169,,,0.8798311999281042,0.9321787898899475,5139.7607,48,5139.7607,4.5207005,-0.21371,318.4118,48
2M17171436+5644250,259.309852,56.74028,,,1.683561667620967,1.0324681370725648,6094.04,48,6094.04,4.0014186,-0.28759,229.25279,48
2M17293686+5943234,262.403615,59.723194,,,0.8980258943323822,0.9198472603976969,5026.9404,48,5026.9404,4.497138,-0.13435,209.77177,48
2M19100792+7414330,287.533012,74.242523,,,1.1883978969741198,1.051659983984334,6284.004,48,6284.004,4.3119516,0.051994,342.76196,48
2M17171896+5635460,259.329023,56.596119,,,2.020789711438791,0.9728431922347578,5518.8545,48,5518.8545,3.8170006,0.074425,449.75568,48
2M17171896+5635460,259.329023,56.596119,,,1.9636687405510524,0.9729726966780391,5520.079,48,5520.079,3.8419642,0.063832,242.79741,48
2M17170681+5624237,259.278415,56.406586,,,1.4146227606026112,1.0007619456444852,5785.3394,48,5785.3394,4.1390495,-0.5994,199.20915,48
2M17170823+5641520,259.284302,56.697784,,,0.8741023442285956,0.9586649954953367,5385.454,48,5385.454,4.5385423,-0.028599,552.0317,48
2M17170823+5641520,259.284302,56.697784,,,0.880279084455982,0.9575052550471492,5374.6,48,5374.6,4.5319004,-0.0364,307.59982,48
2M17202639+5635574,260.109975,56.599289,,,1.8796353215482904,1.0175690639511539,5948.179,48,5948.179,3.8994167,0.22743,265.53433,48
2M17195007+5656441,259.958648,56.945595,,,0.9381515802932825,0.9687819284401852,5480.5093,48,5480.5093,4.48168,-0.048007,603.96075,48
2M17203747+5610412,260.156126,56.178123,,,0.8635807910518529,0.932188942732123,5139.854,48,5139.854,4.536898,-0.34741,299.8665,48
2M17202821+5753065,260.117564,57.885162,,,1.4339318797691494,1.0294219884441502,6064.1035,48,6064.1035,4.1395364,-0.083138,359.8368,48
2M17194742+5637151,259.94759,56.62088,,,1.3082276851398082,1.0029363480739026,5806.3047,48,5806.3047,4.2079067,0.16273,765.5411,48
2M17195532+5639596,259.980504,56.666561,,,1.4716053190827143,1.0170860502289107,5943.474,48,5943.474,4.111775,0.15649,169.05742,48
2M17185683+5635076,259.736818,56.585461,,,0.8291282053530413,0.9037511824496027,4881.1895,48,4881.1895,4.5588055,0.033191,240.12286,48
2M19073507+5758381,286.896144,57.977253,,,1.4466761382033508,0.9827114955023288,5612.473,48,5612.473,4.1116834,0.24952,160.25049,48
2M16411465+7344489,250.311077,73.746925,,,0.8772244191033909,0.9451906678616748,5259.889,48,5259.889,4.529298,0.049071,220.32541,48
2M17211628+5656272,260.317872,56.940891,,,0.8351801036947565,0.9176641790122311,5007.072,48,5007.072,4.5591235,0.039239,260.59534,48
2M17220140+5811335,260.505834,58.192654,,,1.4209001922964637,1.0141942548752463,5915.3364,48,5915.3364,4.140994,-0.36999,157.9666,48
2M17214581+5803325,260.440886,58.059052,,,1.9445715484490274,0.9290708933250655,5111.2324,48,5111.2324,3.830401,-0.50944,176.96257,48
2M17213322+5812277,260.388425,58.207695,,,0.862404249456468,0.9275648348488257,5097.4307,48,5097.4307,4.5359225,-0.0574,223.6816,48
2M19084284+6616563,287.17854,66.28231,,,1.5144596841310696,1.020909942245093,5980.763,48,5980.763,4.088472,0.078683,788.2247,48
2M19081032+7338069,287.043012,73.635254,,,2.0063158671985692,1.1006078743751224,6778.9937,48,6778.9937,3.876834,-0.3291,527.2427,48
2M19083946+6050495,287.164442,60.847084,,,0.9423597070707399,0.9648224870877864,5443.2285,48,5443.2285,4.476014,0.11671,174.04019,48
2M17241328+5841552,261.055374,58.698669,,,1.7894449873248364,1.0706869342410286,6474.6313,48,6474.6313,3.9642258,-0.24667,547.9514,48
2M17214323+5657223,260.430129,56.956219,,,0.8249135583890331,0.9478783056592813,5284.84,48,5284.84,4.5839357,-0.71086,273.439,48
2M17210350+5808175,260.264598,58.138206,,,1.2386835143278894,1.005966955864889,5835.576,48,5835.576,4.256663,-0.34322,175.55325,48
2M17211554+5628207,260.314753,56.472431,,,1.4830743076789272,0.9812690990226595,5598.75,48,5598.75,4.0894623,0.25302,281.0009,48
2M17234945+5808459,260.956058,58.146088,,,1.8842228559090444,1.0400502796094624,6168.8105,48,6168.8105,3.9067898,-0.11389,191.66217,48
2M17241328+5841552,261.055374,58.698669,,,1.6872057631077515,1.0615427788204208,6382.7334,48,6382.7334,4.0116014,-0.29642,562.19965,48
2M17244007+5900207,261.166972,59.005753,,,0.9014975567189067,0.9337532104561846,5154.237,48,5154.237,4.500303,0.14108,205.37363,48
2M17234945+5808459,260.956058,58.146088,,,1.5226986655983286,1.051114275214362,6278.5703,48,6278.5703,4.096422,-0.067947,420.87665,48
2M17234945+5808459,260.956058,58.146088,,,1.9286027813453488,1.0456000070294311,6223.7695,48,6223.7695,3.88888,-0.1327,233.9443,48
2M17240310+5829134,261.012944,58.487072,,,1.4007404650154114,0.9901134262574345,5683.1064,48,5683.1064,4.1429696,0.4016,161.8286,48
2M19063582+6636244,286.649255,66.606804,,,0.9424703419979004,0.9867051276186781,5650.5386,48,5650.5386,4.485652,-0.056525,531.4223,48
2M17234240+5818030,260.926701,58.300858,,,0.8247734841361025,0.8776904653635689,4648.8604,48,4648.8604,4.550672,-0.26168,208.38138,48
2M17234240+5818030,260.926701,58.300858,,,0.8286475641307556,0.8759427372942843,4633.442,48,4633.442,4.545736,-0.26448,192.445,48
2M17271221+5843581,261.800899,58.73283,,,1.1890647011847204,0.9231166270668202,5056.754,48,5056.754,4.2548456,-0.50207,168.05142,48
2M17290999+5926268,262.29165,59.440781,,,1.5381208447532388,1.04375583313324,6205.485,48,6205.485,4.084618,0.20788,271.90015,48
2M16092472+6809295,242.35303,68.158195,,,0.9347928291093808,0.9416387983267285,5226.9873,48,5226.9873,4.4724536,0.2604,252.81635,48
2M18583787+6927056,284.657833,69.451561,,,1.1135245623540122,1.0125444615022157,5899.3076,48,5899.3076,4.3520145,0.014294,305.02383,48
2M18583787+6927056,284.657833,69.451561,,,1.0365567227712311,1.0274096613726929,6044.3594,48,6044.3594,4.4205575,0.076125,296.93735,48
2M16090213+6810010,242.258908,68.166969,,,1.2012444980705013,1.034908188100725,6118.0625,48,6118.0625,4.295639,-0.063599,213.2177,48
2M19061063+7353273,286.544298,73.890938,,,1.067102002799168,0.9953100057987274,5732.906,48,5732.906,4.3815465,0.13521,200.78807,48
2M17251745+5819184,261.322733,58.3218,,,1.2068627247798742,0.8665931418022711,4551.3086,48,4551.3086,4.2144995,-0.28749,249.42355,48
2M17261141+5915033,261.547551,59.250927,,,0.869091606871713,0.9233271619912546,5058.6763,48,5058.6763,4.5272245,-0.30097,308.67026,48
2M17262187+5918493,261.59113,59.313717,,,0.8627872456789325,0.9306147524947797,5125.396,48,5125.396,4.5369625,-0.12326,194.02206,48
2M17242225+5813394,261.092722,58.227619,,,1.7825044535396233,0.9929195166542611,5709.976,48,5709.976,3.9348528,0.11521,220.13927,48
2M17245140+5839001,261.214185,58.650032,,,1.3922263916762319,0.9954483346453451,5734.234,48,5734.234,4.150599,0.2206,152.21611,48
2M17245895+5847285,261.245649,58.791271,,,1.3544574817951511,1.0225615370625858,5996.8975,48,5996.8975,4.1861587,-0.074389,297.77548,48
2M17251533+5835085,261.313885,58.585705,,,1.145814775106351,0.9806924599043683,5593.2676,48,5593.2676,4.313304,0.028642,215.39537,48
2M17245140+5839001,261.214185,58.650032,,,1.4372217483782932,0.9903268658315166,5685.1484,48,5685.1484,4.120731,0.20494,158.3385,48
2M17244007+5900207,261.166972,59.005753,,,0.8946105906792869,0.935962546530213,5174.5786,48,5174.5786,4.5079904,0.15091,190.8036,48
2M19013022+6939227,285.375951,69.656311,,,1.6651735149551519,0.9905759722804681,5687.532,48,5687.532,3.9929688,-0.087046,162.72003,48
2M17244007+5900207,261.166972,59.005753,,,0.8741357063028348,0.9361161136052929,5175.9937,48,5175.9937,4.528172,0.28435,165.97241,48
2M17241328+5841552,261.055374,58.698669,,,1.4039836301589241,1.078035563930223,6548.8647,48,6548.8647,4.177909,-0.2766,419.38864,48
2M19044557+6934290,286.189903,69.574738,,,1.635205646779168,1.0119879851700877,5893.905,48,5893.905,4.0180306,-0.069028,173.38533,48
2M19050474+6636014,286.269789,66.600403,,,0.9168602580202725,0.977862511121958,5566.393,48,5566.393,4.5056715,0.16276,244.88669,48
2M16054191+6740309,241.424638,67.67527,,,0.8740185080393458,0.9075890730228559,4915.786,48,4915.786,4.514848,0.1751,187.52821,48
2M16060016+6946475,241.50069,69.779877,,,1.2441461486122114,1.033876821511487,6107.904,48,6107.904,4.264726,-0.15404,296.36127,48
2M17262187+5918493,261.59113,59.313717,,,0.8495919787372458,0.9378228430950035,5191.7314,48,5191.7314,4.5537,-0.10663,191.40207,48
2M16042252+6747320,241.093862,67.792236,,,1.95709185597815,1.0287968348204626,6057.967,48,6057.967,3.8691072,0.10329,528.2746,48
2M17283668+5536001,262.152841,55.600033,,,1.3744531463838878,1.0339960497835277,6109.078,48,6109.078,4.178259,0.017783,404.4674,48
2M17291306+5955202,262.304458,59.922283,,,1.5100094286929413,1.0018306588241122,5795.64,48,5795.64,4.082835,0.26558,448.14734,48
2M17275616+5934266,261.98404,59.574062,,,0.9046596540533687,0.9564988324200266,5365.188,48,5365.188,4.507714,-0.22259,152.59622,48
2M17291306+5955202,262.304458,59.922283,,,1.5819953284598254,0.9980817014642038,5759.5386,48,5759.5386,4.0407557,0.25071,566.2049,48
2M17275028+5931041,261.959523,59.517818,,,1.0637480129318115,1.0058009087484518,5833.9707,48,5833.9707,4.3888345,0.03489,189.18442,48
2M17280413+5936483,262.017219,59.61343,,,1.4487626357955992,1.0179343589673535,5951.7383,48,5951.7383,4.1257253,0.19164,265.34985,48
2M17271221+5843581,261.800899,58.73283,,,0.9940068801291099,0.9329407881817245,5146.765,48,5146.765,4.4150753,-0.45546,177.66273,48
2M16551809+5953166,253.825396,59.887966,,,1.5250391697541277,0.9969123974695497,5748.297,48,5748.297,4.072095,-0.029916,328.21088,48
2M16552201+6023233,253.841721,60.389828,,,1.1307798969671152,0.9883183478101771,5665.9443,48,5665.9443,4.3281407,0.1232,235.12552,48
2M16535786+5926009,253.491122,59.433598,,,0.9550300708283058,0.980802790225313,5594.3164,48,5594.3164,4.4715476,0.13901,205.04152,48
2M16532660+5915525,253.360849,59.264584,,,1.2550400001950692,1.0760080871241207,6528.35,48,6528.35,4.2745004,-0.035629,231.38063,48
2M16542042+6011197,253.58511,60.188812,,,1.3338266654990325,1.027140351490877,6041.719,48,6041.719,4.201431,-0.49344,225.11188,48
2M16274514+6254443,246.938103,62.912312,,,1.166117072159541,0.9986690875593098,5765.189,48,5765.189,4.3059373,-0.12038,263.17264,48
2M16310514+6405139,247.771457,64.087204,,,1.156711793004918,0.9781530798919736,5569.15,48,5569.15,4.3039565,-0.069143,363.90906,48
2M18124368+5620498,273.182041,56.347172,,,1.2731363326601206,1.0115545883464137,5889.6987,48,5889.6987,4.2352395,-0.17314,275.43387,48
2M16340264+7351244,248.511023,73.856789,,,1.0239836905685853,1.0536019821529163,6303.356,48,6303.356,4.4420905,0.0008759501,237.92177,48
2M18090737+5754484,272.280718,57.913445,,,1.1475218144545063,1.0075460401593765,5850.851,48,5850.851,4.323743,-0.050196,285.23428,48
2M18092888+5748001,272.370349,57.800045,,,1.828184650783017,0.9640627810892444,5436.087,48,5436.087,3.9000652,-0.37523,250.54172,48
2M19424780+7110293,295.699175,71.17482,,,1.5878801514308716,1.048970899274761,6257.2466,47,6257.2466,4.059128,-0.19084,282.0611,47
2M18093533+7304549,272.397249,73.081924,,,1.2494127739567196,1.0517460356187776,6284.861,47,6284.861,4.268499,0.27756,330.12112,47
2M18093570+7442384,272.398773,74.710693,,,1.398980829749065,1.0406520085278557,6174.76,47,6174.76,4.165682,-0.26322,323.5487,47
2M16555802+5839345,253.99176,58.659607,,,0.7774509566118948,0.8915376832785891,4771.743,47,4771.743,4.6087937,-0.25276,207.33337,47
2M16560100+5904304,254.004175,59.075119,,,1.815624618235398,0.9657675868824447,5452.118,47,5452.118,3.9068205,-0.44053,209.93517,47
2M19413921+6537308,295.413398,65.625237,,,0.9133348642434433,0.9577101101480874,5376.5166,47,5376.5166,4.499974,0.13805,152.07162,47
2M19413845+6410090,295.410212,64.169174,,,1.729691473293053,1.0821278866500785,6590.3506,47,6590.3506,3.9983413,-0.15526,417.1471,47
2M19414257+6402255,295.427412,64.040421,,,1.1185603647998925,1.022594500686226,5997.2197,47,5997.2197,4.3523846,-0.52385,183.10384,47
2M19463814+6956555,296.658956,69.948776,,,1.051664625124832,0.9978529178078264,5757.3384,47,5757.3384,4.395312,0.060237,355.28674,47
2M16493842+5945537,252.410114,59.764931,,,1.330068431123724,1.003397400114132,5810.754,47,5810.754,4.193725,0.19882,200.11583,47
2M16502124+6442386,252.588527,64.710739,,,0.9024437311528528,0.9927083271573849,5707.952,47,5707.952,4.5259814,-0.57992,201.86156,47
2M19421661+6648096,295.569249,66.802673,,,1.134820063562355,0.9604549761785572,5402.2236,47,5402.2236,4.312623,0.0078888,319.68652,47
2M19424764+6403024,295.698505,64.05069,,,1.317456050107095,1.0178900577616539,5951.3066,47,5951.3066,4.2082286,-0.048356,297.11304,47
2M19422905+6611174,295.621048,66.188187,,,2.0407893121329774,0.9978906244929773,5757.701,47,5757.701,3.8194866,0.042116,150.14903,47
2M16553571+6101233,253.898822,61.023159,,,1.0512446761586995,0.9135274859448402,4969.51,47,4969.51,4.357314,-0.13806,383.66577,47
2M16553571+6101233,253.898822,61.023159,,,0.9646613598093086,0.9356765941920804,5171.944,47,5171.944,4.442376,-0.044247,368.67352,47
2M16553789+6448282,253.907915,64.807838,,,0.902302715071546,0.9635151069899461,5430.941,47,5430.941,4.513154,-0.55575,188.79155,47
2M16553804+5853021,253.908536,58.883926,,,1.467436574575463,0.9825319429693317,5610.764,47,5610.764,4.099228,-0.11578,267.9084,47
2M16560840+6105048,254.035023,61.084671,,,1.435424597785944,0.9954610419237785,5734.356,47,5734.356,4.1240635,-0.39602,222.75604,47
2M18032061+7123275,270.835913,71.390976,,,0.8519567353947111,0.9454300051776868,5262.109,47,5262.109,4.5547943,-0.0070615,215.39955,47
2M17540648+5635039,268.527019,56.584435,,,0.8921519036985134,0.9356560132751579,5171.7544,47,5171.7544,4.5102386,-0.0063171,213.12224,47
2M17533383+5816275,268.39097,58.274315,,,1.2495627322979728,1.0523885835099926,6291.2617,47,6291.2617,4.26866,0.040718,182.37047,47
2M17540648+5635039,268.527019,56.584435,,,0.8871461124171477,0.9430295627366032,5239.8604,47,5239.8604,4.518535,0.0033891,167.25426,47
2M16543871+5852103,253.661299,58.869537,,,1.4867874701088102,1.0373551917724484,6142.1914,47,6142.1914,4.1114297,-0.30248,237.56636,47
2M16555369+6030178,253.973733,60.504948,,,0.8110194027902484,0.8755444284950457,4629.931,47,4629.931,4.5642157,-0.22903,168.18895,47
2M19422553+6631497,295.6064,66.530479,,,1.3668709547402265,0.995945400259898,5739.007,47,5739.007,4.1667805,-0.61489,193.85371,47
2M19423246+6441427,295.635255,64.695221,,,2.026341390352963,1.0396810564608885,6165.161,47,6165.161,3.8434749,-0.48535,778.3358,47
2M19460256+6955090,296.510697,69.919167,,,1.4828129196790367,1.0941357858672487,6712.6846,47,6712.6846,4.1368985,-0.31057,545.06055,47
2M16504265+6035436,252.677711,60.595451,,,0.9407522392228486,0.9869947019478132,5653.3027,47,5653.3027,4.4873643,-0.29541,192.71402,47
2M19451875+6532565,296.328163,65.549042,,,1.0035025192313958,0.9467273730199609,5274.1494,47,5274.1494,4.413188,0.22446,152.5546,47
2M19450312+6910233,296.263011,69.173157,,,1.036544465569756,1.0595559003739115,6362.835,47,6362.835,4.433948,-0.25437,209.44135,47
2M19451747+7118201,296.322813,71.305603,,,1.2262178293275205,1.041309553971418,6181.264,47,6181.264,4.2804446,0.090056,390.33694,47
2M19443738+6650294,296.15576,66.841515,,,0.9283161858680209,0.9801294654803336,5587.917,47,5587.917,4.4958916,-0.086591,265.5059,47
2M16522722+5834274,253.11342,58.574295,,,0.8623849088409756,0.9337450146516778,5154.1616,47,5154.1616,4.538826,0.098779,215.066,47
2M16523001+6456502,253.125048,64.947289,,,1.331087809350449,1.0249911415046242,6020.664,47,6020.664,4.2023067,0.29096,359.2592,47
2M17271458+5933384,261.81075,59.56068,,,1.4356263842324475,0.9199280525767384,5027.6763,47,5027.6763,4.089671,-0.38554,398.65857,47
2M17285158+5654421,262.214939,56.911709,,,0.8018939530763783,0.8786827025666383,4657.623,47,4657.623,4.5755982,0.080851,343.21887,47
2M17285158+5654421,262.214939,56.911709,,,0.7949646729383855,0.878507875934098,4656.0786,47,4656.0786,4.58305,0.090009,154.70227,47
2M17290178+5917572,262.257445,59.299236,,,1.205232331660301,1.0283798230848835,6053.875,47,6053.875,4.290012,-0.21721,172.68564,47
2M17281763+5608518,262.073487,56.147747,,,1.2021666351320426,1.017994287207133,5952.3223,47,5952.3223,4.287816,0.099185,209.23969,47
2M19001848+6858533,285.077032,68.981491,,,2.0267275021414544,1.031281486962885,6082.371,47,6082.371,3.8397865,-0.18986,156.01357,47
2M19000547+7327415,285.022827,73.46154,,,1.3737829563867032,0.9891670657866902,5674.056,47,5674.056,4.1594334,-0.27036,190.51813,47
2M17285069+5954017,262.21123,59.90049,,,1.4488664381973133,0.9937650181332068,5718.082,47,5718.082,4.115227,0.21952,187.88754,47
2M16551027+6057103,253.792824,60.952888,,,0.896854943049988,0.9570429143503271,5370.2754,47,5370.2754,4.515487,-0.046902,168.12802,47
2M16533657+7429161,253.402387,74.487823,,,1.928964608349638,1.054111421472561,6308.4365,47,6308.4365,3.892238,0.069859,265.43826,47
2M17273105+5611057,261.879404,56.184937,,,1.4557193303392442,0.989101585405761,5673.43,47,5673.43,4.1090856,-0.13657,245.83792,47
2M17282725+5645347,262.113581,56.75964,,,1.979048415259441,1.0557629999887232,6324.9185,47,6324.9185,3.8706536,-0.4784,482.0887,47
2M17275642+5650548,261.985096,56.848583,,,1.1551927260791155,1.0149271987737374,5922.463,47,5922.463,4.321126,-0.23869,315.58008,47
2M17275642+5650548,261.985096,56.848583,,,1.1468913660859044,1.019950433024234,5971.3975,47,5971.3975,4.3295345,-0.21499,188.79453,47
2M17280282+5540402,262.011759,55.677845,,,1.191295106040956,1.0058963107548027,5834.893,47,5834.893,4.2905145,-0.11009,231.7726,47
2M17281511+6156363,262.062989,61.943432,,,1.2786644337411381,1.062449192431331,6391.8193,47,6391.8193,4.252795,-0.032733,247.43475,47
2M18321319+6021497,278.054979,60.363827,,,0.9886554054925538,0.9932941791088568,5713.5674,47,5713.5674,4.446988,0.024761,288.21524,47
2M16175024+7001442,244.459353,70.028961,,,1.1848553791539094,0.9848264158621466,5632.6187,47,5632.6187,4.286029,-0.066448,231.01364,47
2M18201906+6324024,275.079417,63.400692,,,1.1912615401432676,1.0306113990190673,6075.7856,47,6075.7856,4.3010807,0.11306,458.2767,47
2M18195762+6324547,274.990085,63.415195,,,1.611818258066558,1.0539017895988914,6306.3457,47,6306.3457,4.048168,-0.30032,186.33206,47
2M18214091+6325428,275.420475,63.428577,,,1.2885626822379854,1.07611949556962,6529.4766,47,6529.4766,4.2516494,0.057678,458.49536,47
2M18232844+6258337,275.868508,62.976051,,,1.5236191514543582,1.039043777762891,6158.864,47,6158.864,4.090881,-0.23363,237.80159,47
2M18215067+6315043,275.461135,63.251198,,,0.9408085888215353,0.9992831100882227,5771.098,47,5771.098,4.492686,-0.38799,291.89807,47
2M18152642+5756138,273.860094,57.937176,,,0.9086086111461659,0.9665129933685027,5459.1333,47,5459.1333,4.508454,-0.14757,180.54955,47
2M18391237+5744294,279.801542,57.74152,,,1.3097380074240152,1.0173239317783507,5945.791,47,5945.791,4.2130904,0.065617,207.62968,47
2M18255313+7614418,276.47141,76.244972,,,1.179851497365578,1.0417924268742833,6186.042,47,6186.042,4.3141265,-0.16172,174.08394,47
2M18270459+6221172,276.769128,62.354782,,,1.9013372310761352,1.048480372383239,6252.3706,47,6252.3706,3.902442,0.2094,346.2873,47
2M18265152+6239329,276.714684,62.659161,,,1.1131600214931003,1.0334224716798037,6103.431,47,6103.431,4.3611627,0.024635,223.85878,47
2M18284156+6221305,277.173195,62.358482,,,0.9630464115337146,0.9964670319285209,5744.0176,47,5744.0176,4.4711685,0.017703,321.53677,47
2M18301859+6111277,277.577495,61.19104,,,1.091440104719099,1.0183433122054242,5955.724,47,5955.724,4.3718944,0.06311,256.4472,47
2M18304816+6016277,277.700675,60.274384,,,0.924052601257755,0.9672247207102894,5465.835,47,5465.835,4.494134,-0.097249,256.40787,47
2M18305580+6004469,277.732529,60.079704,,,1.0167173691429008,1.0123588547230964,5897.5054,47,5897.5054,4.430934,0.044144,150.10782,47
2M17273428+5619523,261.892838,56.331196,,,1.3031987037056019,1.0682492058126043,6450.081,47,6450.081,4.2386513,0.056284,250.17296,47
2M17273428+5619523,261.892838,56.331196,,,1.764429696702446,1.0537847694762994,6305.1787,47,6305.1787,3.9695432,-0.018467,273.60416,47
2M17273646+5638597,261.901949,56.649933,,,2.0454797916168355,1.0560042995878594,6327.328,47,6327.328,3.8420753,-0.21251,205.36691,47
2M17273646+5638597,261.901949,56.649933,,,2.0868736743347287,1.0549535090178628,6316.838,47,6316.838,3.824241,-0.25766,178.15639,47
2M16071735+6612156,241.822303,66.204361,,,1.2760483463207124,1.0503239245868328,6270.704,47,6270.704,4.249589,-0.11686,179.07433,47
2M16070243+6936212,241.760162,69.605896,,,1.4536785009671946,1.0641276674827491,6408.658,47,6408.658,4.142057,0.10636,173.57565,47
2M16065867+6813468,241.744488,68.229668,,,1.9794342203919986,1.0275658158837182,6045.8906,47,6045.8906,3.8587275,0.15621,268.9918,47
2M17241375+5614342,261.057301,56.242836,,,1.0874482085882438,0.9894188140772409,5676.463,47,5676.463,4.362563,-0.32438,210.2849,47
2M17264927+5938535,261.705303,59.648205,,,1.7986522572632306,1.0606327038022236,6373.616,47,6373.616,3.9556706,-0.19601,225.79253,47
2M17254734+5732391,261.447251,57.544205,,,1.362958585189429,1.00016883785013,5779.626,47,5779.626,4.171108,0.012412,336.987,47
2M16265071+6217530,246.711325,62.298069,,,1.5087721944597605,1.0220669464951895,5992.064,47,5992.064,4.092232,-0.39814,299.1484,47
2M16264702+6537469,246.69594,65.629715,,,0.8306646758404047,0.9245027020648435,5069.415,47,5069.415,4.5670567,-0.052465,163.62004,47
2M16265728+6703234,246.738684,67.056503,,,1.00687128746124,0.9829171503112252,5614.4307,47,5614.4307,4.426569,-0.079239,150.4146,47
2M17264599+5611346,261.691656,56.192966,,,1.2489490460975712,1.0277143988555848,6047.3477,47,6047.3477,4.258783,-0.1688,337.92148,47
2M19010334+6946280,285.263928,69.77446,,,0.8733462990112217,0.95332277467306,5335.529,47,5335.529,4.536867,-0.51278,155.70648,47
2M17264927+5938535,261.705303,59.648205,,,1.7240422247815812,1.0704860113312662,6472.6064,47,6472.6064,3.9964852,-0.15045,190.0258,47
2M17253677+5812493,261.403247,58.213711,,,0.9067435059358385,0.9596847811154966,5395.0054,47,5395.0054,4.5071597,-0.26509,220.37657,47
2M17255609+5718360,261.483713,57.310001,,,0.9710659086753369,0.9734427504344808,5524.5244,47,5524.5244,4.453813,-0.019277,469.338,47
2M17255728+5926501,261.48869,59.447269,,,1.2267072605855966,1.0414683384043244,6182.835,47,6182.835,4.2801642,0.046758,198.32541,47
2M17263867+5733444,261.661137,57.562359,,,1.0983642879645898,1.0130568273423775,5904.2837,47,5904.2837,4.364141,-0.10357,212.45631,47
2M17261235+5727207,261.551493,57.455772,,,0.93923744171671,0.9833062370789302,5618.1353,47,5618.1353,4.487138,-0.19803,199.81612,47
2M17261381+5725394,261.557558,57.427612,,,1.393949695545939,1.0214502115309803,5986.039,47,5986.039,4.160723,-0.11997,397.0813,47
2M17261871+5602132,261.57796,56.03701,,,0.8941494523468847,0.9429924807643544,5239.517,47,5239.517,4.511688,-0.26173,157.97508,47
2M17264599+5611346,261.691656,56.192966,,,1.2566899149530915,1.0240125038510397,6011.0864,47,6011.0864,4.251849,-0.19604,177.16722,47
2M20034463+7031348,300.935976,70.526352,,,1.4485574676610489,1.055225940101831,6319.557,47,6319.557,4.141474,-0.12728,175.35277,47
2M20031859+6928525,300.827462,69.481262,,,1.2865786743921812,1.0118389587625547,5892.4585,47,5892.4585,4.2262387,-0.29406,171.93262,47
2M20031859+6928525,300.827462,69.481262,,,1.1647351534731987,1.019339765148365,5965.44,47,5965.44,4.3158646,-0.27177,165.5618,47
2M20035059+7043520,300.960811,70.731125,,,1.7623118615067546,1.0449096226268808,6216.922,47,6216.922,3.9669132,0.068058,213.0332,47
2M17253297+5658354,261.387407,56.976509,,,0.8915068355853731,0.9700272952884316,5492.2563,47,5492.2563,4.5265346,0.03484,199.7113,47
2M16041955+7006492,241.081473,70.113693,,,0.8823527094773218,0.9390969872413879,5203.4927,47,5203.4927,4.521426,0.12802,166.42186,47
2M17264887+5714039,261.703642,57.234417,,,1.8878584141138786,0.9426312640230127,5236.1724,47,5236.1724,3.862403,-0.45332,219.84525,47
2M17264927+5938535,261.705303,59.648205,,,1.751629062940037,1.0665079195814817,6432.5674,47,6432.5674,3.9810798,-0.14446,204.00446,47
2M17285158+5654421,262.214939,56.911709,,,0.7998575654060468,0.8778702141803336,4650.4473,47,4650.4473,4.577405,0.071994,259.19086,47
2M18593463+6917131,284.894296,69.286987,,,0.930759768007871,0.9712962351695287,5504.236,47,5504.236,4.4896765,0.091347,313.3389,47
2M18593463+6917131,284.894296,69.286987,,,0.9314687520873216,0.9722458106275956,5513.2075,47,5513.2075,4.4894395,0.10527,238.25052,47
2M17294080+5713476,262.420012,57.229904,,,0.9564732115959066,0.980362345253344,5590.13,47,5590.13,4.470041,0.076837,206.39009,47
2M17300425+5902254,262.517722,59.040401,,,1.669384437888524,0.9983003452872121,5761.6416,47,5761.6416,3.9941485,0.079164,158.17017,47
2M17300434+5707101,262.518089,57.119492,,,1.740207722042063,1.011670958115217,5890.828,47,5890.828,3.9638371,0.016173,150.72932,47
2M17295429+5540400,262.476239,55.677784,,,1.3017341922159478,1.006254011983982,5838.3516,47,5838.3516,4.213663,0.28691,284.53003,47
2M17300158+5936327,262.506607,59.609089,,,1.472908066935894,1.0451677041856655,6219.4814,47,6219.4814,4.1228347,-0.061941,279.68115,47
2M20005411+7058100,300.225487,70.969452,,,0.933017725578617,0.9619041295394564,5415.8154,47,5415.8154,4.483352,0.10074,531.0064,47
2M20015186+7043121,300.466112,70.720039,,,0.8804334469565711,0.9445121857095529,5253.5977,47,5253.5977,4.5258145,0.053421,175.52153,47
2M17222248+5833207,260.593706,58.555756,,,0.7736980844469538,0.8712958454752541,4592.547,47,4592.547,4.6030226,-0.16376,195.53728,47
2M17222248+5833207,260.593706,58.555756,,,0.7881336294856671,0.869900776080919,4580.298,47,4580.298,4.58627,-0.15108,198.85464,47
2M17222833+6105104,260.618072,61.086239,,,0.9414026049554861,0.9734727329824495,5524.808,47,5524.808,4.480773,-0.073854,153.2551,47
2M17223989+5731102,260.666209,57.519501,,,0.9468278766455434,0.9788309026867659,5575.5835,47,5575.5835,4.4781656,0.19505,274.07043,47
2M19072969+6643537,286.873736,66.731598,,,0.9703210772400334,1.009587419993754,5870.6216,47,5870.6216,4.470313,-0.019456,493.27213,47
2M19073726+6225389,286.90526,62.427479,,,0.961337732722039,0.9744105503572912,5533.6816,47,5533.6816,4.46299,-0.31477,228.22197,47
2M19025348+7342008,285.722863,73.700233,,,1.0391853184786817,1.0233919697385934,6005.0166,47,6005.0166,4.416656,0.038833994,290.91223,47
2M17252413+5657097,261.350551,56.952705,,,0.8199572369186002,0.9230440062859598,5056.091,47,5056.091,4.57764,-0.80141,170.7866,47
2M16200527+6824566,245.021997,68.415741,,,0.9064499651205029,0.9811243925088848,5597.374,47,5597.374,4.5170364,-0.0589,253.1812,47
2M17253297+5658354,261.387407,56.976509,,,0.898193031345566,0.9650289956105231,5445.1704,47,5445.1704,4.517801,0.0077181,472.65042,47
2M17260221+5910428,261.50921,59.178574,,,1.9744570188884059,1.0290668030678374,6060.6167,47,6060.6167,3.8615482,-0.53027,157.21147,47
2M17260270+5552596,261.51126,55.883247,,,0.8625331372171665,0.9401870781870254,5213.5635,47,5213.5635,4.5416627,0.0055552,254.57518,47
2M17255420+5604329,261.475849,56.075821,,,0.8370013176915082,0.8737365097272728,4614.008,47,4614.008,4.5359282,0.16168,305.79407,47
2M19033731+7412583,285.905463,74.216202,,,1.4433438332490096,1.0066310030546282,5841.9976,47,5841.9976,4.1241307,0.052975,332.48737,47
2M19043190+7408595,286.132926,74.149879,,,0.8004611984945009,0.8824692265287544,4691.123,47,4691.123,4.579019,0.087176,241.92978,47
2M17243385+5805526,261.141043,58.097965,,,1.0880318014545785,0.9993466905327061,5771.71,47,5771.71,4.366433,-0.12165,150.35129,47
2M19040297+6905270,286.012404,69.090858,,,1.1875803592512884,1.0003166851590928,5781.05,47,5781.05,4.2908115,-0.20198,186.0559,47
2M19040297+6905270,286.012404,69.090858,,,1.1494187851499942,1.0033918778174173,5810.7007,47,5810.7007,4.320514,-0.20453,309.79514,47
2M19043076+7457267,286.128208,74.95742,,,1.8528506846805193,1.017206073652186,5944.643,47,5944.643,3.9117281,-0.072744,225.89038,47
2M17243667+5704407,261.152792,57.07798,,,1.2505678938997122,1.00214958162921,5798.7153,47,5798.7153,4.246718,-0.15782,371.93765,47
2M17253677+5812493,261.403247,58.213711,,,0.8987757736207027,0.9634999913927778,5430.799,47,5430.799,4.516549,-0.2196,191.56871,47
2M17252617+5700540,261.359076,57.015026,,,0.8220112504590624,0.9057973027162745,4899.622,47,4899.622,4.5672755,0.024295,319.44327,47
2M17240245+6313224,261.010237,63.222893,,,1.1055752456561694,1.0285376934245718,6055.424,47,6055.424,4.3650436,0.051128,217.67104,47
2M20001050+7026284,300.043777,70.441246,,,1.4716125851743713,1.048021003530824,6247.8057,47,6247.8057,4.124783,-0.31903,165.38826,47
2M20003327+7053110,300.138625,70.886414,,,0.9363335731844026,0.9655945179974471,5450.4897,47,5450.4897,4.4819336,-0.19101,237.71292,47
2M20011479+7050569,300.311649,70.849159,,,1.4183739688821615,1.0612372958265373,6379.6724,47,6379.6724,4.162231,0.11258,263.6959,47
2M20004306+7039277,300.179458,70.657707,,,1.2936691607027069,0.9738580321699191,5528.453,47,5528.453,4.2048492,0.18788,161.39128,47
2M17232567+5724009,260.856989,57.400276,,,1.8567404259613007,0.94684390179996,5275.2314,47,5275.2314,3.878776,0.20064,287.2874,47
2M17231957+6113292,260.831553,61.224792,,,0.9664097941788603,0.9569883379326275,5369.765,47,5369.765,4.450584,0.13487,195.16496,47
2M17240339+6110032,261.014155,61.167557,,,0.7842705560663722,0.8610766670345092,4503.124,47,4503.124,4.58611,-0.091855,191.22905,47
2M17273893+5552540,261.912224,55.881672,,,0.9261696277748861,0.9810611315218986,5596.7725,47,5596.7725,4.498315,-0.1987,161.77216,47
2M17272460+5644487,261.852515,56.746868,,,0.9715975380428756,0.9808671983524408,5594.9287,47,5594.9287,4.4566374,-0.13965,158.62503,47
2M17233998+5743357,260.916586,57.726604,,,0.8922075803995274,0.9636155897582789,5431.885,47,5431.885,4.522972,-0.14596,258.57114,47
2M17234126+5614203,260.921934,56.238998,,,0.8031259449224084,0.899090299464788,4839.3057,47,4839.3057,4.584236,-0.083635,232.7866,47
2M17232296+5621409,260.845706,56.361385,,,1.5156888373487494,1.0676849090167084,6444.4033,47,6444.4033,4.107223,-0.19577,193.74353,47
2M17232296+5621409,260.845706,56.361385,,,1.4032578249554863,1.0673789783847198,6441.326,47,6441.326,4.1740437,-0.23848,257.23587,47
2M19065673+7407331,286.736387,74.12587,,,1.7021411804871436,1.0659066157626074,6426.524,47,6426.524,4.005728,0.017694,482.3288,47
2M19064433+7154144,286.684741,71.904015,,,0.8982006041798222,0.9676842793482112,5470.164,47,5470.164,4.518987,0.071768,176.9141,47
2M17292303+5632368,262.345988,56.543568,,,1.127216031753151,1.0423181823719108,6191.246,47,6191.246,4.353986,-0.056442,270.6747,47
2M16394176+7115103,249.924008,71.252869,,,0.9556382382411622,0.9828314336549857,5613.6147,47,5613.6147,4.471892,-0.028635,174.90788,47
2M16393436+6558117,249.893168,65.969925,,,1.054451567248417,0.9943721982030297,5723.906,47,5723.906,4.3914957,0.20892,157.87877,47
2M16392400+6547297,249.850025,65.791588,,,0.9542770331530562,0.9994404979305175,5772.613,47,5772.613,4.480408,-0.36799,213.85652,47
2M16083079+6817446,242.128305,68.295746,,,1.0835426289659074,0.9605500616149271,5403.115,47,5403.115,4.352828,-0.64999,191.97585,47
2M17282725+5645347,262.113581,56.75964,,,1.932334703613096,1.0537544150269458,6304.876,47,6304.876,3.8905747,-0.50029,630.26013,47
2M17280563+5644557,262.023493,56.748817,,,1.152584999446244,0.9776421695597617,5564.3027,47,5564.3027,4.306834,0.31189,231.15358,47
2M17271141+5726328,261.797583,57.442459,,,1.2273217886155598,1.0103119470808233,5877.645,47,5877.645,4.2665386,0.092568,245.42853,47
2M16394980+6548569,249.957541,65.815819,,,1.9701835442740143,1.0381754976173447,6150.2886,47,6150.2886,3.8672574,-0.21979,510.07788,47
2M18584071+6142089,284.669649,61.702477,,,0.9918832695751381,1.0082075140712614,5857.2544,47,5857.2544,4.4506288,0.10774,230.68497,47
2M17294790+5925506,262.449611,59.430729,,,1.4725953979424715,0.976357525036798,5552.122,47,5552.122,4.093442,-0.39324,157.37593,47
2M18591768+5928455,284.823686,59.479313,,,1.5570798110957553,1.037125105939546,6139.921,47,6139.921,4.0712094,0.11088,462.7053,47
2M18594539+6321317,284.939141,63.358822,,,1.7400459385314535,0.9753184241215722,5542.2773,47,5542.2773,3.948025,-0.1834,476.5528,47
2M17312701+6008414,262.862548,60.144852,,,1.5910191602638546,0.9818130934864587,5603.924,47,5603.924,4.028678,0.20868,248.16913,47
2M17313322+6030103,262.888453,60.502869,,,1.2967395269973685,1.0649384269363475,6416.798,47,6416.798,4.241619,0.015904,188.75421,47
2M17312385+5652526,262.849413,56.881279,,,1.6259360115333146,0.9971725159971799,5750.797,47,5750.797,4.0165634,-0.017293,173.27463,47
2M17191022+6216315,259.792613,62.275425,,,0.9179903447111708,0.9691116775902486,5483.6187,47,5483.6187,4.5006976,0.14457,155.99919,47
2M17190459+5724151,259.769134,57.404198,,,1.0490923978556672,0.965493779260205,5449.542,47,5449.542,4.383122,-0.05235,237.68956,47
2M19111037+6514443,287.793247,65.245651,,,0.9070389259306022,0.9690492522110127,5483.03,47,5483.03,4.511094,-0.39014,532.98346,47
2M17191648+5735149,259.818683,57.58749,,,1.9569679064385863,1.0966357682828745,6738.267,47,6738.267,3.896895,0.07832,490.58633,47
2M17191648+5735149,259.818683,57.58749,,,2.124155394051024,1.0901445033660053,6671.9224,47,6671.9224,3.8231115,-0.074936,165.66515,47
2M17191648+5735149,259.818683,57.58749,,,2.0533406158267336,1.0896175647086803,6666.5483,47,6666.5483,3.8523521,0.018385991,297.63464,47
2M17191781+5717098,259.824241,57.286072,,,1.541797731689795,0.9823275059181837,5608.8184,47,5608.8184,4.0562015,0.28535,282.34674,47
2M19103310+6616062,287.637956,66.26841,,,0.9174832591443058,0.9867867224711204,5651.3174,47,5651.3174,4.509027,-0.17242,233.71278,47
2M19080350+5800407,287.014609,58.011311,,,1.8826424341065149,1.0486647906119198,6254.2036,47,6254.2036,3.911101,-0.0084622055,152.01299,47
2M19574348+7011560,299.431176,70.198914,,,1.2121969897900993,1.024285683054403,6013.7593,47,6013.7593,4.2832747,-0.37388,180.62836,47
2M19575906+6804262,299.496091,68.073959,,,1.0427344671156202,1.0076749404684846,5852.0986,47,5852.0986,4.406973,0.10804,253.29886,47
2M19575906+6804262,299.496091,68.073959,,,1.0325821296587878,1.0108697703826375,5883.0547,47,5883.0547,4.416846,0.12373,283.86975,47
2M16412451+6555113,250.352154,65.919807,,,1.880439122019614,1.0094649772665285,5869.435,47,5869.435,3.8955727,-0.41811,288.15,47
2M17184233+7410334,259.6764,74.175964,,,1.9331963084701176,1.0542961347711555,6310.279,47,6310.279,3.8904107,0.040286,244.18645,47
2M17185684+5745341,259.736844,57.759491,,,1.542764578093024,0.9943844351772775,5724.0234,47,5724.0234,4.060955,-0.074412,154.893,47
2M17185762+5716298,259.740104,57.274963,,,1.0034062992221218,1.0163952956385907,5936.748,47,5936.748,4.444109,-0.4379,285.18277,47
2M19091243+6243318,287.301808,62.725506,,,1.3652581357172513,1.0397514781427837,6165.857,47,6165.857,4.1865,-0.26531,259.31116,47
2M19595987+7040269,299.999486,70.674164,,,2.0473997356867355,1.067743129924592,6444.989,47,6444.989,3.8460615,-0.34926,184.78331,47
2M17220566+5827227,260.523618,58.456329,,,1.906582082489063,0.9981810360488412,5760.494,47,5760.494,3.8786983,-0.29913,222.31796,47
2M17220794+6055232,260.533116,60.92313,,,1.2348531263153975,1.047400100374738,6241.6377,47,6241.6377,4.276882,0.083022,183.30598,47
2M17215759+5746546,260.489983,57.78186,,,2.0168486580212446,0.9418989677953992,5229.3945,47,5229.3945,3.8046577,0.048697,162.42009,47
2M17221174+6100155,260.548942,61.004311,,,1.2382553587912202,0.9751634884771843,5540.81,47,5540.81,4.243457,-0.46899,168.61855,47
2M17221518+5716420,260.563285,57.278339,,,1.7878155042656911,1.0658328426182913,6425.7827,47,6425.7827,3.9630437,-0.38513,416.10022,47
2M19074735+6458355,286.947319,64.97654,,,1.0274958537583978,1.0045467573350944,5821.8516,47,5821.8516,4.41841,0.13566,208.98662,47
2M17240426+6108049,261.017751,61.134701,,,1.5264130858039964,1.051813307256476,6285.531,47,6285.531,4.0945945,-0.29099,229.56734,47
2M17204881+5718447,260.203409,57.312435,,,0.9293070459397211,0.9757349467988071,5546.2227,47,5546.2227,4.4930134,-0.11884,237.25932,47
2M17205075+6036157,260.211459,60.604385,,,1.9061225634896288,1.0650972039238036,6418.3926,47,6418.3926,3.9070876,-0.21865,171.37828,47
2M17205994+7102596,260.249772,71.049896,,,0.8999753164048475,0.9644910377458028,5440.1123,47,5440.1123,4.515837,-0.17854,156.21375,47
2M17210225+6215480,260.259385,62.263344,,,1.3433667465494783,1.0556272371555266,6323.563,47,6323.563,4.2071214,-0.23757,199.6531,47
2M19083996+6638599,287.166507,66.649986,,,0.9380216496748294,0.9868876725889181,5652.281,47,5652.281,4.489842,-0.040889,361.4204,47
2M19075257+6500102,286.969068,65.002838,,,0.8294750503334166,0.9109097590968782,4945.799,47,4945.799,4.5618687,0.033829,463.5989,47
2M19084226+5737233,287.17609,57.623161,,,1.06548936751736,1.0014420898731726,5791.894,47,5791.894,4.3855276,0.16229,312.19366,47
2M17323092+5804447,263.128862,58.079105,,,1.1487879049311558,1.0226539705095787,5997.801,47,5997.801,4.329249,0.2949,176.13057,47
2M17323426+6046578,263.142766,60.782742,,,1.9711131146895853,1.0902284099842259,6672.7783,47,6672.7783,3.8880944,0.20311,398.14075,47
2M17315450+5948127,262.977108,59.803535,,,0.8649221746736885,0.9401203707563962,5212.947,47,5212.947,4.5392294,-0.034,359.59323,47
2M20033284+7045399,300.886866,70.761093,,,1.0410454307015646,1.001607031307909,5793.484,47,5793.484,4.405758,-0.12841,319.3444,47
2M20032911+7016193,300.871299,70.272034,,,1.2020224319170363,1.0328697182389424,6097.991,47,6097.991,4.2942204,-0.04586,236.80438,47
2M17330553+5739485,263.273054,57.663483,,,0.9164985619329367,0.9583679372235453,5382.673,47,5382.673,4.4972687,0.19773,151.90514,47
2M17330796+5951436,263.283185,59.862114,,,0.9370917753299207,0.9820695654202481,5606.364,47,5606.364,4.488578,-0.14906,254.39456,47
2M17323763+5947331,263.156796,59.792534,,,1.9091198900507043,1.028358174530149,6053.6626,47,6053.6626,3.890478,-0.092413,229.92418,47
2M17323919+5639061,263.163328,56.651718,,,1.3178547336800828,0.9843058851716237,5627.6577,47,5627.6577,4.193395,-0.080469,202.54698,47
2M18572983+5928178,284.374327,59.471634,,,1.2979985586375085,1.0113032907051096,5887.2603,47,5887.2603,4.218333,-0.057986,176.10371,47
2M17323730+7010022,263.155454,70.167297,,,1.0619797372941373,0.9647554949615696,5442.5986,47,5442.5986,4.3721848,0.33479,232.8231,47
2M17301013+7031586,262.542238,70.532951,,,0.9833910959161971,1.0329301242768374,6098.5854,47,6098.5854,4.4686184,-0.086723,153.77716,47
2M17301063+5925362,262.544314,59.426723,,,1.8180002198581526,0.9452714972379451,5260.6387,47,5260.6387,3.8963687,-0.0487,174.84918,47
2M17301275+5723105,262.553161,57.386276,,,0.9659195572561716,0.9589278211336821,5387.915,47,5387.915,4.451904,0.24921,189.19197,47
2M18572983+5928178,284.374327,59.471634,,,1.2768341146985347,1.013275298141735,5906.406,47,5906.406,4.2334585,-0.059013,239.82368,47
2M16095614+6830249,242.483947,68.506943,,,2.073803281604655,1.0820579364393978,6589.6406,47,6589.6406,3.8407154,0.11829,379.8361,47
2M19093126+5736001,287.380256,57.600044,,,1.9690637892766747,1.0379336003532358,6147.9004,47,6147.9004,3.86765,-0.28664,157.30647,47
2M16202180+6531183,245.090873,65.521767,,,1.3994234584413972,1.0160558937686444,5933.4443,47,5933.4443,4.1550193,0.040984,513.8447,47
2M19585179+7013237,299.715799,70.223274,,,2.0120657699415063,1.0428651279688845,6196.6616,47,6196.6616,3.8509438,-0.20813,182.72809,47
2M19583285+7034150,299.636915,70.570854,,,1.3796149245975582,1.0745354992743699,6513.466,47,6513.466,4.191705,-0.039931,163.74991,47
2M19585996+7038247,299.749864,70.640213,,,1.4542111706893908,1.0686117687405252,6453.73,47,6453.73,4.143565,-0.09254,264.62158,47
2M17180471+6005118,259.519649,60.086624,,,0.8391055735537253,0.9356754001597883,5171.933,47,5171.933,4.563492,-0.26128,279.40433,47
